name,brand,brand_type,aisle,nutriscore,nova,kcal,sugar,salt,satfat,protein,fibre,additives,scans
Abbott's Village Bakery Grainy Wholemeal,Abbott's,Name brand,Bread,A,4,241.0,3.2,0.4,0.5,9.9,6.9,,74
Weet-Bix,Sanitarium,Name brand,Breakfast cereals,A,3,355.0,3.3,0.69,0.3,12.4,11.0,,68
Corn Thins Original,Real Foods,Name brand,Biscuits & cakes,A,3,383.0,0.6,0.65,0.6,10.0,7.2,,67
Vegemite,Bega,Name brand,Spreads,D,4,,2.4,8.25,1.0,25.9,8.4,1,61
VitaWeat 9 Grains,Arnott's,Name brand,Chips & salty snacks,C,3,411.0,1.7,1.06,1.3,11.8,13.4,,37
Vegemite,Bega Cheese,Name brand,Spreads,C,4,,2.4,8.25,1.0,25.9,8.4,1,34
Weet-Bix,Sanitarium,Name brand,Breakfast cereals,A,3,355.0,2.9,0.68,0.3,12.3,12.9,,30
Weet-Bix,Sanitarium,Name brand,Breakfast cereals,A,3,355.0,3.0,0.28,0.3,12.4,12.9,,29
So Good Unsweetened Almond Milk,Sanitarium,Name brand,Milk & alternatives,B,4,16.0,0.0,0.09,0.1,0.6,0.3,4,27
TimTam (Original),Arnotts,Name brand,Biscuits & cakes,E,4,524.0,45.9,0.4,15.3,4.4,1.6,4,25
Nuttelex with Olive Oil,Nuttelex,Name brand,Spreads,D,4,,0.0,0.85,17.8,0.0,,3,25
Bonsoy Soy Milk,Spiral Foods,Name brand,Milk & alternatives,B,3,58.0,2.2,0.12,0.3,4.1,1.4,,22
Jatz original,Arnotts,Name brand,Chips & salty snacks,D,4,467.0,6.0,1.23,4.0,7.6,3.2,3,21
All-Bran Original,Kellogg's,Name brand,Breakfast cereals,C,3,,15.7,0.82,0.9,14.1,28.0,,21
Farmers Union Greek Style Natural Yogurt,Farmers Union,Name brand,Yoghurt,C,3,127.0,5.2,0.1,6.5,4.8,0.0,,20
Natural Light Greek Yogurt,Chobani,Name brand,Yoghurt,A,1,56.0,3.3,0.08,0.1,9.3,,,20
Vegemite,Vegemite,Name brand,Spreads,D,4,,2.4,3.3,1.0,26.0,1.0,1,19
Gluten Free Weet-Bix,Sanitarium,Name brand,Breakfast cereals,A,4,378.0,2.2,0.2,0.6,12.3,6.8,1,19
Corn thins,Real Food,Name brand,Chips & salty snacks,A,3,389.0,0.6,0.65,0.6,10.6,6.7,,19
Oat milk unsweetened,Vitasoy,Name brand,Milk & alternatives,C,4,48.0,1.0,0.12,0.3,0.6,0.9,2,18
Chobani Greek Yogurt,Chobani,Name brand,Yoghurt,,3,86.0,,0.08,,8.6,,,17
Salada Original,Arnott's,Name brand,Chips & salty snacks,,3,428.0,,,,9.0,,,17
So Good Almond Milk (Original),Sanitarium,Name brand,Milk & alternatives,C,4,30.0,3.4,0.08,0.1,0.6,0.3,2,16
Nuttelex Buttery,Nuttelex,Name brand,Spreads,D,4,574.0,,0.85,16.9,0.0,,2,15
Vegemite 40% less salt,Vegemite,Name brand,Spreads,B,4,,2.0,1.98,1.0,26.3,12.5,2,15
Chick peas,Annalisa,Name brand,"Fruit, veg & legumes",A,3,123.0,0.2,0.3,0.5,5.8,4.7,,15
nutella,Ferrero,Name brand,Spreads,E,4,529.0,57.3,0.1,10.7,6.0,,1,14
Spreadable soft butter 500g,Western Star,Name brand,Spreads,E,4,617.0,0.0,1.2,28.0,0.0,,2,14
Sogood Soy Milk,Sanitarium,Name brand,Milk & alternatives,A,4,65.0,2.0,0.1,0.4,3.2,0.3,2,13
Farmers Union Greek Style Yogurt,Farmers Union,Name brand,Yoghurt,C,4,135.0,10.5,0.13,5.4,4.0,0.0,4,13
ARN SCOTCH FINGER,Arnotts,Name brand,Biscuits & cakes,E,3,487.0,18.4,1.23,12.3,5.6,,1,13
Weet-Bix Wheat Biscuits Multi Grain,Sanitarium,Name brand,Breakfast cereals,B,3,363.0,9.6,0.67,1.7,10.7,8.9,,13
Vegemite,Vegemite,Name brand,Spreads,C,4,174.0,2.4,8.25,1.0,25.9,8.4,2,13
"Vita Weat 100% natural, original",ARNOTTS,Name brand,Chips & salty snacks,C,3,,1.6,1.19,1.1,11.4,14.0,,12
Nutella,Ferrero Australia,Name brand,Spreads,E,4,529.0,56.0,0.1,10.7,6.0,,1,12
Pure Harvest Organic Natures Soy Milk Malt Free imp,Pureharvest,Name brand,Milk & alternatives,B,3,48.0,0.8,0.04,0.4,3.0,0.4,,12
Original Spread with Sunflower Oil,Nuttelex,Name brand,Spreads,C,4,,0.0,0.34,17.5,0.0,0.0,1,12
Calci-Plus Soy Milk,Vitasoy,Name brand,Milk & alternatives,A,3,64.0,2.8,0.15,0.4,3.2,0.6,,12
Dark Peanut Butter Crunchy,Mayver's,Name brand,Spreads,A,3,580.0,4.0,0.64,5.8,25.0,8.0,,12
Weet-bix Organic,Sanitarium,Name brand,Breakfast cereals,A,3,355.0,2.9,0.67,0.3,12.4,11.0,,12
Philadelphia,Philadelphia,Name brand,Cheese,D,3,225.0,2.9,0.88,15.2,4.9,,,11
Almond Milk Unsweetened,Vitasoy,Name brand,Milk & alternatives,B,4,25.0,0.1,0.11,0.3,0.7,1.0,2,11
Plus,Uncle Tobys,Name brand,Breakfast cereals,B,4,,20.9,0.52,0.4,7.0,11.3,2,11
Sultana bran,Kellogg's,Name brand,Breakfast cereals,C,,345.0,28.4,0.65,0.7,9.6,15.1,,11
Water Crackers imp,Captain's Table,Name brand,Biscuits & cakes,,4,,8.6,1.55,8.6,,,1,11
Traditional Wholemeal,Helga's,Name brand,Bread,A,4,233.0,2.3,0.35,1.0,8.1,5.4,3,11
Weet-Bix Wildberry Bites,Sanitarium,Name brand,Breakfast cereals,C,4,352.0,21.8,0.73,0.2,10.0,8.4,4,11
Crunchy Peanut Butter,Mayver's,Name brand,Spreads,C,3,581.0,4.0,0.64,6.5,25.0,6.5,,11
Shapes Originals Barbecue,arnott's,Name brand,Chips & salty snacks,D,4,490.0,0.8,1.72,5.2,7.6,3.6,5,11
Edgell Chick Peas,Edgell,Name brand,"Fruit, veg & legumes",A,3,571.0,0.5,0.53,0.3,7.2,6.0,,11
Meadowlea Original,Meadowlea,Name brand,Spreads,D,4,,0.1,1.48,15.7,1.0,0.0,5,11
Greek Style Yoghurt,Tamar Valley Dairy,Name brand,Yoghurt,C,3,129.0,5.7,0.19,6.4,5.0,,,11
Greek natural yogourt,Jalna,Name brand,Yoghurt,C,3,129.0,4.8,0.2,7.1,3.8,,,11
Pepsi Max,PepsiCola,Name brand,Soft drinks & juice,B,4,,0.0,0.01,0.0,0.1,0.0,6,10
BEGA PEANUT BTR SMTH 470GM,Bega,Name brand,Spreads,C,3,626.0,7.7,1.34,10.5,24.1,6.8,1,10
Cheese Supreme Corn Chips,Doritos,Name brand,Chips & salty snacks,D,4,518.0,2.4,0.19,13.1,8.9,0.0,2,10
Rolled Oats,Uncle Tobys,Name brand,Breakfast cereals,A,1,382.0,1.0,0.01,1.7,12.8,9.2,,10
Ginger Beer,Bunderberg,Name brand,Soft drinks & juice,E,4,44.0,10.6,0.01,0.1,0.1,,4,10
Traditional middle eastern hommus 1kg,Yummi's Classic Family Recipe,Name brand,Spreads,B,3,287.0,0.4,0.42,2.3,7.3,,4,10
Coca-Cola No Sugar,Coca Cola,Name brand,Soft drinks & juice,,4,0.0,,0.01,,0.0,,4,10
Matser Tomato sauce R/S and Sugar sqz,Masterfoods,Name brand,Sauces & condiments,C,3,84.0,16.0,1.47,0.7,1.3,2.0,1,10
Sauce piment ail et gingembre Ayam™,Ayam,Name brand,Sauces & condiments,C,4,12.0,1.7,1.02,0.0,0.1,0.0,3,10
Vitaweat sesame,ARNOTTS,Name brand,Chips & salty snacks,A,3,2.0,1.6,0.51,1.7,12.0,11.3,,10
Greek Style All Natural Yogurt Light,Farmers Union,Name brand,Yoghurt,C,1,83.0,6.0,0.65,2.6,5.8,,,9
Tuna in olive oil blend,John West,Name brand,Meat & seafood,,3,149.0,,0.76,1.3,18.9,,,9
English muffins,TipTop,Name brand,Bread,C,4,227.0,3.6,0.88,0.4,9.6,3.3,8,9
Masterfood Tomato Sauce sqz 500ml,MasterFoods,Name brand,Sauces & condiments,D,3,120.0,24.8,2.07,0.1,1.7,,2,9
Peanut butter crunchy,Bega,Name brand,Spreads,D,,617.0,8.6,1.44,10.5,23.6,,1,9
Pure honey,Capilqno,Name brand,Spreads,E,,340.0,82.7,0.03,,0.0,,,9
Cruskits Crispbread Original,Arnotts,Name brand,Bread,D,3,408.0,4.0,0.92,4.0,10.4,4.0,1,9
Wholegrain rice crackers,Sakata,Name brand,Chips & salty snacks,C,4,403.0,1.6,0.99,1.2,8.8,,,9
Original Fruit Free Muesli,Carman's,Name brand,Breakfast cereals,C,4,451.0,8.0,0.01,2.4,14.6,,,9
Wholemeal,Wonder,Name brand,Bread,A,4,236.0,2.3,0.95,0.7,9.5,7.4,4,9
Simply Nuts Peanut Butter smooth,Bega,Name brand,Spreads,A,3,614.0,5.5,0.36,6.4,27.7,8.2,,9
Tuna in Oil,Sirena,Name brand,Meat & seafood,B,3,193.0,1.4,1.3,1.1,26.0,,,9
Heinz Tomato Ketchup,Heinz,Name brand,Sauces & condiments,C,3,,25.8,2.07,0.0,1.4,,,9
"Lightly Salted, Lightly Sweet Popcorn",Cons,Name brand,Chips & salty snacks,D,3,490.0,12.5,0.68,5.0,9.5,7.5,,9
Shapes Originals - Pizza,Arnott's,Name brand,Chips & salty snacks,D,4,495.0,1.2,1.56,5.6,8.0,3.2,6,9
"Cranberry, Blueberry & Goji Muesli",Carman's,Name brand,Breakfast cereals,B,4,471.0,13.5,0.02,3.7,12.4,10.7,,8
Peanut butter smooth,Bega,Name brand,Spreads,C,3,620.0,8.5,0.58,10.3,23.8,,,8
Shapes Originals Crimpy Chicken,Arnott's,Name brand,Biscuits & cakes,C,4,,6.9,0.87,4.0,7.5,3.0,5,8
Vita Weat Crackers,Vita-Weat,Name brand,Chips & salty snacks,C,4,433.0,3.0,1.1,2.0,10.5,9.5,1,8
"Super Berry - Cranberry, Bluebery & Goji Muesli",Carman's,Name brand,Breakfast cereals,D,,460.0,18.0,0.02,3.5,15.3,,,8
Coke Zero,Coca-Cola,Name brand,Soft drinks & juice,B,4,,0.0,0.03,0.0,0.1,0.0,6,8
Special K,Kellogg's,Name brand,Breakfast cereals,B,,387.0,13.9,0.82,0.7,19.2,5.9,,8
Oats traditional,Uncle Tobys,Name brand,Breakfast cereals,B,,382.0,1.0,0.0,2.0,13.0,,,8
,Carman's,Name brand,Breakfast cereals,C,4,435.0,15.0,0.0,2.6,0.0,,,8
Promite Vegetable Extract Spread,Promite,Name brand,Spreads,E,4,220.0,18.0,12.1,1.6,13.4,0.0,,8
Peanut Butter Smooth,Beqa,Name brand,Spreads,D,3,623.0,7.7,1.38,10.5,24.1,,1,8
All bran honey almond,Kellogg's,Name brand,Breakfast cereals,C,4,376.0,23.5,0.72,0.8,11.0,16.1,,8
Vegemite,Vegemite,Name brand,Spreads,D,4,174.0,3.8,8.25,1.0,25.9,9.2,2,8
Nutella,Ferrero,Name brand,Spreads,E,4,539.0,56.3,0.11,10.6,6.3,0.0,1,8
Fruit Free Muesli Bars,Carman's,Name brand,Muesli & protein bars,A,4,420.0,14.0,0.04,1.6,10.9,5.8,,8
Carman's Natural Untoasted Bircher Muesli,Carman's,Name brand,Breakfast cereals,A,3,418.0,10.8,0.01,2.0,12.2,40.6,,8
Chick Peas,Macro,Supermarket own brand,"Fruit, veg & legumes",B,3,107.0,0.1,0.14,0.1,7.5,,,8
MasterFoods Barbecue Sauce,MasterFoods,Name brand,Sauces & condiments,C,4,34.0,6.9,0.42,0.1,0.1,,2,8
Dairy soft,Devondale,Name brand,Spreads,E,2,589.0,0.1,1.33,32.0,0.1,,,8
Sesame Wheat Crackers,Arnott's,Name brand,Biscuits & cakes,D,4,468.0,1.0,2.1,4.2,8.9,4.7,3,8
Vegemite Gluten Free,Vegemite,Name brand,Spreads,C,4,176.0,4.7,8.25,0.5,26.5,8.9,1,8
Pot Set Greek Natural Yoghurt,Jalna,Name brand,Yoghurt,C,3,,4.8,0.2,7.1,3.8,0.0,,8
Reduced Gat Dairy Free Butter,Nuttelex,Name brand,Spreads,D,4,425.0,0.0,0.85,13.0,0.0,,1,8
Soy Milk Protein Plus,Vitasoy,Name brand,Milk & alternatives,B,4,52.0,0.3,0.02,0.2,4.2,0.2,,8
Extra Crunchy Peanut Butter,Mayvers,Name brand,Spreads,B,1,612.0,4.2,0.67,6.8,26.3,8.4,,7
Vitamins & Minerals Sandwich,Wonder,Name brand,Bread,A,4,,2.1,0.88,1.0,8.3,8.1,4,7
Oat Milk - No Added Sugar,Sanitarium,Name brand,Milk & alternatives,B,3,43.0,2.2,0.11,0.2,0.8,0.4,2,7
Perfectly firm tofu,Macro,Supermarket own brand,"Fruit, veg & legumes",A,4,117.0,0.7,0.01,0.7,14.8,6.2,,7
Filmjölk Natural,Rokeby Farms,Name brand,Milk & alternatives,B,3,64.0,3.1,0.1,2.6,3.5,,,7
Simply Nuts Crunchy Peanut Butter,Bega,Name brand,Spreads,B,3,611.0,5.5,0.39,5.9,27.7,,,7
Tomato Sauce,Rosella,Name brand,Sauces & condiments,E,4,112.0,22.7,3.4,0.0,0.0,,2,7
Coca cola no sugar 1.25,Coca-Cola,Name brand,Soft drinks & juice,,4,0.0,,0.01,,0.0,,5,7
Milo Cereals,Nestlé,Name brand,Breakfast cereals,C,4,385.0,26.9,0.28,1.3,9.0,7.9,1,7
English Recipe,Heinz,Name brand,Ready meals,A,4,,5.3,1.22,0.0,5.0,4.2,3,7
Australian Rolled Oats,Woolworths,Supermarket own brand,Breakfast cereals,A,1,380.0,1.0,0.02,1.3,13.0,10.7,,7
Dark roasted Peanut Butter - smooth,Mayver's,Name brand,Spreads,A,,528.0,4.0,0.64,5.5,25.0,8.0,,7
Almond milk unsweetened,Australia's Own,Name brand,Milk & alternatives,B,3,20.0,0.1,0.1,0.1,0.6,,,7
Organic Soy Milk,Macro,Supermarket own brand,Milk & alternatives,B,3,62.0,2.7,0.07,0.2,3.0,,,7
Special K,Kellogg's,Name brand,Breakfast cereals,C,4,,13.6,0.97,0.8,17.5,6.5,,7
panko breadcrumbs,Obento,Name brand,Bread,C,4,373.0,2.6,1.38,0.8,13.1,,,7
Leggo's Bolognese with chunky Tomato,Leggos,Name brand,Sauces & condiments,A,4,46.0,6.0,0.88,0.1,1.7,1.8,1,7
Sakata Seaweed Rice Crackers,Sakata,Name brand,Chips & salty snacks,D,4,387.0,4.8,2.21,0.4,8.8,0.8,1,7
"Carman's Super Berry Muesli Bars (Cranberry, Blueberry & Goj",Carman's,Name brand,Muesli & protein bars,C,4,445.0,16.3,0.07,4.0,9.9,7.0,,7
NutriGrain,Kellogg's,Name brand,Breakfast cereals,C,4,,24.2,0.88,0.5,21.8,5.3,2,7
Natural Crunchy Peanut Butter,sanitarium,Name brand,Spreads,C,,615.0,4.5,0.01,6.0,29.5,6.0,,7
Red Rock Deli Sea Salt Chips 165G,Red Rock Deli,Name brand,Chips & salty snacks,D,3,487.0,1.1,1.25,1.4,8.2,,,7
Vita Weat Pumpkin Seed & Grains,Arnott's,Name brand,Bread,A,,419.0,1.7,0.44,1.7,12.6,13.0,,7
Flora ProActiv Margarine Buttery,Flora,Name brand,Spreads,C,4,,1.0,0.9,13.9,1.0,,5,7
Beurre,Meadow Lea,Name brand,Spreads,C,4,557.0,0.1,0.0,15.7,0.1,,2,7
Just Right,Kellogg's,Name brand,Breakfast cereals,B,4,,22.9,0.07,0.4,8.0,10.2,3,7
Oat milk,Vitasoy,Name brand,Milk & alternatives,,4,42.0,0.9,,0.3,0.5,,2,6
Mixed Grain,Helga's,Name brand,Bread,A,4,,2.6,0.33,0.9,8.4,4.0,3,6
Guardian,Kellogg's,Name brand,Breakfast cereals,C,,472.0,28.8,0.85,0.8,20.8,18.5,,6
"Plus Fibre, Sultanas + apple",Uncle Tobys,Name brand,Breakfast cereals,A,4,,18.6,0.1,0.4,8.8,18.0,1,6
Simply Nuts,Bega,Name brand,Spreads,C,3,600.0,5.3,0.39,6.0,27.5,,,6
Nutri-Grain,Kellogg's,Name brand,Breakfast cereals,C,4,388.0,24.0,0.88,0.5,21.7,5.2,2,6
original flavour rice crackers,Fantico,Name brand,Chips & salty snacks,C,4,,3.0,1.43,0.7,7.6,2.1,3,6
Roasted NutBar,Carman's,Name brand,Muesli & protein bars,C,4,533.0,13.1,0.02,4.0,18.9,10.6,,6
Arnotts Tim Tam Biscuit Dark Chocolate imp,Arnotts,Name brand,Biscuits & cakes,E,4,,42.6,0.4,14.6,4.4,2.0,3,6
Pulse Paste made from Red Lentils,San Remo,Name brand,"Pasta, rice & grains",A,1,359.0,1.0,0.03,0.3,23.0,6.0,,6
Biscuits Milk Arrowroot,Arnott's,Name brand,Biscuits & cakes,E,4,442.0,22.5,0.69,5.4,6.1,2.8,2,6
Muesli - Apricot & Almond,Morning Sun,Name brand,Breakfast cereals,A,4,,15.0,0.01,1.8,10.9,10.3,3,6
Weet-Bix Cholesterol Lowering,Sanitarium,Name brand,Breakfast cereals,A,3,351.0,2.7,0.64,0.7,10.5,9.7,1,6
Raisin toast,Tip Top,Name brand,Bread,C,4,277.0,18.8,0.72,0.4,9.3,3.8,2,6
Abbott’s,Abbott's Village,Name brand,Bread,B,,236.0,3.6,0.87,1.2,8.7,,,6
Crackers,Ritz,Name brand,Chips & salty snacks,D,4,,7.6,0.42,12.1,6.3,,5,6
Coconut Milk,Ayam,Name brand,Milk & alternatives,C,1,173.0,1.1,0.04,15.1,1.8,0.8,,6
Premium vanilla creamy yoghurt,Jalna,Name brand,Yoghurt,B,4,112.0,9.9,0.14,2.9,5.4,0.4,,6
Farmer’s Tasty Cheese,Bega,Name brand,Cheese,,3,,1.0,0.65,23.8,,,,6
VitaBrits,Uncle Tobys,Name brand,Breakfast cereals,A,4,352.0,0.3,0.98,0.3,9.9,12.6,,6
Oat Milk it's Organic Unsweetened Original imp,pure-harvest,Name brand,Milk & alternatives,C,3,,3.7,0.04,0.3,2.1,,,6
All Bran Wheat Flakes imp,Kellogg's,Name brand,Breakfast cereals,C,3,,10.8,0.9,0.7,12.2,18.8,,6
Full Cream Pure Milk,Devondale,Name brand,Milk & alternatives,C,,63.0,4.8,0.0,2.3,3.2,0.0,,6
Arnotts Chocolate Mint Slice,Arnott's Biscuits Limited,Name brand,Confectionery,E,4,526.0,42.7,0.34,16.1,3.9,3.4,3,6
Tim Tams,Arnott's,Name brand,Biscuits & cakes,E,4,,44.8,0.4,14.8,4.4,1.6,4,6
Gourmet Porridge Sachets,Carman's,Name brand,Breakfast cereals,A,1,379.0,1.4,0.01,1.5,12.6,,,6
BEGA PEANUT BTR CRUNCHY 470GM,Bega,Name brand,Spreads,D,3,626.0,8.2,1.44,10.5,23.6,,1,6
Coca-Cola 375 mL,Coca-Cola,Name brand,Soft drinks & juice,E,4,43.0,10.7,0.02,,0.0,,2,6
Coconut yoghurt,Cocobella,Name brand,Yoghurt,,,129.0,2.0,,8.7,0.9,,,6
Italian diced tomato’s,Annalisa,Name brand,"Fruit, veg & legumes",,1,23.0,3.9,0.03,,1.2,,,6
W/STAR Traditional Spreadable 375g,Western Star,Name brand,Spreads,E,4,614.0,1.2,1.22,28.0,1.0,,2,6
Brown lentils,Edgell,Name brand,"Fruit, veg & legumes",A,4,81.0,0.3,0.2,0.1,5.9,5.0,2,6
Chunk Style Tuna in Springwater,John West,Name brand,Meat & seafood,A,3,113.0,1.6,0.88,0.3,25.7,,,6
Original Philadelphia Cream Cheese,Philadelphia,Name brand,Cheese,D,3,304.0,2.5,0.91,21.0,6.6,,,6
Mayver’s Crunchy Peanut Butter,Mayvers,Name brand,Spreads,B,3,581.0,4.0,0.64,6.5,25.0,8.0,,6
Country Cheese,Arnotts,Name brand,Chips & salty snacks,D,,428.0,5.1,1.12,4.4,11.0,,2,6
Sauce d'huître,Ayam,Name brand,Sauces & condiments,E,4,128.0,27.0,10.4,0.0,0.8,,4,6
Activated Almond Unsweetened,pure-harvest,Name brand,Milk & alternatives,C,3,29.0,1.4,0.11,0.2,0.6,0.4,,6
"Breakfast Muesli - Blueberries, Goji Berries, Coconut & Chia",Sunsol Natural,Name brand,Breakfast cereals,C,,391.0,10.2,0.57,3.2,12.4,12.8,,6
Corn Thins Organic Sesame,Real Foods,Name brand,Biscuits & cakes,A,3,384.0,0.4,0.57,0.5,10.6,8.3,,6
Ancient Grain Twists,Bhuja,Name brand,Chips & salty snacks,D,4,483.0,2.3,2.17,2.0,8.7,3.7,,6
SAKATA RICE SNK PLAIN,Sakata,Name brand,Chips & salty snacks,C,,408.0,0.4,0.97,0.8,7.6,0.8,,6
Raspberries,Costa Berries,Name brand,"Fruit, veg & legumes",,,,,,,,,,5
HP Sauce,HP,Name brand,Sauces & condiments,C,4,139.0,26.7,0.58,0.0,1.0,,1,5
Savoy original,Arnott's,Name brand,Chips & salty snacks,D,4,471.0,1.2,2.12,4.4,8.0,3.2,3,5
RICE BUBBLES,Kellogg's,Name brand,Breakfast cereals,C,3,389.0,8.3,1.05,0.0,7.4,2.3,,5
Deli Crisps,Vege Chips,Name brand,Chips & salty snacks,D,3,515.0,5.1,0.42,10.1,3.1,,,5
Four bean mix,Edgell,Name brand,"Fruit, veg & legumes",A,4,126.0,1.1,0.5,0.3,8.1,6.4,2,5
Original rice crackers,Peckish,Name brand,Chips & salty snacks,C,4,426.0,0.8,0.43,2.1,7.0,,,5
Sultana Bran with Oat Clusters,Kellogg's,Name brand,Breakfast cereals,C,4,,28.4,0.23,0.7,9.3,16.0,,5
Light Rye Bread,Abbott's Bakery,Name brand,Bread,B,4,246.0,2.4,0.9,0.6,8.8,,3,5
Western star butter 500g,Western Star,Name brand,Spreads,,2,36.0,1.0,,2.7,1.0,0.0,,5
Cottee's Ice Magic Chocolate 220G,Cottees,Name brand,Muesli & protein bars,E,4,581.0,46.4,0.03,19.5,4.1,,2,5
Black Chia Seeds,Coles Wellness Road,Supermarket own brand,"Pasta, rice & grains",A,,398.0,0.5,0.0,2.1,22.8,34.3,,5
Mayvers Peanut butter,Mayver's,Name brand,Spreads,B,1,581.0,4.0,0.64,6.5,25.0,8.0,,5
Vanilla Greek Yoghurt (Blended),Chobani,Name brand,Yoghurt,A,4,78.0,9.6,0.08,0.1,8.3,,1,5
Sour Squirms,The Natural Confectionery Co,Name brand,Confectionery,D,,342.0,48.9,0.07,1.0,2.1,,,5
Lemon & Cracked Pepper Tuna,John West,Name brand,Meat & seafood,A,3,149.0,0.6,1.12,1.1,18.7,,,5
Crunchy Peanut Butter,Bega,Name brand,Spreads,C,3,624.0,7.7,1.35,10.5,24.1,7.3,1,5
Dark Roasted Extra Crunchy Peanut Butter,Mayver's,Name brand,Spreads,B,,581.0,4.1,0.64,6.8,25.0,7.9,,5
9310006&quot;004034 OR COMMENTS?,SPC,Name brand,Ready meals,A,4,,6.0,0.9,0.1,5.1,4.3,1,5
Coke Zero,Coca-Cola,Name brand,Soft drinks & juice,B,4,,0.0,0.03,0.0,0.1,0.0,6,5
Wild Canadian Smoked Kippers Fillets in Brine,John West,Name brand,Meat & seafood,C,3,,0.0,1.4,2.2,19.4,0.0,,5
Real fruit Mango,Yoplait,Name brand,Yoghurt,B,4,89.0,12.8,0.11,1.2,4.7,,5,5
Original Smith’s,Smith's,Name brand,Chips & salty snacks,D,3,544.0,1.1,1.39,2.2,6.7,,4,5
Yakult,Yakult,Name brand,Yoghurt,C,4,77.0,17.2,0.01,0.1,1.3,,,5
Flora ProActiv Light Margarine,Flora,Name brand,Spreads,C,4,,0.1,0.36,9.0,0.1,0.0,5,5
Cruskits Rye,Arnott’s,Name brand,Chips & salty snacks,,3,342.0,3.5,1.47,,12.3,18.4,,5
Plus Cereal - Iron,Uncle Tobys,Name brand,Breakfast cereals,A,4,394.0,18.0,0.47,1.5,8.5,3.1,,5
Smooth Peanut Butter,Mayvers,Name brand,Spreads,C,3,,4.1,0.13,6.8,0.3,7.9,,5
Simply nuts,Bega,Name brand,Spreads,A,3,612.0,0.0,0.37,6.2,27.5,8.1,,5
Australian full cream milk,Woolworths,Supermarket own brand,Milk & alternatives,C,,63.0,4.8,0.11,2.2,3.3,,,5
Unsweetened Almond Milk,Nutty Bruce,Name brand,Milk & alternatives,C,3,31.0,1.6,0.11,0.4,0.6,,,5
YoPRO Vanilla Yoghurt,Danone,Name brand,Yoghurt,A,4,57.0,3.2,0.1,0.2,9.5,,1,5
Peanut butter,Mayver's,Name brand,Spreads,A,,581.0,5.0,0.06,4.0,26.0,8.0,,5
Passata Cooking Sauce,Val Verde,Name brand,Sauces & condiments,A,3,27.0,3.7,0.3,0.1,1.5,,1,5
Kit Kat Chunky bar 50g,Nestlé,Name brand,Muesli & protein bars,E,4,521.0,50.6,0.17,15.4,6.0,,2,5
OREO original,Oreo,Name brand,Biscuits & cakes,E,4,483.0,41.9,0.0,11.3,4.7,,6,5
Greek style natural yoghurt,Coles,Supermarket own brand,Yoghurt,C,3,123.0,4.6,0.14,6.6,4.8,0.8,,5
Soy Milk: regular,Coles,Supermarket own brand,Milk & alternatives,B,4,58.0,1.6,0.15,1.0,3.1,0.0,3,5
Light greek style,Coles,Supermarket own brand,Yoghurt,A,4,74.0,5.1,0.14,1.4,6.0,0.0,1,5
Abbotts bakery country grains,Abbotts,Name brand,Bread,A,4,268.0,2.8,0.93,0.6,11.0,4.5,3,5
Yoplait Vanilla Yoghurt,Yoplait,Name brand,Yoghurt,B,4,,12.8,0.0,1.2,4.6,,3,5
Barista Almond,Australia's Own,Name brand,Milk & alternatives,B,,37.0,1.7,0.1,1.7,0.8,,,5
Sanitarium So Good Almond & Coconut Milk Unsweetened Tetra P,Sanitarium,Name brand,Milk & alternatives,B,4,17.0,0.2,0.08,0.3,0.5,0.3,4,5
Cheese stringers,Bega,Name brand,Cheese,,3,310.0,,1.62,14.5,25.5,,,5
Water crackers,Coles,Supermarket own brand,Chips & salty snacks,A,3,51.0,1.0,0.19,1.0,1.2,1.0,2,5
Lactose free greek,Jalna,Name brand,Yoghurt,,,122.0,3.0,,7.6,3.7,,,5
Parmesan,Perfect Italiano,Name brand,Cheese,E,3,385.0,10.0,2.08,16.0,33.0,,,5
Coco Quench Coconut Milk,PureHarvest Organic,Name brand,Milk & alternatives,,4,58.0,3.8,0.24,,0.5,,1,5
Ayam Coconut Cream,Ayam,Name brand,Milk & alternatives,E,,285.0,3.9,0.05,25.5,3.1,,,5
CAD dairy milk chocolate big block,Cadbury,Name brand,Confectionery,E,4,536.0,56.0,0.21,18.0,7.2,,2,5
Rolled Oats,Coles,Supermarket own brand,Breakfast cereals,A,1,380.0,0.0,0.01,1.5,13.1,11.0,,5
Old gold dark chocolate 70%,Cadbury,Name brand,Confectionery,E,4,554.0,28.9,0.03,24.6,9.7,0.0,,5
carman’s toasted muesli classic fruit and nut,Carman's,Name brand,Breakfast cereals,A,4,460.0,13.1,0.04,2.9,12.2,10.4,,5
Cannellini beans,Edgell,Name brand,"Fruit, veg & legumes",C,,100.0,0.4,0.78,0.3,7.1,5.7,,5
Sour cream and chives flavoured rice cakes,Sun Rice,Name brand,"Pasta, rice & grains",D,,408.0,4.2,2.0,1.2,9.2,3.8,,5
Chocolate Breakfast Biscuits,belVita,Name brand,Muesli & protein bars,C,4,444.0,27.6,0.17,3.4,7.8,7.1,,5
Plus Muesli Flakes,Uncle Tobys,Name brand,Breakfast cereals,A,4,,18.6,0.0,1.0,8.2,10.9,3,5
Toblerone,Toblerone,Name brand,Confectionery,E,4,,59.7,0.15,18.0,5.6,,1,5
Rice Milk Long Life,Vitasoy,Name brand,Milk & alternatives,,3,,,,,,,,5
Seriously Good Garlic Aioli,Heinz,Name brand,Sauces & condiments,D,4,,,,,,,4,5
Real Foods Corn Thins Tasty Cheese 125G,Real Foods,Name brand,Biscuits & cakes,C,,411.0,3.9,0.7,1.9,10.4,1.0,,5
Vanilla Cheerios,Uncle Tobys,Name brand,Breakfast cereals,A,,378.0,4.1,0.71,0.8,7.0,16.2,,5
Diet Soft Drink,Coca-Cola,Name brand,Soft drinks & juice,B,4,0.0,0.0,0.0,0.0,0.5,,5,5
Gluten free muesli,Carman's,Name brand,Breakfast cereals,C,4,457.0,20.0,1.0,3.0,10.0,6.0,1,5
Rye,Bürgen,Name brand,Bread,A,4,249.0,1.2,1.17,0.4,8.8,6.4,,5
Porridge Sachets,Carman's,Name brand,Breakfast cereals,A,4,394.0,11.8,0.0,1.5,12.0,9.0,,5
Maple & almond multigrain flakes,Freedom,Name brand,Breakfast cereals,A,4,,10.6,0.31,1.5,8.1,12.6,1,5
Full Cream Milk,Woolworths,Supermarket own brand,Milk & alternatives,B,,63.0,4.8,0.11,2.2,3.3,,,5
Unsalted butter,Devondale,Name brand,Spreads,E,2,745.0,1.0,0.01,55.8,1.0,,,5
Arnotts Tim Tam Chewy Caramel,ARNOTTS,Name brand,Biscuits & cakes,,4,450.0,45.0,,12.5,5.0,0.0,7,5
Original Thick Rice Cakes,Sunrice,Name brand,Biscuits & cakes,C,3,389.0,0.8,1.2,0.8,8.0,,,5
Weet-Bix Bites - Honey,Sanitarium,Name brand,Breakfast cereals,D,4,364.0,18.9,0.88,0.7,11.6,,,5
Mars Bar 47g,Mars,Name brand,Muesli & protein bars,E,,452.0,57.4,0.31,7.9,3.2,,,5
Weet-bix Blends Cranberry + Coconut,Sanitarium,Name brand,Breakfast cereals,A,4,363.0,12.1,0.27,1.8,10.1,10.5,3,5
Vaalia,Vaalia,Name brand,Yoghurt,C,,83.0,7.4,0.22,1.2,6.0,1.8,,5
ProActive,Flora,Name brand,Spreads,C,4,550.0,1.0,0.9,13.0,1.0,,5,5
Corn Flakes,Kellogg's,Name brand,Breakfast cereals,C,3,389.0,8.9,1.34,0.3,8.0,4.3,,5
Granita,Arnotts,Name brand,Biscuits & cakes,,,200.0,,,,,,,4
Probiotic Kefir,Vaalia,Name brand,Yoghurt,B,4,79.0,6.8,0.17,1.3,0.0,1.6,1,4
ProActiv Buttery,Flora,Name brand,Spreads,D,4,,1.0,0.9,13.9,1.0,,5,4
Pure Honey,Capilano,Name brand,Spreads,D,,,82.5,0.04,0.0,0.3,,,4
Wrigley’s Extra intense mint,Wrigley’s,Name brand,Confectionery,,,,0.0,0.01,0.0,0.0,0.0,,4
Dairy Free,Tablelands,Name brand,Spreads,C,4,459.0,0.0,0.58,11.6,0.0,,5,4
Nothing but 21 oranges,Nudie,Name brand,Soft drinks & juice,B,1,,7.6,0.01,1.0,1.0,1.0,,4
Blueberry Greek Yogurt,Chobani,Name brand,Yoghurt,A,4,78.0,9.9,0.07,0.1,8.1,,1,4
Bush honey,Beechworth Honey,Name brand,Spreads,,,,82.1,0.14,,0.3,,,4
All Bran,Kelloggs,Name brand,Breakfast cereals,A,3,330.0,16.7,0.36,0.5,13.9,12.6,,4
Hazelnut spread,Nuttvia,Name brand,Spreads,C,4,445.0,1.7,0.02,6.2,3.4,3.3,4,4
Rolled Oats,Coles,Supermarket own brand,Breakfast cereals,A,1,376.0,1.2,0.01,1.5,12.7,12.7,,4
Cream Cheese,Woolworths,Supermarket own brand,Cheese,D,4,292.0,2.4,0.63,18.8,7.2,,3,4
Goodness and grains sultana and cinnamon flakes,Carmens,Name brand,Breakfast cereals,A,,334.0,17.3,0.27,0.7,9.5,7.1,,4
Organic Tomato Ketchup,Heinz,Name brand,Sauces & condiments,D,,127.0,26.0,3.08,0.0,1.3,,1,4
Sour Cream & Chives,Fantasic,Name brand,Chips & salty snacks,D,4,392.0,6.4,2.02,2.0,5.6,,8,4
Soy milky,Vitasoy,Name brand,Milk & alternatives,A,,39.0,1.6,0.2,0.3,3.0,,,4
Heinz Tomato Ketchup 50% Less Sugar Added and Salt,Heinz,Name brand,Sauces & condiments,C,4,65.0,12.1,0.99,0.0,1.5,,1,4
Crunchy Peanut Butter,Sanitarium,Name brand,Spreads,A,,637.0,3.6,0.0,7.7,27.0,6.0,,4
Full cream milk,A2 Milk,Name brand,Milk & alternatives,B,1,65.0,4.7,0.03,2.4,3.3,,,4
Peanut Butter,Bega,Name brand,Spreads,D,3,621.0,7.7,1.38,10.5,23.6,,1,4
MISSION CORN CHP TOR STR 230GM,Mission,Name brand,Chips & salty snacks,D,3,511.0,0.2,0.83,2.4,6.3,,,4
Protein Smoothie- Banana,Rokeby Farms,Name brand,Milk & alternatives,B,4,60.0,3.9,0.07,1.1,7.1,,2,4
Original Seasoning,Maggi,Name brand,Sauces & condiments,E,4,48.0,2.5,20.0,,7.0,,3,4
Cottage cheese,Bulla,Name brand,Cheese,B,4,82.0,4.2,0.73,1.3,12.0,,6,4
light rye,Helga's,Name brand,Bread,B,4,246.0,2.7,0.95,0.9,9.2,4.3,3,4
Original Soy Milk,Vitasoy,Name brand,Milk & alternatives,B,4,61.0,2.6,0.15,0.5,3.3,0.6,,4
Almond & Hazelnut Granola,Carman's,Name brand,Breakfast cereals,A,4,445.0,5.1,0.03,1.6,19.1,6.2,,4
Weeties,Uncle Tobys,Name brand,Breakfast cereals,A,3,359.0,0.3,0.96,0.3,10.0,12.7,,4
"Breakfast Muesli - Almonds, Cashews, Macadamias & Walnuts",Sunsol Natural,Name brand,Breakfast cereals,A,4,429.0,2.0,0.05,3.1,14.2,12.0,1,4
Corn Flakes,Kelloggs,Name brand,Breakfast cereals,C,3,370.0,7.7,0.53,0.1,7.7,4.1,,4
Diet Ginger beer,Bundaberg,Name brand,Soft drinks & juice,C,4,,1.2,0.03,0.9,0.9,,8,4
Tasty cheese,Hillview,Name brand,Cheese,D,,416.0,1.0,0.65,23.3,24.7,,,4
Light Tasty Shredded Cheddar,Coles,Supermarket own brand,Cheese,C,4,336.0,1.0,0.67,16.6,29.7,0.0,2,4
Blue Ribbon Classic Vanilla,Streets,Name brand,Ice cream & desserts,D,4,178.0,18.4,0.08,5.8,2.0,,6,4
Harvest Seeds & Grain,Abbott's Bakery,Name brand,Bread,A,,275.0,2.6,0.9,0.7,10.1,5.5,,4
burgen whole meal bread,Burgen,Name brand,Bread,A,4,220.0,2.3,0.96,0.7,13.2,10.8,,4
The One - White Sandwich Bread,tip top,Name brand,Bread,A,4,231.0,2.0,0.4,0.4,9.0,,1,4
Chocolate Chip Cookies,Coles,Supermarket own brand,Biscuits & cakes,E,4,504.0,36.0,0.0,16.4,6.8,,3,4
BBQ Sauce,Eta,Name brand,Sauces & condiments,E,4,203.0,46.0,2.7,1.0,1.0,,1,4
Blueberries,Costa Berries,Name brand,"Fruit, veg & legumes",A,1,,,,,,,,4
Tomato Sauce,Coles,Supermarket own brand,Sauces & condiments,D,3,112.0,24.5,1.8,0.0,0.0,,,4
Reduce cholesterol absorption,Tablelands,Name brand,Spreads,D,2,571.0,10.0,0.9,14.0,10.0,,,4
Cheerios 4 Whole Grains,Uncle Tobys,Name brand,Breakfast cereals,B,4,382.0,14.7,0.67,0.7,7.0,7.3,3,4
Brown Red and wild rice medley,Ben’s Original,Name brand,"Pasta, rice & grains",,,149.0,0.3,,0.0,3.2,1.8,,4
Soy Milky Regular,Vitasoy,Name brand,Milk & alternatives,A,4,53.0,2.5,0.2,0.4,3.0,0.2,5,4
So good vanilla bliss soy milk,Sanitarium,Name brand,Milk & alternatives,B,4,59.0,4.9,0.11,0.2,3.2,0.1,2,4
Antioxidants c+e,Uncle Tobys plus,Name brand,Breakfast cereals,,,358.0,21.0,,0.5,7.0,11.2,,4
Unsalted butter,Western Star,Name brand,Spreads,E,2,,0.0,0.04,54.7,0.0,0.0,,4
Kitkat single pack 45g,Nestlé,Name brand,Muesli & protein bars,,4,516.0,48.2,,14.9,6.0,,3,4
Original Corn Chips,Macro,Supermarket own brand,Chips & salty snacks,C,3,453.0,3.4,0.93,3.0,8.8,5.2,,4
Lite milk,,Unknown,Milk & alternatives,A,,45.0,4.9,0.11,0.9,3.4,,,4
Cornflakes,Coles,Supermarket own brand,Breakfast cereals,D,3,,,,,,,,4
Rolled oats,Uncle Tobys,Name brand,Breakfast cereals,A,,382.0,1.0,0.01,1.7,12.0,9.2,,4
Full cream milk,,Unknown,Milk & alternatives,B,,66.0,4.7,0.27,2.4,3.3,,,4
Rolled Oats,Macro Wholefoods Market,Supermarket own brand,Breakfast cereals,A,1,377.0,1.0,0.04,1.3,12.7,11.3,,4
YoPRO Strawberry,Danone,Name brand,Yoghurt,A,4,59.0,3.4,0.1,0.2,9.6,,1,4
Canadian Maple Syrup,Woolworths,Supermarket own brand,Ice cream & desserts,E,2,364.0,80.4,0.04,0.9,0.9,,,4
Harvest Snaps Pea Crisps,Calbee,Name brand,Chips & salty snacks,C,4,455.0,4.0,0.89,4.5,18.5,14.0,5,4
Smooth Peanut Butter,Sanitarium,Name brand,Spreads,A,4,644.0,3.8,0.0,8.4,21.6,6.4,1,4
Peanut butter,Bega,Name brand,Spreads,D,,626.0,7.7,1.38,10.5,24.1,,,4
Wellness Road Textured Vegetable protein,Wellness Road,Name brand,"Fruit, veg & legumes",A,4,355.0,7.8,0.0,0.1,50.0,0.0,1,4
Full Cream Milk,Coles,Supermarket own brand,Milk & alternatives,C,1,62.0,5.0,0.12,2.2,3.1,0.0,,4
Monster Energy Zero Ultra,Monster,Name brand,Soft drinks & juice,C,4,3.0,0.0,0.19,0.0,0.0,0.0,5,4
Organic Coconut Yoghurt,Co Yo,Name brand,Yoghurt,C,4,156.0,1.4,0.02,14.1,1.3,1.0,,4
Coconut Milk,Coles,Supermarket own brand,Milk & alternatives,D,1,56.0,1.0,0.07,4.2,1.0,0.0,,4
Cornflakes,Kellogg's,Name brand,Breakfast cereals,C,3,,8.9,0.48,0.3,7.9,3.8,,4
High Protein Chocolate Pudding,Wicked Sister,Name brand,Ice cream & desserts,B,4,104.0,5.2,0.23,2.8,9.6,,4,4
Pepsi Max 1.25,Pepsi,Name brand,Soft drinks & juice,,4,0.0,,2.0,,0.1,,6,4
Tomato Sauce,Beerenberg,Name brand,Sauces & condiments,A,3,17.0,3.2,0.14,0.1,0.5,,,4
Carmans cereal bar,Carman's,Name brand,Muesli & protein bars,A,4,421.0,14.0,0.02,1.6,10.8,7.2,,4
Taco Sauce,Old El Paso,Name brand,Sauces & condiments,,3,29.0,3.3,2.28,0.0,,1.3,1,4
Protein granola clusters choc almond,,Unknown,"Pasta, rice & grains",,4,394.0,2.6,,2.6,16.0,,2,4
Coca-Cola No Sugar,Coca-Cola,Name brand,Soft drinks & juice,,4,0.0,,0.01,,0.0,,5,4
cocobella dairy free vanilla,cocobella,Name brand,Yoghurt,C,4,,5.5,0.14,7.5,0.8,0.0,1,4
Hommus Classic,Obela,Name brand,Spreads,A,3,,1.0,1.2,2.3,8.0,5.4,1,4
Diced Tomatoes,Ardmona,Name brand,"Fruit, veg & legumes",A,1,70.0,2.9,0.01,0.1,1.1,1.1,,4
Chewy White Choc Chip,Uncle Tobys,Name brand,Muesli & protein bars,C,4,,17.7,0.04,4.5,6.6,10.9,5,4
Carman's Gourmet Protein Bars Salted Dark Choc & Almond,Carman's,Name brand,Muesli & protein bars,C,4,,17.0,0.38,6.4,27.7,9.9,1,4
SPAGHETTI,San Remo,Name brand,"Pasta, rice & grains",,1,366.0,2.5,0.07,,12.5,3.0,,4
Soy lin,Burgen,Name brand,Bread,A,4,219.0,2.9,0.4,0.8,13.5,,,4
KitKat Dark Chocolate Block,Nestlé,Name brand,Muesli & protein bars,E,4,,46.7,0.11,16.1,5.2,,3,4
Flora proactive original,proactive,Name brand,Spreads,D,2,571.0,10.0,0.9,14.0,10.0,0.0,,4
Old Gold Moccona dark chocolate,Cadbury,Name brand,Confectionery,E,4,524.0,50.8,0.02,17.6,6.4,,2,4
Swedish round crispbread,Olinas,Name brand,Biscuits & cakes,C,,422.0,6.0,0.46,4.0,15.7,4.3,,4
Almond spread,Bega,Name brand,Spreads,E,,580.0,43.2,0.48,8.2,7.3,,,4
Vaalia Ygt LF Lusc Bry 900GM,Vaalia,Name brand,Yoghurt,B,4,89.0,10.9,0.14,1.3,4.2,2.1,5,4
Large instant lasagna,San Remo,Name brand,"Pasta, rice & grains",,,366.0,2.6,0.07,,12.6,3.0,,4
Orange Juice,Coles,Supermarket own brand,Soft drinks & juice,B,1,41.0,0.4,0.05,0.4,0.4,0.4,,4
Farm Union Yoghurt Greek Style 200G,Farmersunion,Name brand,Yoghurt,C,3,123.0,5.2,0.14,6.1,4.5,,,4
Choc Hazelnut Spread - Smooth,Woolworths,Supermarket own brand,Spreads,E,4,534.0,53.9,0.05,6.8,3.9,2.6,1,4
Hummous,Pilpel,Name brand,Spreads,C,3,255.0,0.5,1.26,3.0,8.5,0.0,2,4
8 Soft Wraps Wholegrain,Woolworths,Supermarket own brand,Bread,B,4,269.0,2.2,0.83,2.7,10.2,6.0,8,4
Fruit free muesli bar,Carman's,Name brand,Muesli & protein bars,B,4,420.0,14.0,0.04,1.6,8.7,7.1,,4
A/FRSH CUCUM BRD&BUTTER 700GM,Always Fresh,Name brand,Sauces & condiments,E,4,,,,,,,2,4
Heinz Tomato Ketchup,Heinz,Name brand,Sauces & condiments,D,4,127.0,25.3,2.08,,1.3,,1,4
Masterfood Tartare Sauce,Masterfoods,Name brand,Sauces & condiments,E,4,600.0,4.0,2.08,5.0,1.0,,2,4
Bega strong and bitey vintage,Bega,Name brand,Cheese,D,3,411.0,0.0,1.79,21.2,24.1,,,4
Skittles Fruits 200g,Skittles,Name brand,Confectionery,E,4,,72.0,0.04,3.0,0.0,0.0,13,4
Original Salted,Doritos,Name brand,Chips & salty snacks,C,3,513.0,1.1,1.08,2.6,8.2,5.6,,4
Protein,Carmans,Name brand,Muesli & protein bars,E,4,482.0,18.5,0.69,13.5,28.0,5.0,2,4
Traditional White,Helga's,Name brand,Bread,C,4,297.0,2.8,0.84,1.2,7.6,,3,4
Steel cut oats,red tractor,Name brand,Breakfast cereals,A,1,,1.0,0.01,1.5,14.0,11.5,,4
Carmans Rasberry and Pistachio Muesli Bar,Carman's,Name brand,Muesli & protein bars,C,4,442.0,11.1,0.46,3.6,25.6,13.8,3,4
Rolled oats quick sachets,Uncle Tobys,Name brand,Breakfast cereals,,,382.0,22.9,,1.1,10.6,,,4
Tomato sauce,MasterFoods,Name brand,Sauces & condiments,D,3,116.0,24.7,2.07,0.7,0.7,,,4
Shapes Original Cheddar,Arnott's,Name brand,Chips & salty snacks,D,4,477.0,1.2,0.76,6.7,11.7,,4,4
Shapes Cheese & Bacon,Arnotts,Name brand,Chips & salty snacks,D,4,468.0,0.6,1.9,4.1,13.7,3.2,13,4
Vege deli crips lentil,Vege Chips,Name brand,Chips & salty snacks,C,,484.0,0.3,0.95,1.9,3.7,2.5,,4
Crunchy Roasted Chickpeas,,Unknown,Chips & salty snacks,A,3,188.0,1.6,0.25,0.7,7.9,5.4,,4
Low carb indulgence,Noshu,Name brand,Confectionery,,,468.0,3.9,,28.0,5.3,25.6,,4
strawberries,driscoll’s,Name brand,"Fruit, veg & legumes",,1,,,,,,,,4
Roasted seaweed snack,Honest Sea,Name brand,Meat & seafood,D,3,,0.0,0.88,6.4,25.7,,,4
Protein peanut butter,Mayers,Name brand,Spreads,D,,562.0,7.0,0.99,5.5,32.0,9.0,,4
Soy Milky Low Sugar,Vitasoy,Name brand,Milk & alternatives,A,4,39.0,1.6,0.2,0.3,3.0,0.2,,4
Cream cheese,Philadelphia,Name brand,Cheese,D,,306.0,4.0,0.93,20.4,6.4,,,4
Natural Greek Style Yoghurt,Woolworths,Supermarket own brand,Yoghurt,C,3,117.0,5.5,0.14,5.3,5.0,,,4
Maltesers Pouch,Maltesers,Name brand,Confectionery,E,,488.0,55.2,0.23,14.0,6.0,,,4
Organic Coconut Milk imp,Australia's Own,Name brand,Milk & alternatives,B,4,18.0,0.1,0.11,1.4,0.1,,3,4
Almond Spread,Macro,Supermarket own brand,Spreads,A,1,617.0,0.1,0.1,0.1,24.0,,,4
Australian Quick Oats,Woolworths,Supermarket own brand,Breakfast cereals,A,1,379.0,1.0,0.04,1.4,12.7,11.3,,4
peanut butter,Bega,Name brand,Spreads,D,4,554.0,10.0,1.56,7.7,17.7,,1,4
Farmers Union Greek Style Yogurt,Farmers Union,Name brand,Yoghurt,C,,123.0,5.2,0.14,6.1,4.5,0.0,,4
Sun Rice - Brown Rice & Quinoa,Sun Rice,Name brand,"Pasta, rice & grains",B,4,155.0,0.8,0.01,0.4,3.6,2.3,2,4
Salted Caramel dark chocolate,Pico,Name brand,Confectionery,E,4,555.0,50.0,0.4,22.0,4.0,5.5,,4
Hommus,null,Name brand,Spreads,C,,315.0,0.5,1.02,2.0,7.0,,,4
Abbott’s Farmhouse Wholemeal,Abbott's Bakery,Name brand,Bread,C,4,268.0,2.8,0.84,0.7,5.5,4.7,2,4
Refried beans,Old El Paso,Name brand,Ready meals,B,4,100.0,0.8,0.67,,6.2,4.6,1,4
Up & Go Liquid Breakfast Choc Ice,Sanitarium,Name brand,Milk & alternatives,B,4,78.0,2.7,0.0,0.2,3.3,1.6,5,4
Tuna in Oil,Woolworths,Supermarket own brand,Meat & seafood,A,3,162.0,0.2,0.6,1.1,26.1,,,4
M &MS Peanut Pouch 180g,M&m's,Name brand,Confectionery,E,4,510.0,53.2,0.12,10.0,9.6,,8,4
Caramilk,Cadbury,Name brand,Confectionery,E,4,552.0,56.8,0.22,19.6,7.2,,2,4
Solo Original Lemon,Solo,Name brand,Soft drinks & juice,E,4,48.0,11.5,0.05,,0.1,,3,4
W/STAR Spread supersoft,Western Star,Name brand,Spreads,D,4,526.0,1.0,1.2,24.7,20.0,0.0,3,4
Coconut yoghurt,cocobella,Name brand,Yoghurt,C,4,129.0,2.0,0.01,8.7,0.9,0.0,1,4
Peanut butter dark roasted,Mayver's,Name brand,Spreads,B,,581.0,4.0,0.64,6.5,25.0,8.0,,4
Chocolate Scotch Finger,Arnott's,Name brand,Biscuits & cakes,E,4,499.0,27.3,1.0,14.1,5.7,2.2,2,4
"Roasted nutbar almond, hazelnut & vanilla",Carman's,Name brand,Muesli & protein bars,C,4,482.0,11.0,0.01,3.3,23.2,10.3,,3
Harvest snaps Baked pea crips chilli,Calbee,Name brand,Chips & salty snacks,C,4,459.0,3.8,1.3,4.9,18.9,10.8,7,3
Tuna Canned,Sirena,Name brand,Meat & seafood,,4,193.0,,,1.1,26.0,,1,3
Gluten Free Sourdough - Grain & Seeds,Abbott's Bakery,Name brand,Bread,B,,263.0,3.5,0.92,0.8,5.9,3.4,,3
Low GI 7 seeds grain,Coles,Supermarket own brand,Bread,B,4,275.0,0.9,0.81,1.4,11.3,,,3
Peanut butter,Bega,Name brand,Spreads,C,3,140.0,5.6,0.01,2.3,5.6,1.2,,3
chocolate milk,Oak,Name brand,Milk & alternatives,C,4,90.0,10.6,0.12,2.2,3.5,,3,3
Hazelnut Spread,Nutino,Name brand,Spreads,E,4,545.0,52.3,0.1,9.0,4.7,,1,3
bbq sauce,Masterfoods,Name brand,Sauces & condiments,,4,,,,,,,3,3
Heart Active 99% Fat Free Milk,Dairy Farmers,Name brand,Milk & alternatives,A,4,,,,,,,1,3
Blood orange juice,Nippy's,Name brand,Soft drinks & juice,,1,47.0,9.3,,0.1,0.7,,,3
Apple,Keri,Name brand,Soft drinks & juice,,1,49.0,10.7,,0.0,0.3,,,3
Kellogs Nutrigrain,Kellogg's,Name brand,Breakfast cereals,C,4,,24.0,0.88,0.5,21.8,5.3,1,3
Honey,Capilano,Name brand,Spreads,D,2,203.0,49.6,0.02,0.0,0.2,0.0,,3
"Protein Rich Almond, Vanilla & Cinnamon",Carmans,Name brand,Breakfast cereals,A,4,398.0,6.9,0.04,1.3,22.7,9.1,,3
Nutrigrain - protein fibre multigrain,Kellogg's,Name brand,Breakfast cereals,C,4,388.0,24.0,0.88,0.5,21.7,5.2,2,3
Soy regular,Sanitarium,Name brand,Milk & alternatives,A,4,65.0,2.0,0.1,0.4,3.2,0.3,3,3
Sultana Bran,Kellogg's,Name brand,Breakfast cereals,C,4,,22.7,0.69,0.4,9.5,14.9,,3
Uncle Toby Cheerios Hny / Oats,Uncle Tobys,Name brand,Breakfast cereals,C,,390.0,17.8,0.66,0.7,6.7,,,3
Classic Hommus,Obela,Name brand,Spreads,C,,,0.0,0.48,2.3,8.0,0.0,1,3
Water Cracker Original,Arnott's,Name brand,Biscuits & cakes,D,3,428.0,0.0,1.58,3.3,10.6,,,3
Arnott's Monte Carlo Biscuits 250G,Arnotts,Name brand,Biscuits & cakes,E,4,488.0,36.7,0.72,11.6,3.3,0.2,7,3
Plus protein,Uncle tibys,Name brand,Breakfast cereals,D,,370.0,21.8,375.0,0.5,14.0,3.4,,3
Tomato Sauce Hidden Veg,Masterfoods,Name brand,Sauces & condiments,C,4,87.0,16.0,1.5,0.7,1.3,,1,3
Iddy Biddy Scoob Snacks,,Unknown,Confectionery,,4,,55.6,,1.0,,,7,3
Mighty Mite,Three Threes (333),Name brand,Spreads,E,4,600.0,4.0,7.85,20.0,8.0,0.2,5,3
Yaourt à la Grecque Vanille,Yoplait,Name brand,Yoghurt,A,,37.0,4.2,0.05,0.1,4.2,,,3
Australian Fresh Full Cream Milk,Coles,Supermarket own brand,Milk & alternatives,,1,66.0,4.3,,2.4,3.5,,,3
W/STAR Spread Soft N Less Salt,Western Star,Name brand,Spreads,,2,,,,,,,,3
Rice cakes,Woolworths,Supermarket own brand,Biscuits & cakes,,3,400.0,1.0,,1.0,8.2,3.1,,3
Lentils (no added salt),Macro,Supermarket own brand,"Fruit, veg & legumes",A,1,99.0,0.1,0.16,0.1,9.6,7.5,,3
Quick Oats,Woolworths,Supermarket own brand,Breakfast cereals,A,1,380.0,1.0,0.04,1.5,13.0,10.7,,3
Traditional Wholemeal wraps,Helgas,Name brand,Bread,C,,300.0,2.1,0.93,3.9,8.3,4.0,,3
Organic Diced Italian Tomatoes,Macro,Supermarket own brand,"Fruit, veg & legumes",A,1,24.0,3.0,0.02,0.1,1.2,0.9,1,3
Brown Sugar & Cinnamon Oats,Uncle Tobys,Name brand,Breakfast cereals,B,4,385.0,20.0,0.01,1.4,10.3,7.4,,3
Fish fingers,Birds Eye,Name brand,Meat & seafood,A,4,203.0,2.7,0.59,0.9,11.1,0.7,2,3
Oat milk unsweetened,Vitasoy,Name brand,Milk & alternatives,C,4,48.0,1.1,0.12,0.3,0.6,0.9,2,3
Rolled Oats,Red Tractor Foods,Name brand,"Pasta, rice & grains",A,1,,1.0,0.01,1.7,13.1,10.2,,3
Muesli Natural Fruit & Nut,,Unknown,Breakfast cereals,A,4,156.0,4.7,0.02,0.7,12.4,4.4,,3
BBQ Meatlovers Family Pizza,McCain,Name brand,Ready meals,D,4,249.0,5.6,1.03,5.0,11.6,0.0,8,3
Beurre,meadow lea,Name brand,Spreads,C,4,531.0,1.0,0.6,15.3,1.0,0.0,5,3
Stir through roasted vegetables,Leggo's,Name brand,Sauces & condiments,C,4,67.0,4.9,1.38,0.8,1.7,2.3,1,3
Rolled Oats,Uncle Tobys,Name brand,Breakfast cereals,E,,382.0,57.1,1.16,4.1,10.3,21.2,,3
Fruit Muesli,Morning Sun,Name brand,Breakfast cereals,A,3,,13.7,0.08,0.4,9.8,12.4,2,3
Fount Tomato Sauce sqz,Fountain,Name brand,Sauces & condiments,D,4,120.0,24.9,2.11,0.0,1.3,,,3
Barbeque rice crackers,Fantastic,Name brand,Chips & salty snacks,C,4,,2.9,0.91,1.7,7.0,0.5,4,3
Purple Sweet Potato Deli Crisps,Ajitas Vege Crisps,Name brand,Chips & salty snacks,D,,480.0,9.5,1.25,10.0,2.5,8.5,,3
Traditional Basil Pesto,Leggo's,Name brand,Sauces & condiments,D,4,236.0,2.3,2.03,2.5,4.7,1.3,,3
YoPRO Banana,Danone,Name brand,Yoghurt,A,,61.0,4.0,0.1,0.2,9.6,,,3
Skim milk,Coles,Supermarket own brand,Milk & alternatives,B,,34.0,5.0,0.05,1.0,3.1,,,3
Bhuja Nut Mix,Bhuja,Name brand,"Fruit, veg & legumes",D,,533.0,6.3,1.13,4.3,20.7,,,3
Salada Wholemeal,Arnotts,Name brand,Bread,D,3,411.0,2.2,2.7,4.3,11.5,5.0,1,3
V8 Original Vegetable Juice,V8,Name brand,Soft drinks & juice,,4,,2.6,0.61,0.1,,,1,3
Coca Cola 600ml Bottle,Coca Cola,Name brand,Soft drinks & juice,E,4,,10.7,0.03,0.0,0.0,,1,3
Vegemite,Vegemite,Name brand,Spreads,A,1,177.0,4.1,1.0,1.0,24.5,8.4,,3
Sunbeam Sultanas,Sunbeam,Name brand,"Fruit, veg & legumes",C,1,,71.3,0.01,0.1,2.4,3.3,,3
Pumpkin Gnocchi,Ollies Kitchen,Name brand,"Pasta, rice & grains",C,4,,0.1,1.4,0.0,4.0,,2,3
pasta sauce,Leggos,Name brand,Sauces & condiments,,3,,,,,,,,3
Almond spread,Naturals,Name brand,Spreads,,,,5.1,,3.7,24.1,17.8,,3
Tangy bbq,Woolworths,Supermarket own brand,Chips & salty snacks,C,,372.0,3.6,1.35,0.8,6.0,2.0,,3
Honey,Beechworth,Name brand,Spreads,,2,335.0,82.1,,0.0,0.4,,,3
Lavosh bites,Kurrajong Kitchen,Name brand,Chips & salty snacks,D,3,466.0,6.1,0.75,6.3,12.0,3.9,,3
Biscuits Scotch Finger,Arnotts,Name brand,Biscuits & cakes,E,4,483.0,18.4,1.24,12.3,5.6,,2,3
Oreo,oreo,Name brand,Biscuits & cakes,E,4,490.0,38.1,0.52,9.9,4.6,,4,3
Creamy french vanilla ice cream,Sara Lee,Name brand,Ice cream & desserts,D,4,224.0,21.2,0.08,9.4,4.1,,4,3
Cadbury old gold dark chocolate old jamaoca rum n raisin,Cadbury,Name brand,Confectionery,E,4,494.0,56.3,0.1,15.7,6.0,,2,3
Pink lady apple & flame raisin,be natural,Name brand,Breakfast cereals,C,4,382.0,22.8,0.53,0.7,8.2,12.8,1,3
SlimRight,Natures way,Name brand,Ready meals,,,347.0,23.9,0.69,1.3,15.9,,,3
Protein lemon with a yoghurty drizzle,uncle tobys,Name brand,Muesli & protein bars,B,4,,16.8,0.2,3.9,20.0,8.9,5,3
Vegemite 40 % less salt,Vegemite,Name brand,Spreads,C,,,3.5,4.95,1.0,21.6,8.8,,3
Chunky soud vide,Herbert Adams,Name brand,Ready meals,D,4,257.0,1.4,0.99,6.6,9.2,,14,3
Original M*lk,Pico,Name brand,Confectionery,,3,551.0,38.0,,22.0,3.0,17.0,,3
Tiny Teddy,Arnott's,Name brand,Biscuits & cakes,E,4,440.0,25.3,2.98,6.5,6.8,,2,3
Greek Style Yoghurt,Tamar Valley,Name brand,Yoghurt,C,3,,5.2,0.15,5.9,5.3,0.0,,3
21 oranges pulp free juice,nudie Foods Australia Pty Ltd,Name brand,Soft drinks & juice,C,,43.0,8.3,0.01,0.4,0.9,,,3
Mundella natural greek yogurt,Mundella,Name brand,Yoghurt,C,3,110.0,3.6,0.14,4.7,4.6,,,3
Fibre one 90 calorie,Fibre One,Name brand,Biscuits & cakes,D,,362.0,30.0,1.04,7.9,4.2,5.2,,3
Salt Reduced Dairy Blend,Western Star,Name brand,Spreads,D,4,,1.2,0.71,28.1,1.0,,5,3
vanilla wafers,Woolworths,Supermarket own brand,Biscuits & cakes,E,4,533.0,36.6,0.06,13.8,5.8,,5,3
Crunchy nut corn flakes,Kellogg's,Name brand,Breakfast cereals,D,4,397.0,31.7,0.38,0.5,6.5,,1,3
Tomato paste,Leggo's,Name brand,"Fruit, veg & legumes",B,3,87.0,9.2,7.8,0.2,3.6,3.5,,3
Greek style lactose free yoghurt,Farmer union,Name brand,Yoghurt,B,3,78.0,6.6,0.14,3.2,5.5,0.0,,3
Brown Rice Middle Eastern Style,Macro,Supermarket own brand,"Pasta, rice & grains",A,3,184.0,0.1,0.25,0.6,4.3,2.6,,3
Free From Lactose Full Cream Milk,Woolworths,Supermarket own brand,Milk & alternatives,B,3,,4.3,0.1,3.4,3.4,,,3
Natural Fat-free Yoghurt,Tamar Valley,Name brand,Yoghurt,A,3,55.0,6.7,0.18,0.1,6.7,,,3
Multi Vitamin Juice,Coles,Supermarket own brand,Soft drinks & juice,C,,45.0,9.4,0.0,1.0,1.0,,,3
Creamy Mushroom with Croutons,Continental,Name brand,Ready meals,,,43.0,0.9,0.66,1.0,0.3,,,3
Keen's Curry powder 60 g,Keen's Foods,Name brand,Sauces & condiments,,1,282.0,0.0,14.45,1.2,10.0,0.4,,3
Pineapple Passion,V8,Name brand,Soft drinks & juice,,4,,,,,,,1,3
Pea & pinto bean stick,Off The Eaten Path,Name brand,Chips & salty snacks,C,,411.0,1.4,0.56,1.3,8.6,,,3
Black Chia Seeds,Macro,Supermarket own brand,"Pasta, rice & grains",,,425.0,6.7,,6.7,14.0,34.7,,3
YoPRO Passionfruit,Danone,Name brand,Yoghurt,,4,,,,,,,1,3
Sesame Falafel,Yumi's,Name brand,"Pasta, rice & grains",B,,840.0,5.2,0.3,1.6,8.4,0.0,,3
Coconut milk,Pandaroo,Name brand,Milk & alternatives,E,,89.0,0.8,0.07,8.1,0.5,,,3
Hazelnuts roasted,Orchard Valley,Name brand,"Fruit, veg & legumes",B,1,,4.6,0.01,2.7,15.4,,,3
Free From Lactose Lite Milk,Woolworths,Supermarket own brand,Milk & alternatives,B,3,45.0,4.9,0.11,0.9,3.4,,,3
Low carb Keto wraps,Simsons Pantry,Name brand,Bread,C,4,248.0,0.5,1.08,4.0,21.2,21.5,10,3
Four Bean Mix,Golden Circle,Name brand,"Pasta, rice & grains",B,3,86.0,3.5,0.29,0.1,3.7,3.6,1,3
Allen's Snakes Alive 200G,Allen’s,Name brand,Confectionery,D,4,337.0,43.8,0.24,0.0,4.5,,6,3
Lemonade,Schweppes,Name brand,Soft drinks & juice,D,4,34.0,8.2,0.01,0.0,0.0,,2,3
Cheds,Arnott's,Name brand,Chips & salty snacks,E,4,504.0,0.9,2.23,7.8,10.0,3.0,3,3
Sardines in Vegetable Oil,seacrown,Name brand,Meat & seafood,B,3,161.0,0.0,1.06,1.8,21.7,0.0,,3
Thai Green Curry,Passage To,Name brand,Ready meals,D,3,167.0,2.1,0.96,5.1,3.5,0.9,,3
Dark Rye,Abbott's Bakery,Name brand,Bread,B,4,258.0,3.0,1.0,0.5,9.4,4.4,1,3
Carmans oat slice,Carman's,Name brand,Muesli & protein bars,E,4,514.0,27.1,0.46,19.7,7.4,5.7,3,3
Almond Milky,Vitasoy,Name brand,Milk & alternatives,C,4,35.0,1.3,0.07,0.2,0.7,1.0,5,3
Double Brie,President,Name brand,Cheese,D,3,361.0,4.0,1.26,22.0,18.8,,,3
sarfines in tomato sauce,John West,Name brand,Meat & seafood,C,3,146.0,1.0,1.48,2.7,13.8,0.9,,3
Milo,Nestle,Name brand,Milk & alternatives,C,4,370.0,27.0,0.3,1.9,13.3,11.0,,3
YoPRO Strawberry,Danone,Name brand,Yoghurt,A,4,59.0,3.4,0.1,0.2,10.0,,1,3
Edgell Black Beans,Edgell,Name brand,"Fruit, veg & legumes",A,4,110.0,2.4,0.74,0.3,9.6,9.1,2,3
Coconut yoghurt dairy free,Cocobella,Name brand,Yoghurt,C,,135.0,5.5,0.01,7.5,0.8,,,3
Chicken flavoured crinkle cut potato chips,Smith's,Name brand,Chips & salty snacks,C,4,,2.5,0.5,2.3,6.9,,7,3
Greek Style Natural,farmers union,Name brand,Yoghurt,C,3,126.0,5.2,0.14,6.5,4.8,,,3
Old Gold Peppermint Dark Chocolate,Cadbury,Name brand,Confectionery,E,4,468.0,56.4,20.0,13.2,4.4,,2,3
Rolled Oats Quick Sachets Apple & Cinnamon,Uncle Tobys,Name brand,Breakfast cereals,B,,382.0,20.0,0.04,1.4,10.3,7.7,,3
SMITHS THINLY ORIGINAL 175GM,Smiths,Name brand,Chips & salty snacks,D,3,547.0,1.1,1.3,2.2,6.7,,4,3
Dolmio Lasagne Bechamel Sauce,Dolmio,Name brand,Sauces & condiments,B,4,,1.8,0.39,1.7,0.3,,,3
Nuttelex Lower Cholesterol,Nuttelex,Name brand,Spreads,D,4,430.0,,0.85,13.0,0.0,,3,3
Quick Oats,Coles,Supermarket own brand,Breakfast cereals,A,,,1.7,0.0,1.6,12.5,12.7,,3
Peckish Flavoured Rice Crackers - Caramelised Onion and Bals,Peckish,Name brand,Chips & salty snacks,D,4,418.0,1.3,1.76,1.8,7.1,,4,3
Sugar Free White Gum Lemon Lime,Wrigley's,Name brand,Confectionery,,4,273.0,0.0,0.0,0.0,0.0,,10,3
Lemonade,Woolworths,Supermarket own brand,Soft drinks & juice,E,4,40.0,9.8,0.03,0.0,0.0,,3,3
Mars 2Pak,Mars®️,Name brand,Muesli & protein bars,E,4,,57.1,0.36,8.2,3.6,,,3
Loaded Supreme Stone Baked Pizza,Coles Kitchen,Supermarket own brand,Ready meals,C,4,183.0,4.0,0.71,6.2,8.0,3.0,3,3
Violet Crumble Santa,Robern Menz (Mfg) Pty Ltd,Name brand,Confectionery,E,,,54.7,0.37,18.5,5.9,,,3
Aged cheder and chives rice crackers,Peckish,Name brand,Chips & salty snacks,,4,,,,,,,9,3
Simply Nuts,Bega,Name brand,Spreads,D,,,5.3,0.15,6.1,27.5,,,3
Natural style swiss blend muesli,Nestlé,Name brand,Breakfast cereals,A,4,366.0,16.0,0.02,1.3,10.9,10.2,3,3
"Pizza Sauce Garlic, Onion & Herbs",Leggo's,Name brand,Sauces & condiments,A,4,70.0,7.1,1.4,0.2,2.9,3.5,3,3
5 grain & seed granola,Carman’s,Name brand,Breakfast cereals,A,,416.0,9.9,0.11,1.9,9.8,14.9,,3
VitaWeat Cracked Pepper crackers,Arnott's,Name brand,Chips & salty snacks,A,,,1.6,0.4,1.2,11.5,11.6,,3
Fresh Full Cream Milk,Coles,Supermarket own brand,Milk & alternatives,,,62.0,4.4,,2.3,3.5,0.0,,3
Masterfoods Dijon Mustard,Masterfoods,Name brand,Sauces & condiments,D,3,119.0,6.8,5.42,0.3,4.5,,1,3
Sultana Bran,Kellogg’s,Name brand,Breakfast cereals,C,3,345.0,28.9,0.67,0.7,9.6,15.1,,3
Fruit medley,Angus Park,Name brand,"Fruit, veg & legumes",B,3,,52.9,0.06,0.1,2.4,7.8,2,3
Roasted chickpeas dark chocolate,The Happy Snack Company,Name brand,Confectionery,D,4,495.0,15.0,0.14,15.0,11.5,11.5,2,3
Organic oat unsweetened,Australia's Own,Name brand,Milk & alternatives,B,3,50.0,2.7,0.1,0.2,1.0,0.5,,3
Raisins Dried Cranberries,Ocean Spray (Aldi),Name brand,"Fruit, veg & legumes",D,,328.0,72.5,0.03,0.0,0.5,0.0,,3
Gucina Matese Tomato basil pasta sauce,Gucina Matese,Name brand,Sauces & condiments,A,4,40.0,3.7,1.32,1.0,1.9,1.0,1,3
Vermicelli Bean Thread,Double Phoenix,Name brand,"Pasta, rice & grains",C,3,349.0,0.1,0.03,0.1,0.4,,,3
Gnocchi,San Remo,Name brand,"Pasta, rice & grains",C,,144.0,0.6,1.25,0.1,2.7,,,3
Bacon Seasoning,Deliciou,Name brand,Sauces & condiments,D,,306.0,12.6,7.0,0.5,10.0,,,3
Coconut pumpkin soup,Hart & Soul,Name brand,Ready meals,C,3,78.0,1.4,0.42,4.0,1.1,0.6,,3
Chewy Milo Muesli Bars,Uncle Tobys,Name brand,Muesli & protein bars,B,4,,14.4,0.08,2.6,7.6,12.0,4,3
Wheat Free Rolled Oats,,Unknown,Breakfast cereals,,,385.0,1.0,,1.8,13.0,,,3
Obento Rice Vinegar Japanese,Obento,Name brand,Sauces & condiments,,2,11.0,1.0,0.59,0.1,0.1,0.5,,3
essential traditional muesli,woolworths,Supermarket own brand,Breakfast cereals,,4,,13.1,0.03,,10.9,9.8,2,3
Lightly Coconut Rice,Ben's Original,Name brand,"Pasta, rice & grains",,,175.0,1.0,,3.3,3.1,,,3
Crumbed Chicken Breast Tenders,Steggles,Name brand,Meat & seafood,B,4,220.0,0.5,0.94,2.1,12.7,1.0,8,3
Crushed Tomatoes,SPC,Name brand,"Fruit, veg & legumes",A,,19.0,2.5,0.03,0.1,0.9,1.2,,3
Soy Greek yogurt,Vitasoy,Name brand,Yoghurt,A,,120.0,2.8,0.24,2.1,9.4,0.4,,3
Gluten free fettuccini,San Remo,Name brand,"Pasta, rice & grains",A,3,,2.0,0.05,0.5,8.0,1.1,,3
Dairy free mozzarella,Made With Plants,Name brand,Milk & alternatives,D,4,262.0,0.0,1.8,12.5,0.0,3.6,6,3
Raspberry and coconut granola,Garmans,Name brand,Breakfast cereals,A,4,399.0,4.9,0.01,4.7,10.0,17.2,,3
Red kidney beans,,Unknown,"Fruit, veg & legumes",,,100.0,0.8,,,8.5,,,3
Sour squirms,,Unknown,Confectionery,C,4,50.0,50.2,0.2,1.0,1.9,,3,3
Weet-Bix Blends Hi-Bran,Weetbix,Name brand,Breakfast cereals,C,,362.0,8.3,0.34,3.8,12.7,,,3
Rice cakes,Sunrice,Name brand,Biscuits & cakes,C,,394.0,1.9,1.25,1.1,7.1,,,3
Thickened cream,Devondale,Name brand,Milk & alternatives,D,,330.0,3.0,0.13,24.0,2.0,,,3
Crackers Southern Fried Chicken,Doritos,Name brand,Chips & salty snacks,B,4,,,,,,,8,3
Shapes Hawaiian Pizza,Arnott's,Name brand,Biscuits & cakes,,4,,3.3,1.09,,7.5,3.4,8,3
Margarine,Olive Grove,Name brand,Spreads,C,4,488.0,0.1,0.34,14.8,0.0,,5,3
Peanut butter,Beqa,Name brand,Spreads,D,,600.0,5.3,0.39,6.0,27.5,,,3
Dairy Farmers Classic Limited Edition Choc Honeycomb Flavour,Dairy Farmers,Name brand,Milk & alternatives,B,4,72.0,8.9,0.1,1.6,3.2,0.2,1,3
Unsalted butter 250g,Western Star,Name brand,Spreads,,2,,,,,,,,3
Extra White Sugar Free Chewing Gum In Bottle 64G,Wrigley's Extra White,Name brand,Confectionery,,4,241.0,0.0,0.07,0.0,0.0,0.0,12,3
RR DELI CHIP S/SALT&B/VIN 165GM,Red Rock Deli,Name brand,Chips & salty snacks,D,4,489.0,2.5,1.83,1.8,7.5,,4,3
Tortilla rounds,Mission,Name brand,Chips & salty snacks,D,3,248.0,29.2,0.39,1.2,3.4,,,3
CAD Marvellous Creations (Jelly Popping Candy Beanies),Cadbury,Name brand,Muesli & protein bars,E,4,514.0,58.4,0.18,16.0,6.4,,9,3
Cheese tasty,Bega,Name brand,Cheese,D,3,411.0,,1.62,23.8,24.8,,,3
CAD Twirl breakaway bar 40g,Cadbury,Name brand,Muesli & protein bars,E,4,545.0,46.5,0.23,19.5,7.5,,3,3
Almond milk imp,Australia's Own Organic,Name brand,Milk & alternatives,C,4,26.0,1.2,0.04,0.2,0.6,0.4,2,3
Thick&Creamy Field strawberry,Dairy Farmers,Name brand,Yoghurt,C,4,113.0,10.3,0.1,4.1,3.6,0.2,3,3
Tamar valley dairy kids,Tamar Valley,Name brand,Yoghurt,C,4,94.0,3.6,0.09,4.3,3.4,0.0,,3
Original Salted Butter 250g,Western Star,Name brand,Spreads,E,2,718.0,2.0,1.6,54.0,2.0,0.0,,3
Masterfood Sweet Chilli Sauce sqz,Master Foods,Name brand,Sauces & condiments,E,4,250.0,54.3,4.12,0.1,0.2,,1,3
YoPRO Strawberry Yoghurt,YoPRO,Name brand,Yoghurt,A,,59.0,3.4,0.1,0.2,9.6,,,3
Diced Italian Tomatoes No Added Salt,Woolworths,Supermarket own brand,"Fruit, veg & legumes",A,1,23.0,2.5,0.03,0.1,0.8,1.9,1,3
Tim Tam Double Coat,Arnotts,Name brand,Biscuits & cakes,E,4,525.0,47.7,0.0,15.8,5.0,,6,3
Passage To Asia Teriyaki Chicken Stir Fry Sauce,Passage Foods,Name brand,Sauces & condiments,E,4,138.0,25.4,2.23,0.1,1.2,,1,3
White Corn Tortillas,Mission,Name brand,Bread,A,4,215.0,1.9,0.1,0.4,4.6,5.0,4,3
Petit Miam,Yoplait,Name brand,Ice cream & desserts,B,,73.0,7.6,0.11,1.5,3.4,,,3
NES Milkybar single bar 50g,Nestle,Name brand,Muesli & protein bars,E,,559.0,54.0,0.2,20.0,8.0,,,3
CAD Fruit & Nut,Cadbury,Name brand,Confectionery,E,4,513.0,54.4,0.17,15.5,8.0,,2,3
"Dark Choc, Coconut & Macadamia NutBar",Carman's,Name brand,Muesli & protein bars,D,4,531.0,17.2,0.05,10.0,13.8,7.2,1,3
Caramilk Slices Caramel,Cadbury,Name brand,Muesli & protein bars,E,4,536.0,52.4,0.32,18.4,5.6,,5,3
Spécial K Forest Berries,Kellogg's,Name brand,Breakfast cereals,B,4,48.0,7.1,0.3,0.0,6.9,0.0,,3
"Tomato, onion and roast garlic Pasta Sauce",Dolmio,Name brand,Sauces & condiments,A,3,50.0,5.5,0.78,0.1,1.8,,1,3
MISSION CORN CHIP NACHOS 230G,Mission,Name brand,Chips & salty snacks,D,4,478.0,3.7,1.37,2.0,7.6,0.0,7,3
Yoplait Forme French Vanilla,Yoplait,Name brand,Yoghurt,A,4,37.0,3.8,0.13,0.1,4.0,1.3,7,3
Coles hommus dip,Coles,Supermarket own brand,Spreads,B,4,244.0,0.5,1.0,1.8,6.0,5.2,1,3
Helga’s Traditional White,Helgas,Name brand,Bread,D,,301.0,3.8,0.83,6.3,8.0,3.9,,3
Banana Mini Muffins,Coles,Supermarket own brand,Biscuits & cakes,D,4,,26.9,0.82,1.2,5.2,1.9,4,3
Corn Kernels,Coles,Supermarket own brand,"Pasta, rice & grains",,3,74.0,3.5,0.48,,2.6,2.8,,3
Quick sachets creamy honey,Uncle Tobys,Name brand,Breakfast cereals,,4,389.0,,0.01,,10.0,1.6,,3
Master food hot English mustard,masterfoods,Name brand,Sauces & condiments,,4,,,,,,,3,3
Asian laksa,Continental,Name brand,Ready meals,,,56.0,1.1,0.66,1.5,0.9,0.2,,3
Cherry Tomatoes,4ways Fresh Produce,Name brand,"Fruit, veg & legumes",A,1,,,,,,,,3
Delta Cream Biscuits,Arnotts,Name brand,Biscuits & cakes,E,4,488.0,34.8,0.0,11.0,4.1,0.0,3,3
Pure Honey,Cloverdale,Name brand,Spreads,,2,50.0,82.1,,0.0,0.2,,,3
Rye Bread,King Henry’s Bakehouse,Name brand,Bread,B,4,,0.7,0.96,0.4,14.1,,1,3
Special K Cracker Crisps Honey Barbeque,Kellogs,Name brand,Chips & salty snacks,C,,408.0,7.1,1.96,1.2,5.7,8.8,,3
Helga's Soy and Linseed Bread 850G,,Unknown,Bread,A,,260.0,3.2,0.04,1.0,11.3,,,3
Pumpkin seed and grain,Helga's,Name brand,Bread,C,,272.0,2.5,0.95,1.2,10.0,,,3
Wonder toast white,Wonder,Name brand,Bread,A,,233.0,2.2,0.89,1.0,8.3,8.3,,3
Long grain white rice,Coles,Supermarket own brand,"Pasta, rice & grains",A,1,364.0,0.0,0.05,1.0,6.8,1.6,,3
Lite Milk,Coles,Supermarket own brand,Milk & alternatives,A,,47.0,5.2,0.3,1.0,3.4,1.0,,3
Milo high in protein,Nestle,Name brand,Breakfast cereals,B,4,,22.5,0.36,1.4,24.1,5.9,1,3
Special K Lower Sugar,Kellogg's,Name brand,Breakfast cereals,A,4,406.0,9.5,0.46,1.2,15.2,7.0,1,3
Hazelnut Spread,Nutino,Name brand,Spreads,E,4,543.0,52.3,0.24,9.0,4.7,,1,3
Aged Balsamic Vinegar of Modena,Moro,Name brand,Sauces & condiments,,4,125.0,19.1,0.17,0.0,0.7,0.5,2,3
White corn strips deli style,Mission,Name brand,Chips & salty snacks,C,3,511.0,1.0,0.82,2.3,6.3,7.6,,3
Caramelised onion,Kettle,Name brand,Chips & salty snacks,,,470.0,8.0,,2.0,9.0,0.5,,3
Shapes Nacho Cheese,Arnott's Shapes,Name brand,Biscuits & cakes,D,4,523.0,2.3,1.22,3.9,7.9,,13,3
Peckish Thins Rice Cracker Cheddar Cheese,Peckish,Name brand,Chips & salty snacks,D,4,,2.6,1.4,2.5,7.7,0.0,1,3
Crunchy nut corn flakes,Kellogg's,Name brand,Breakfast cereals,D,,403.0,31.4,0.89,0.6,7.4,3.7,,3
Natural Vanilla Extract,Queen,Name brand,Sauces & condiments,,4,335.0,70.9,0.01,0.0,0.0,0.0,1,3
Doritos Thai Sweet Chilli,Doritos,Name brand,Chips & salty snacks,D,4,511.0,5.2,1.44,2.6,7.8,,8,3
5  Grain & Seed Granola,Carman’s,Name brand,Breakfast cereals,A,4,404.0,14.0,0.04,1.7,8.1,14.9,,3
Lite Milk,Coles,Supermarket own brand,Milk & alternatives,,,45.0,4.5,,0.9,3.6,0.0,,3
Zymil Full Cream Milk,Pauls,Name brand,Milk & alternatives,B,,66.0,4.9,0.15,2.3,3.6,0.0,,3
Low carb super grains,Simson's Pantry,Name brand,"Pasta, rice & grains",C,4,236.0,2.4,0.82,3.3,13.6,,8,3
sandwich stickers,Fehlbergs,Name brand,Sauces & condiments,A,4,,12.1,0.35,1.0,0.7,,2,3
Nourish Bowl,Edgell,Name brand,Ready meals,A,4,182.0,0.8,0.47,1.1,6.4,5.6,1,3
Fountain Barbeque Sauce,Fountain,Name brand,Sauces & condiments,E,4,226.0,48.3,9.28,0.0,0.6,0.0,6,3
Coles organic chickpeas,Coles,Supermarket own brand,"Fruit, veg & legumes",A,,118.0,1.2,0.62,1.2,6.4,6.4,,3
Stringers,Bega,Name brand,Cheese,C,,311.0,0.9,0.65,14.7,25.3,,,3
100% Pure Canadian Maple Syrup,Queen,Name brand,Ice cream & desserts,D,,366.0,80.0,0.04,0.0,0.0,,,3
Gluten Free Deli Wafers,Simply Wize,Supermarket own brand,Biscuits & cakes,D,4,366.0,1.0,2.23,1.0,0.2,0.1,3,3
Tempeh,,Unknown,"Fruit, veg & legumes",A,3,124.0,0.5,0.8,0.9,15.0,,,3
Whole tomatoes,Coles,Supermarket own brand,"Fruit, veg & legumes",,1,45.0,6.2,,1.0,2.2,2.0,1,3
Crunchy peanut butter,Coles,Supermarket own brand,Spreads,C,4,627.0,6.6,0.17,12.4,27.3,5.9,1,3
Sauerkraut,Mediterranean's Best,Name brand,Ready meals,,,,0.7,0.01,0.0,0.0,,,3
Petit miam starwberry yogurt,Yoplait,Name brand,Yoghurt,B,4,72.0,7.6,0.12,1.4,3.3,0.1,3,3
Chocolate Block Dairy Milk,Cadbury,Name brand,Confectionery,E,4,,56.0,0.08,19.2,7.6,,2,3
Original mayonnaise,Heinz,Name brand,Sauces & condiments,D,4,626.0,2.8,1.35,6.0,0.8,,4,3
Plant-based Schnitzels,Plantein,Name brand,Ready meals,A,4,155.0,1.4,1.1,0.7,13.4,5.0,5,3
Protein Smoothie - Choc Honeycomb,Rokeby Farms,Name brand,Milk & alternatives,B,3,60.0,3.9,0.06,1.1,7.1,,,3
Unsalted peanuts,Woolworth,Name brand,"Fruit, veg & legumes",D,3,582.0,5.3,0.04,8.3,25.0,8.3,,3
Coca Cola,Coke Zero,Name brand,Soft drinks & juice,E,,108.0,27.0,0.06,3.0,0.0,,,3
Carmans Porridge Apple Sultana & Cinnamon,Carman's,Name brand,Breakfast cereals,A,,157.0,3.6,0.0,0.6,5.2,3.6,,3
Nestle Cereal Bars Milo,Milo,Name brand,Muesli & protein bars,D,4,370.0,24.4,0.2,4.1,5.6,8.9,8,3
Protein peanut butter,Mayver's,Name brand,Spreads,B,,559.0,6.5,0.94,5.0,32.0,9.5,,3
Cheese slices,Cheer,Name brand,Cheese,E,,406.0,6.2,2.36,28.1,25.6,,,3
Cream Cheese Light Spread Tube,Philadelphia,Name brand,Cheese,D,,170.0,4.0,0.65,9.6,7.9,,,3
Cucumber baby,Always Fresh,Name brand,"Fruit, veg & legumes",B,4,48.0,7.9,1.04,0.1,1.9,,,3
Heinz Salad Cream,Heinz,Name brand,Sauces & condiments,D,4,,14.9,0.85,3.6,2.4,0.0,5,3
Almond Milk (High-Protein),Sanitarium,Name brand,Milk & alternatives,B,4,38.0,0.2,0.09,0.2,4.1,0.3,2,3
Up and go,Up & Go,Name brand,Milk & alternatives,C,4,78.0,6.4,0.07,0.2,3.3,1.6,5,3
TimTam White,ARNOTT'S,Name brand,Biscuits & cakes,E,4,533.0,45.9,0.34,18.6,4.4,1.1,4,3
Tomato Sauce - No added sugar,Fountain,Name brand,Sauces & condiments,C,4,67.0,4.7,1.42,0.0,1.3,2.0,4,3
Artisan crackers cran & sunflower,Olina’s Bakehouse,Name brand,Chips & salty snacks,D,3,428.0,22.1,1.93,1.7,9.9,7.9,1,3
Power Mix 5 nut and seed spread,Coles- Wellness Road,Supermarket own brand,Spreads,A,3,584.0,5.8,0.53,4.8,25.9,11.8,,3
Cashew spread,Macro,Supermarket own brand,Spreads,B,1,610.0,5.0,0.1,9.0,21.0,5.0,,3
Just Right,Kellogg's,Name brand,Breakfast cereals,B,,358.0,23.0,0.0,0.5,8.0,10.0,,3
Rolled Oats,Uncle Tobys,Name brand,Breakfast cereals,B,4,,19.7,0.02,1.3,11.3,7.2,,3
cottage cheese,Woolworths,Supermarket own brand,Cheese,C,4,93.0,5.7,0.83,1.6,11.3,,5,3
Cluster Berry crumble,Arnold's Farm,Name brand,Breakfast cereals,B,,437.0,14.3,0.15,1.8,10.8,7.8,,3
Fat Free Yoghurt,Jalna,Name brand,Yoghurt,A,,52.0,5.5,0.23,0.1,5.3,,,3
Basil pesto,Woolworths,Supermarket own brand,Sauces & condiments,D,4,478.0,3.9,1.32,6.4,4.5,2.0,3,3
roasted and salted cashews,Woolworths,Supermarket own brand,"Fruit, veg & legumes",C,,607.0,5.3,0.49,8.7,19.7,4.4,,3
Farmbake Cookies Chocolate Chip Fudge,Arnott's,Name brand,Biscuits & cakes,E,,,37.0,0.52,9.9,5.2,,,2
Unhulled Tahini,Mayver's,Name brand,Spreads,D,,678.0,0.5,0.01,9.5,19.2,,,2
Protien,Nature Valley,Name brand,Muesli & protein bars,E,4,485.0,16.5,0.97,9.2,25.5,,2,2
Chewy Forest Fruits Flavour,Uncle Tobys,Name brand,Muesli & protein bars,,,374.0,17.3,,1.9,6.7,,,2
Watermelon burst,Wrigley's,Name brand,Confectionery,,4,,0.0,0.0,0.0,0.0,0.0,11,2
Mini beef dim sims,Coles,Supermarket own brand,Ready meals,C,3,215.0,3.3,0.85,5.3,6.6,,,2
pasta bake creamy tomato and mozzarella sauce,Dolmio,Name brand,Sauces & condiments,C,4,80.0,4.1,1.21,2.8,2.1,,,2
Barista Oat,,Unknown,"Pasta, rice & grains",B,,59.0,2.5,0.14,0.4,0.6,,,2
Spaghetti,Woolworths,Supermarket own brand,"Pasta, rice & grains",A,1,360.0,3.0,0.01,0.4,13.0,3.8,,2
red kidney beans,coles,Supermarket own brand,"Fruit, veg & legumes",,4,102.0,1.2,0.43,,8.1,6.5,2,2
Sunrice Jasmine Rice,Sunrice,Name brand,"Pasta, rice & grains",,,355.0,,0.02,,7.1,,,2
Super dark 85% cocoa,Pico,Name brand,Confectionery,,3,625.0,14.0,0.01,,10.0,13.0,,2
Vintage cheddar,Cracker Barrel,Name brand,Cheese,,,420.0,,,23.6,26.0,,,2
Chia Black Seeds,red tractor,Name brand,"Pasta, rice & grains",,,297.0,0.7,,2.7,0.0,22.7,,2
No Net Tuna in Spring Water,Safcol,Name brand,Meat & seafood,A,,,1.0,0.12,0.5,25.5,0.0,,2
Hommus,,Unknown,Spreads,C,,237.0,3.0,1.02,1.0,6.0,,,2
Pure Organic,Paul's,Name brand,Milk & alternatives,A,1,,5.1,0.14,0.6,3.6,,,2
Grain free granola,Carman's,Name brand,Breakfast cereals,D,3,593.0,8.2,0.12,12.2,16.9,9.8,,2
Corn chips Lightly Seasoned,Smiths,Name brand,Chips & salty snacks,A,4,515.0,1.5,0.45,2.5,8.5,5.5,7,2
Almond coconut quench milk,pure harvest,Name brand,Milk & alternatives,A,3,,2.2,0.12,1.0,0.4,1.0,,2
Hopkins Falls Tasty,Great Ocean Road,Name brand,Cheese,,3,,0.0,,23.0,27.0,0.0,,2
Salted beer nuts,Nobby's,Name brand,Chips & salty snacks,D,,615.0,4.7,1.28,9.3,27.7,10.7,,2
Brown rice & red quinoa,Coles,Supermarket own brand,"Pasta, rice & grains",A,,196.0,0.0,0.01,1.0,3.9,2.4,,2
,Coles,Supermarket own brand,Sauces & condiments,D,,538.0,7.4,0.66,3.9,1.0,,,2
Shapes,Arnott's,Name brand,Biscuits & cakes,D,,,5.2,1.8,5.1,6.6,3.2,,2
Salted caramal greek yogurt,Chobani,Name brand,Yoghurt,A,4,56.0,3.0,0.09,0.1,9.1,0.0,6,2
Greek yoghurt,Farmers Union,Name brand,Yoghurt,B,4,,,,,,,2,2
Ice Cream Vanilla - 4L,Peters,Name brand,Ice cream & desserts,D,,182.0,22.6,0.23,5.0,1.7,,,2
dairylea Cheddar,Mondelez international group,Name brand,Cheese,D,4,,4.0,4.88,17.6,19.2,0.0,4,2
Active balance fruit & seeds muesli,,Unknown,Breakfast cereals,C,4,430.0,16.6,0.16,4.3,10.6,10.6,3,2
cauliflower cashew soup,Hart & Soul,Name brand,Ready meals,A,3,84.0,1.2,0.23,0.9,1.8,1.0,,2
Butter Chicken,Hart & Soul,Name brand,Meat & seafood,C,3,201.0,4.7,0.78,2.4,6.5,,,2
Dijon Mustard,,Unknown,Sauces & condiments,B,3,74.0,3.1,4.67,0.1,5.4,6.8,1,2
Natural Pot Set Yogurt,Coles,Supermarket own brand,Yoghurt,B,3,76.0,5.6,0.15,2.3,5.0,0.0,,2
Shapes Vegemite & Cheese,Arnott's,Name brand,Chips & salty snacks,D,4,490.0,0.4,1.3,3.6,8.4,3.6,4,2
Original soy milk,Woolworths,Supermarket own brand,Milk & alternatives,B,,60.0,1.7,0.68,0.2,3.4,,,2
Fry's Turkish Delight,FrysCadbury,Name brand,Muesli & protein bars,D,4,373.0,52.3,0.06,4.9,1.5,,7,2
Organic Kombucha Raspberry Lemonade,Remedy Kombucha,Name brand,Soft drinks & juice,,4,3.0,,0.0,0.0,0.0,0.2,1,2
Soy and Linseed,Jesse’s Bakery,Name brand,Bread,B,3,,0.4,0.56,0.2,9.0,,,2
Gluten Free Taco Spice Mix,Old El Paso,Name brand,Sauces & condiments,D,,308.0,27.7,16.8,1.0,6.2,8.3,,2
Dairy soft salt reduced,Devondale,Name brand,Spreads,E,2,660.0,0.0,0.65,40.0,0.0,,,2
"Crunchy Oat Clusters - Oat, Vanilla & Cinnamon",Carman's,Name brand,Breakfast cereals,,,411.0,15.1,,2.0,8.7,7.1,,2
Old Gold More with Fruit n Nut,Cadbury,Name brand,Confectionery,E,4,507.0,51.2,0.03,13.8,7.2,,2,2
Apple cider vinegar,Cornwell,Name brand,Sauces & condiments,,2,,,,,,,,2
Footy Franks Skinless,Don,Name brand,Meat & seafood,D,,165.0,1.6,2.82,3.5,12.6,,,2
Strawberry yoghurt crunch,Belvita,Name brand,Muesli & protein bars,C,,,25.6,0.56,3.0,7.0,4.3,,2
Stuffed green olives,Woolworths,Supermarket own brand,Sauces & condiments,D,,120.0,0.7,4.13,6.7,0.7,2.0,,2
Milk,Woolworths,Supermarket own brand,Milk & alternatives,A,,63.0,4.8,0.11,0.8,3.4,,,2
5 whole grain flakes,Be Natural,Name brand,Breakfast cereals,A,,366.0,13.3,0.6,0.4,9.1,13.4,,2
Pura Original Milk,Pura,Name brand,Milk & alternatives,B,1,,4.8,0.11,2.3,3.4,,,2
Tuna - Oil Italian Style,Sirena,Name brand,Meat & seafood,B,3,,0.0,1.2,1.0,24.0,,,2
Maleny Daries Low Fat Milk,Maleny Dairies,Name brand,Milk & alternatives,A,1,50.0,5.3,0.12,0.9,3.5,0.0,,2
Tasmanian Cold Smoked Salmon,Huon,Name brand,Meat & seafood,D,3,,0.5,3.07,1.8,24.3,,,2
Smooth peanut butter,Macro,Supermarket own brand,Spreads,D,,640.0,5.0,0.06,10.0,26.0,8.0,,2
Boysenberry Twist Yogurt,Gippsland Dairy,Name brand,Yoghurt,C,4,,16.7,0.15,4.0,5.9,0.0,5,2
Italian Peeled Tomatoes,Annalisa,Name brand,"Fruit, veg & legumes",B,1,22.0,3.3,0.01,0.0,1.4,,,2
Premium coconut milk,Pandaroo,Name brand,Milk & alternatives,C,,67.0,1.0,0.03,3.7,0.6,,,2
White Quinoa,MACRO WHOLEFOODS MARKET,Supermarket own brand,"Pasta, rice & grains",,1,385.0,2.0,,2.0,14.2,4.0,,2
Coconut oil butter,Nutellex,Name brand,Spreads,D,4,573.0,0.0,0.95,20.9,0.0,,2,2
mixed seed bagels,grandma moses bakery,Name brand,Bread,C,,,5.2,0.82,1.1,6.7,,,2
Momen Tofu,Fifya,Name brand,"Fruit, veg & legumes",,3,,,0.01,0.4,5.2,0.1,,2
chocolate ice cream,Valhalla,Name brand,Ice cream & desserts,C,4,,,,,,,2,2
Thomas Dux persian fetta,Thomas Dux,Name brand,Cheese,C,,248.0,1.3,0.74,3.1,13.2,,,2
Mexican style brown rice,Ben's Original,Name brand,"Pasta, rice & grains",B,4,154.0,3.1,0.56,0.2,3.1,,,2
Twist liquorice,Darrell Lea,Name brand,Confectionery,C,4,277.0,29.0,0.0,1.0,3.0,,2,2
Honey,,Unknown,Spreads,,2,,0.0,,0.0,,,,2
Honey smith,,Unknown,Spreads,,2,335.0,82.1,,0.0,0.0,,,2
banana greek yogurt,Chobani,Name brand,Yoghurt,,4,59.0,,,,9.6,,6,2
Parmesan,Perfect Italiano,Name brand,Cheese,E,4,368.0,5.0,2.13,19.0,32.0,,2,2
Beef massaman,Sumin,Name brand,"Pasta, rice & grains",,,121.0,0.5,0.0,0.7,2.0,0.2,,2
Delites Sea Salt & Balsamic Vinegar,Fantastic,Name brand,Chips & salty snacks,C,4,,3.6,1.63,1.4,4.9,2.3,7,2
Sliced Beetroot,Edgell,Name brand,"Fruit, veg & legumes",A,3,43.0,8.7,0.7,0.2,1.2,,,2
Apricot Nectar,Golden Circle,Name brand,Soft drinks & juice,E,4,,14.3,0.0,0.0,0.2,,1,2
Tortillas original,Mission,Name brand,Bread,D,4,299.0,5.6,1.07,4.4,7.8,,9,2
Dried  tomatoes,Sandhurst,Name brand,Sauces & condiments,,,36.0,,,,,,,2
Lemon juice,Woolworths,Supermarket own brand,Soft drinks & juice,B,,29.0,2.0,0.03,1.0,1.0,,,2
Bega Tasty cheese slices 30 pack,Bega,Name brand,Cheese,D,3,,4.7,1.79,21.2,24.1,0.0,,2
Khobz Wholemeal Pita,,Unknown,Bread,A,3,,1.5,0.62,0.3,11.8,5.4,,2
Pizza blend shredded cheese,Coles,Supermarket own brand,Cheese,D,,344.0,1.0,0.64,17.8,26.0,,,2
Jatz,Arnott's,Name brand,Chips & salty snacks,D,,466.0,6.0,1.23,4.0,7.6,,,2
Nutella B-Ready,Nutella,Name brand,Muesli & protein bars,E,,514.0,47.3,0.55,9.5,7.3,,,2
vegemite,Vegemite,Name brand,Spreads,C,,177.0,4.1,8.25,1.0,24.5,8.4,,2
Crumbed fish fillets,Woolworths,Supermarket own brand,Meat & seafood,A,4,215.0,3.8,0.79,1.0,11.8,1.2,,2
Worcestershire sauce,Woolworths,Supermarket own brand,Sauces & condiments,D,4,120.0,19.4,1.64,0.1,0.8,,,2
Vietnamese beef pho kit,Mr Chen's,Name brand,"Pasta, rice & grains",B,4,84.0,1.2,0.0,0.2,2.0,0.4,1,2
Australian Sweet Potato,Coles,Supermarket own brand,Chips & salty snacks,A,4,183.0,9.9,0.18,1.0,1.1,6.0,6,2
Curry & Co. Rich Massaman Curry Paste,Curry & Co,Name brand,Sauces & condiments,D,3,,5.7,4.55,0.3,2.9,,1,2
Tzatziki,Chris,Name brand,Sauces & condiments,B,,100.0,3.5,0.78,2.0,5.0,,,2
Chicken stock powder,Massel,Name brand,Sauces & condiments,C,4,3.0,0.0,468.0,0.0,0.2,,,2
Light & Tangy,Thins,Name brand,Chips & salty snacks,E,4,,4.0,1.76,14.3,6.1,2.6,2,2
Vegemite,Mondelez Australia Foods,Name brand,Spreads,C,,174.0,0.0,3.3,0.0,26.0,8.0,,2
Deep sea Dory,Birds Eye,Name brand,Meat & seafood,B,4,204.0,3.3,0.83,0.8,10.4,,1,2
Spring Rolls,PacificWest,Name brand,Chips & salty snacks,D,,256.0,3.1,1.27,3.6,3.9,,,2
Nesquik Wake Up Your Milk Chocolate,Nestlé,Name brand,Confectionery,,4,413.0,80.0,,1.8,4.5,,1,2
Light and creamy choc Carmel and vanilla swirl,Peters,Name brand,Ice cream & desserts,,,162.0,,,,3.2,,,2
Mexican Style Chilli Beans,Coles,Supermarket own brand,"Fruit, veg & legumes",,3,82.0,2.5,1.06,1.0,,5.0,1,2
Chef's Choice unsalted cultured butter,Western Star,Name brand,Spreads,E,2,741.0,1.0,0.04,54.7,1.0,0.0,,2
Unsalted Butter,Essentials,Supermarket own brand,Spreads,E,2,740.0,0.0,0.25,54.0,0.0,,,2
Parmesan cheese,Kraft,Name brand,Cheese,,3,,,,,,,,2
Crunchy peanut butter,Coles,Supermarket own brand,Spreads,,3,627.0,,0.93,8.8,27.5,,1,2
Extra - Peppermint,Wrigley's Extra,Name brand,Confectionery,,4,,0.0,0.01,0.0,0.0,0.0,6,2
Tuna lemon pepper,Greenseas,Name brand,Meat & seafood,B,3,98.0,0.1,0.91,2.2,15.5,,,2
Light Start Milk,Pura,Name brand,Milk & alternatives,B,,40.0,4.5,0.1,0.6,3.2,,,2
Greek style yoghurt & Berry,Carman's,Name brand,Muesli & protein bars,D,4,478.0,23.0,0.44,5.5,25.8,4.8,2,2
Organic Crunchy Peanut Butter,Macro,Supermarket own brand,Spreads,A,1,641.0,4.6,0.01,9.9,26.1,8.0,,2
Hulled Tahini,Macro,Supermarket own brand,Spreads,D,,660.0,0.0,0.14,9.5,22.0,10.0,,2
Maltesers Mini Pack,Maltesers,Name brand,Muesli & protein bars,E,4,525.0,57.5,0.27,15.0,6.7,,4,2
Lemon cream Yogurt,Dairy Farmers,Name brand,Yoghurt,C,4,123.0,12.7,0.4,4.1,3.5,0.0,2,2
PICNIC,Cadbury,Name brand,Muesli & protein bars,E,,525.0,43.5,0.34,12.0,8.5,,,2
Grain waves,Sunbites,Name brand,Chips & salty snacks,C,4,481.0,6.4,0.94,2.1,7.1,6.4,5,2
Cashew Chicken,Passage to India,Name brand,Sauces & condiments,D,4,100.0,6.2,1.8,3.4,2.6,,3,2
The nature Party Mix Lollies,The Natural Confectionery Co,Name brand,Confectionery,D,4,345.0,46.8,0.08,2.0,2.0,,5,2
Nutri Grain Edge Oat Clusters,Kellogs,Name brand,Breakfast cereals,E,4,,24.0,875.0,0.5,21.8,5.3,2,2
Tasty cheese,Bega,Name brand,Cheese,D,,247.0,4.0,1.5,9.2,34.4,,,2
Leggo's Tomato Paste,Leggo's,Name brand,"Fruit, veg & legumes",A,1,79.0,9.6,0.09,0.2,3.5,3.5,,2
Fiery Tuna & Tangy Jalapeños,John West,Name brand,Meat & seafood,B,4,196.0,0.6,1.12,1.4,18.9,,,2
Pana Cacao Menthe 45G Pana Cacao,Pana Cacao,Name brand,Muesli & protein bars,E,3,564.0,24.2,0.17,33.2,6.9,,,2
Gluten free instant lasagna sheets,San Remo,Name brand,"Pasta, rice & grains",B,,359.0,1.0,0.01,0.5,8.1,2.4,,2
Greek Style All Natural Yogurt,Farmers Union,Name brand,Yoghurt,C,3,119.0,5.2,0.06,6.1,4.5,,,2
French Onion Dip,Coles,Supermarket own brand,Sauces & condiments,D,4,182.0,2.8,0.65,7.4,4.6,1.1,3,2
Chobani Greek yogurt vanilla,Chobani,Name brand,Yoghurt,A,,78.0,9.6,0.08,0.1,8.3,,,2
Four bean mix,Woolworths,Supermarket own brand,"Fruit, veg & legumes",A,4,101.0,1.3,0.04,0.1,5.3,6.4,2,2
Marinated Goat Cheese,Meredith Dairy,Name brand,Cheese,E,3,294.0,2.0,2.38,14.0,14.0,,,2
Rolled Oats Quick Sachets Classic Variety,Uncle Tobys,Name brand,Breakfast cereals,B,4,389.0,19.7,0.03,1.4,10.0,85.7,,2
K-Time Baked Twists Strawberry & Yoghurt,Kellogg's,Name brand,Muesli & protein bars,D,4,362.0,31.9,0.45,1.6,3.5,,14,2
Snackers Roasted beetroot,Olina's,Name brand,Chips & salty snacks,D,4,570.0,4.0,1.35,6.0,18.8,15.2,3,2
Breakfast juice,Golden Circle,Name brand,Soft drinks & juice,C,4,47.0,9.7,0.0,0.0,0.3,,1,2
Mountain Dew Energised,Mountain Dew,Name brand,Soft drinks & juice,E,,47.0,12.3,0.04,,0.0,,,2
YOPRO Vanilla Yoghurt,Danone,Name brand,Yoghurt,A,4,57.0,3.2,0.1,0.2,9.5,,1,2
John West Tuna Tempters Chilli,John West,Name brand,Meat & seafood,A,3,157.0,1.3,1.0,2.0,18.8,,,2
Snakes,The Natural Confectionary Co.,Name brand,Confectionery,D,,342.0,46.2,0.08,0.9,3.6,,,2
Creamy classics cookies and cream ice cream,Bulla,Name brand,Ice cream & desserts,D,,219.0,20.4,0.19,7.1,3.5,,,2
Japanese Tofu,Soyco,Name brand,"Fruit, veg & legumes",B,,152.0,3.1,1.18,1.3,11.6,3.7,,2
Magnum Mini Classic,Magnum,Name brand,Ice cream & desserts,E,4,323.0,24.5,0.11,14.0,4.0,,9,2
Sweet Sliced Beetroot,Three Threes,Name brand,"Fruit, veg & legumes",D,3,,18.8,1.23,0.0,0.5,0.0,,2
LEMON CRISP,ARNOTT'S,Name brand,Biscuits & cakes,E,4,523.0,26.2,1.31,10.8,3.9,1.5,8,2
Plain Water Crackers,Woolworths,Supermarket own brand,Chips & salty snacks,E,,425.0,2.3,505.0,3.9,8.7,3.5,,2
Fount Tomato Sauce 2L,Fountain,Name brand,Sauces & condiments,D,4,121.0,25.3,2.15,0.0,1.3,,,2
LINDOR LINDT ASSORTED,Lindt,Name brand,Confectionery,E,4,623.0,37.6,0.14,35.2,5.2,,1,2
CAD Flake 30g,Cadbury,Name brand,Muesli & protein bars,E,4,527.0,57.3,0.21,17.7,7.7,,2,2
Milo Cereal,Nestlé,Name brand,Breakfast cereals,C,4,384.0,26.9,0.12,1.3,9.0,7.9,1,2
Latin fresh classic lasagne sheets,Latina fresh,Name brand,"Pasta, rice & grains",A,1,294.0,1.1,0.04,0.9,11.7,3.0,1,2
NES KIT KAT BLK MLK CHOC 160GM,Nestle,Name brand,Muesli & protein bars,E,4,511.0,48.3,0.26,15.9,6.2,,3,2
BBQ sauce,Beerenberg,Name brand,Sauces & condiments,D,4,,29.0,1.65,1.0,1.1,,2,2
Crunchy Nut Clusters,Kellogg's,Name brand,Breakfast cereals,D,4,423.0,29.7,0.35,1.3,7.2,3.8,1,2
Choc chip biscuits free from gluten,Woolworths,Supermarket own brand,Biscuits & cakes,E,4,514.0,35.0,0.67,18.9,2.8,2.8,2,2
Extra sharp parmesan,Perfect Italiano,Name brand,Cheese,E,4,368.0,9.0,2.13,19.0,32.0,,1,2
Satay Chicken,My Muscle Chef,Name brand,Meat & seafood,A,4,156.0,2.3,0.56,1.5,12.7,1.3,1,2
Naturally smoked tuna,John West,Name brand,Meat & seafood,A,3,152.0,1.1,1.01,1.0,20.3,,,2
Rustic style cookies with rolled oats and cranberries,Carman's,Name brand,Biscuits & cakes,D,,447.0,17.1,0.14,4.6,5.4,,,2
green & black organic dark chocolate,Green & Black's,Name brand,Confectionery,E,3,576.0,28.6,0.08,25.0,9.1,,,2
"Beans, the one for one",HEINZ BEANZ,Name brand,Ready meals,B,4,355.0,4.7,0.36,0.0,4.8,4.1,3,2
Coke Vanilla,Coca Cola,Name brand,Soft drinks & juice,E,,44.0,10.8,0.03,0.0,0.0,,,2
Kirks Pasito,,Unknown,Soft drinks & juice,E,4,42.0,10.0,0.97,0.1,0.1,,4,2
Coles Rosemary Crackers,Coles,Supermarket own brand,Chips & salty snacks,E,4,,8.2,1.93,2.8,6.5,,1,2
Corn flakes,Kellogg's,Name brand,Breakfast cereals,C,3,380.0,7.2,0.4,0.8,7.6,,,2
obela hommus,Obela,Name brand,Sauces & condiments,A,3,,,,,,,2,2
Chicken paella,My Muscle Chef,Name brand,Meat & seafood,A,4,136.0,2.0,0.63,0.8,12.9,1.0,1,2
fig date and balsamic chutney,Baxter's,Name brand,Spreads,,4,,,,,,,3,2
Vanilla rice pud,Fancy Plants,Name brand,Ice cream & desserts,C,,86.0,7.5,0.12,3.7,0.8,,,2
Slaw kits Kaleslaw,Woolworths,Supermarket own brand,Ready meals,A,3,135.0,5.2,0.47,1.7,2.7,4.6,2,2
vetta spaghetti,Vetta,Name brand,"Pasta, rice & grains",A,1,353.0,3.0,0.07,0.3,12.5,6.4,,2
Traditional Middle Eastern Hommus,Yumi's,Name brand,Spreads,B,3,315.0,0.5,1.02,2.5,7.0,,4,2
Spaghetti Bolognese,Plantry,Name brand,Ready meals,A,4,109.0,2.4,0.8,1.0,6.4,4.9,3,2
Gluten free Traditional wholemeal Bread,Helga's,Name brand,Bread,B,4,233.0,3.3,0.99,1.2,3.6,4.5,2,2
Macadamia milk,,Unknown,Milk & alternatives,B,4,22.0,0.2,0.17,0.4,0.4,0.2,4,2
penne,Macro,Supermarket own brand,"Pasta, rice & grains",A,,359.0,3.0,0.12,0.2,11.4,,,2
Sweet chilli sauce,Trident,Name brand,Sauces & condiments,E,4,292.0,65.3,1.38,0.4,0.6,,1,2
Corn,Coles,Supermarket own brand,"Pasta, rice & grains",,1,,,,,,,,2
Yoghurt bars,Uncle Tobys,Name brand,Muesli & protein bars,,,397.0,16.6,,4.8,6.7,,,2
Vegetable hot & spicy with tomato carrot celery chilli,v8,Name brand,Soft drinks & juice,B,4,21.0,2.9,0.29,0.1,0.8,1.4,1,2
Thin Spaghetti,San Remo,Name brand,"Pasta, rice & grains",,,365.0,2.5,,0.5,12.0,,,2
Valcom Bamboo Shoot Slices,Valcom,Name brand,"Fruit, veg & legumes",A,1,,0.8,0.02,0.1,1.2,,1,2
Sunkist,Sunkist,Name brand,Soft drinks & juice,E,4,48.0,11.8,0.03,0.0,0.0,,3,2
Cherry ripe,Cadbury,Name brand,Muesli & protein bars,D,4,492.0,1.0,0.06,19.9,4.7,,5,2
Roasted vegetables & feta,Woolworths,Supermarket own brand,Ready meals,B,,,4.5,0.97,3.2,10.7,2.3,,2
Party mix,The Natural Confectionary Company,Name brand,Confectionery,,,345.0,46.8,,4.0,4.0,0.0,,2
Mirin,Obento,Name brand,Sauces & condiments,B,,,8.8,0.07,0.1,0.1,,,2
Creaming Soda,Bundaberg,Name brand,Soft drinks & juice,E,,45.0,11.1,0.02,1.0,1.0,,1,2
Coles Corned Beef,Coles,Supermarket own brand,Meat & seafood,D,3,235.0,1.0,2.0,7.5,24.1,0.0,1,2
Twisties Cheese,,Unknown,Chips & salty snacks,E,,,5.8,2.27,11.5,6.7,1.4,,2
Shine Wild Tropical Flavour,Shine,Name brand,Soft drinks & juice,C,4,,2.3,0.06,0.2,0.2,,8,2
Kirks lemon squash,,Unknown,Soft drinks & juice,E,,32.0,7.5,22.0,0.0,0.0,,,2
Garden Vegetables Extra Pasta Sauce,Dolmio,Name brand,Sauces & condiments,A,4,,5.9,0.84,0.1,1.7,,,2
Al Forno Angus Beef Meat Balls with Penne Pasta,Community Co,Supermarket own brand,Meat & seafood,,4,,,,,,,3,2
The one for two,Heinz,Name brand,"Pasta, rice & grains",B,3,65.0,3.4,0.72,0.0,2.0,,1,2
Baby Capers in wine vinegar,Sandhurst,Name brand,Sauces & condiments,,3,,,2.35,,,,,2
Masterfood Hot Chilli Sauce,Masterfoods,Name brand,Sauces & condiments,D,4,,8.4,2.45,0.3,1.8,,2,2
Natural Almond Butter,,Unknown,Spreads,D,,612.0,5.0,0.02,3.7,20.0,,,2
V8 Purple Power,V8,Name brand,Soft drinks & juice,,,38.0,8.0,,0.0,0.6,,,2
Butterscotch 37 percent cocoa,Green & Black's,Name brand,Muesli & protein bars,E,4,552.0,48.0,0.2,20.8,8.8,,1,2
Sprite Zero Sugar,Sprite,Name brand,Soft drinks & juice,,4,1.0,0.0,,0.0,0.0,0.0,3,2
Lindor Milk,Lindt,Name brand,Confectionery,E,4,618.0,42.0,0.17,34.0,5.2,,1,2
Jackfruit Tex Mex,Hudson’s,Name brand,"Fruit, veg & legumes",A,3,55.0,6.9,0.33,0.1,1.8,4.4,2,2
Rice Paper,,Unknown,"Pasta, rice & grains",D,3,342.0,3.3,2.37,0.0,1.7,,,2
Vege crisps lime chilli flavor,Ajitas Vege Deli Crisps,Name brand,Chips & salty snacks,D,,516.0,12.0,0.79,14.0,3.0,5.5,,2
mixed herb blend,Masterfoods,Name brand,Sauces & condiments,,1,,,,,,,,2
Frozen Banana Chunks,Creative Gourmet,Name brand,"Fruit, veg & legumes",A,1,85.0,14.2,0.01,0.0,0.8,1.5,1,2
Angas Park Prunes Pitted,Angas Park,Name brand,"Fruit, veg & legumes",,,187.0,31.2,,0.2,3.6,,,2
Chocolate Silky Pot,Fancy Plants,Name brand,Ice cream & desserts,,,147.0,11.4,,6.6,1.1,,,2
Brown Rice Vermicelli,Pandaroo,Name brand,"Pasta, rice & grains",A,,349.0,5.2,0.32,0.0,7.4,4.2,,2
Lemon Drizzle Square,Fibre One,Name brand,Biscuits & cakes,D,4,,32.1,1.05,7.5,4.2,22.1,10,2
Australian Almond Flour,Coco Earth,Name brand,"Fruit, veg & legumes",,,,,,,,,,2
Hi Lo Milk,,Unknown,Milk & alternatives,,,46.0,4.4,,0.9,3.5,,,2
High fibre wholemeal sandwich loaf,Coles,Supermarket own brand,Bread,A,4,234.0,3.0,1.0,1.0,9.2,6.0,3,2
caramilk top deck,Cadbury,Name brand,Confectionery,E,4,542.0,56.8,0.14,18.8,7.2,0.0,2,2
Carrots,Coles,Supermarket own brand,"Fruit, veg & legumes",A,1,,,,,,,,2
Liddells lactose free full cream milk,Liddels,Name brand,Milk & alternatives,B,3,,4.8,0.09,2.3,3.2,,,2
Red Kidney Beans,Coles,Supermarket own brand,"Fruit, veg & legumes",A,4,,0.6,0.68,0.3,5.2,7.3,1,2
Custard Powder - Smooth & Creamy - Vanilla,Foster farms,Name brand,Sauces & condiments,B,4,96.0,7.8,0.01,2.6,3.4,0.0,2,2
100 % Pure Organic Australian Raw & Unfiltered Honey,Nature Nate's,Name brand,Spreads,,2,,77.0,0.04,1.0,,,,2
Olive Oil Spread,Woolworths,Supermarket own brand,Spreads,B,4,116.0,2.0,0.18,3.4,2.0,,5,2
Peanut butter,Mayver's,Name brand,Spreads,,,581.0,5.0,,6.0,26.0,,,2
the natutal cracker co. sour cream and chives crispy cracker,The Natural Cracker Co.,Name brand,Chips & salty snacks,,4,,,,,,,2,2
Brown basmati,Riviana,Name brand,"Pasta, rice & grains",,,145.0,0.5,,0.4,3.9,,,2
Vita weat five super seed,Arnott's,Name brand,Chips & salty snacks,C,,418.0,1.7,1.15,1.6,12.3,12.2,,2
Australia tasty cheese,Woolworths,Supermarket own brand,Cheese,D,,395.0,0.5,0.65,21.8,25.5,,,2
Strawberry Jam,Cottie's,Name brand,Spreads,D,4,271.0,65.2,0.01,0.0,0.0,,2,2
ancient grains,Uncle Tobys,Name brand,"Pasta, rice & grains",A,1,,1.0,0.01,1.5,12.7,9.5,,2
The natural confectionery co. candy jelly snakes,the natural confectionery,Name brand,Confectionery,E,4,335.0,65.5,2.4,0.1,3.8,,4,2
Coconut Jam,Monika,Name brand,Spreads,E,3,,66.0,0.0,6.0,1.5,,,2
Couscous wholemeal,San Remo,Name brand,"Pasta, rice & grains",A,1,,2.9,0.07,0.8,15.0,12.0,,2
Oat Milk,Oaty Bruce,Name brand,Milk & alternatives,A,3,,3.7,0.1,0.3,1.8,,,2
Plant Based Probiotics Vanilla Yoghurt,Nakula,Name brand,Yoghurt,C,4,,4.3,0.03,3.8,2.5,,2,2
Mango & Blood Orange Twist Yoghurt,Gippsland Dairy,Name brand,Yoghurt,C,4,,17.6,0.13,3.8,5.3,,5,2
Favourites,Cadbury,Name brand,Confectionery,E,,476.0,54.8,0.37,14.0,4.4,,,2
Regular Lamb Mince,Coles,Supermarket own brand,Meat & seafood,C,,,1.0,0.18,6.8,19.9,,,2
Leggo's pasta bake 500g,leggo's,Name brand,Sauces & condiments,A,4,64.0,4.9,0.97,1.4,2.3,1.6,1,2
Gravox Chicken Gravy in can 120g,Gravox,Name brand,Sauces & condiments,,4,41.0,1.2,1.51,0.2,0.2,,2,2
Tomato Paste,Leggo's Tomato Paste,Name brand,Sauces & condiments,,3,76.0,10.8,2.1,,3.8,,,2
Mango Nectar,Golden Circle,Name brand,Soft drinks & juice,E,3,,13.5,0.0,0.0,0.1,,1,2
Goodness and grains,Carman's,Name brand,Breakfast cereals,C,,379.0,3.0,0.3,4.0,12.4,,,2
Altimate Waffle Cones Nat 12PK Ffle Cones,Altimate,Name brand,Ice cream & desserts,C,4,399.0,28.2,0.39,2.8,7.0,4.2,1,2
Very Berry Toasted Muesli,Heritage Mill,Name brand,Breakfast cereals,C,4,410.0,13.9,0.05,3.6,10.3,8.9,,2
Tuna Sweet Chilli,Greenseas,Name brand,Meat & seafood,B,,,7.3,0.3,1.1,14.8,,,2
Pitted Prunes,coles,Supermarket own brand,"Fruit, veg & legumes",B,3,272.0,29.7,0.14,0.0,2.9,7.6,1,2
Wheat biscuits,Woolworths,Supermarket own brand,Breakfast cereals,B,3,348.0,1.6,0.74,0.3,12.3,,,2
Cranberry & Almond Bars,Freedom Foods,Name brand,Muesli & protein bars,A,4,,10.7,0.06,1.8,10.8,26.7,2,2
Tri colour Quinoa,Macro,Supermarket own brand,"Pasta, rice & grains",A,1,386.0,0.0,0.03,1.8,14.2,7.0,,2
Almond milk barista edition,Sanitarium,Name brand,Milk & alternatives,B,4,39.0,1.6,0.04,0.2,0.8,0.5,4,2
Bundaberg - Ginger Beer,bundaberg,Name brand,Soft drinks & juice,E,4,43.0,10.6,0.11,1.0,1.0,,3,2
Cream cheese,Woolworths,Supermarket own brand,Cheese,D,4,346.0,2.8,0.86,20.8,5.6,,2,2
Arnott's Nice,Arnotts,Name brand,Biscuits & cakes,E,4,457.0,28.7,0.4,7.3,5.7,,2,2
Wild Alaskan Pink Salmon,Woolworths,Supermarket own brand,Meat & seafood,B,3,139.0,0.1,0.95,1.6,20.7,0.0,,2
Red Kidney Beans,Edgell,Name brand,"Fruit, veg & legumes",A,4,115.0,2.3,0.02,0.3,6.7,7.1,2,2
Apple sauce,Woolworths,Supermarket own brand,Ice cream & desserts,A,4,76.0,16.0,0.02,0.5,0.5,0.0,2,2
Brown rice & Quinoa,Sunrice,Name brand,"Pasta, rice & grains",A,4,,1.0,0.01,1.0,4.0,2.7,1,2
Organic tomato,Australian Organic Food Co,Name brand,Sauces & condiments,A,1,41.0,4.4,0.05,0.0,2.2,3.0,,2
Chicken Flavour Thai Noodle Soup,Trident,Name brand,Ready meals,,4,55.0,0.4,910.0,0.4,,,5,2
Arnotts TimTam Deluxe Decadent Triple Choc,Arnott's,Name brand,Biscuits & cakes,E,,480.0,46.1,0.5,13.7,5.0,1.8,,2
Peach Slices in Juice,Woolworths,Supermarket own brand,Ice cream & desserts,,1,52.0,9.8,,0.1,0.4,1.2,2,2
Traditional Cracker Squares,Woolworths,Supermarket own brand,Chips & salty snacks,D,,398.0,2.7,1.27,5.0,9.7,2.0,,2
Slow Cooked Lamb Shanks,Coles,Supermarket own brand,Meat & seafood,D,4,450.0,4.6,1.92,6.4,65.6,5.8,2,2
Rice Crackers Sour Cream & Chives Flavour,Vege,Name brand,Chips & salty snacks,D,4,496.0,6.6,2.04,2.4,3.8,2.1,3,2
Italian Meatballs,Chef Good,Name brand,Ready meals,A,4,111.0,1.1,0.26,1.3,8.4,,6,2
Oreo,Oreo,Name brand,Biscuits & cakes,E,4,487.0,38.2,1.26,10.5,4.8,,4,2
Dijonnaise Mustard Squeezy,Masterfoods,Name brand,Sauces & condiments,D,,234.0,19.0,4.03,1.0,3.0,,,2
Snakes,The Natural Confection Company,Name brand,Confectionery,D,4,335.0,31.5,0.03,1.0,3.6,0.0,4,2
D / Farm Ygt T / Crmy MNG &P / F150GM,Dairy farmers,Name brand,Yoghurt,C,4,118.0,11.5,0.1,4.1,3.6,0.5,1,2
Brown Whole Gain Rice,Sun Rice,Name brand,"Pasta, rice & grains",,4,177.0,,0.01,0.6,3.3,2.9,2,2
Soy sauce,Coles,Supermarket own brand,Sauces & condiments,,,67.0,0.7,15.3,,10.7,0.7,,2
Rice & Quinoa,SunRice,Name brand,"Pasta, rice & grains",,,355.0,2.0,,0.7,7.1,4.0,,2
Sour Skittles Giants,Skittles,Name brand,Confectionery,,,402.0,74.6,,2.4,0.0,,,2
Fantastic Noodles beef bowl,Fantastic,Name brand,"Pasta, rice & grains",,,382.0,1.0,1.9,8.0,7.0,,,2
Basmati Rice,Coles,Supermarket own brand,"Pasta, rice & grains",,1,346.0,,,,8.4,1.1,,2
Pho ga noodle bowl,Ilan,Name brand,"Pasta, rice & grains",,,52.0,0.8,1.19,0.2,1.0,0.0,,2
Raspberry Greek yoghurt,Chobani,Name brand,Yoghurt,,,78.0,10.1,,0.1,7.8,,,2
BioDynamic Organic Whole Milk Yogurt,Jalna,Name brand,Yoghurt,,3,87.0,4.7,,3.9,5.0,,,2
Golden Circle Golden Pash Fruit Drink,Golden Circle,Name brand,Soft drinks & juice,E,4,43.0,10.0,0.0,0.0,0.1,,1,2
Sauce Ponzu,obento,Name brand,Sauces & condiments,D,,99.0,12.4,6.3,0.0,3.3,,,2
Tropical juice,V8,Name brand,Soft drinks & juice,,4,41.0,8.6,,0.0,0.3,,2,2
Hommes dip,,Unknown,Spreads,B,,65.0,0.2,0.46,0.4,2.4,,,2
Deli crackers,Eskal,Name brand,Chips & salty snacks,E,4,469.0,2.1,2.1,9.8,2.2,,5,2
Penut butter,Bega,Name brand,Spreads,E,,,5.5,147.0,6.3,27.6,8.1,,2
Farmers' Tasty Naturel cheese slices,Bega,Name brand,Cheese,E,3,,5.9,17.9,21.2,24.1,,,2
chobani mango greek yogurt,Chobani,Name brand,Yoghurt,A,4,81.0,8.7,0.07,0.9,7.0,,2,2
fruit straps apple strawberry,Carman’s,Name brand,Confectionery,,3,329.0,65.7,,0.7,1.4,8.6,,2
Cranberry & Pumpkin seed,OB finest,Name brand,Chips & salty snacks,D,,,25.0,1.68,2.0,12.5,7.2,,2
Tuna tomato and onion,Green seas,Name brand,Meat & seafood,,,142.0,3.5,,,12.3,,,2
Corn flour,Coles,Supermarket own brand,"Pasta, rice & grains",C,,360.0,0.0,0.12,6.7,6.7,0.0,,2
Lactose free milk,Coles,Supermarket own brand,Milk & alternatives,C,3,155.0,12.0,0.2,5.5,8.2,0.0,,2
Austrailian style yogurt,Bulla,Name brand,Yoghurt,C,3,118.0,7.0,0.0,4.8,6.1,,,2
Shiitake Mushroom Crisps,DJ&A,Name brand,"Fruit, veg & legumes",D,4,426.0,27.0,1.18,8.7,5.9,26.7,,2
Always Fresh Springwater Asparagus,Always Fresh,Name brand,"Fruit, veg & legumes",A,3,,1.9,0.86,0.0,2.4,,1,2
thick & creamy mango & passionfruit yoghurt,dairy farmers,Name brand,Yoghurt,C,4,118.0,11.5,0.04,4.1,3.6,0.5,1,2
Seeded snackers,Olinas,Name brand,Chips & salty snacks,C,,459.0,4.2,1.57,3.4,21.9,21.0,,2
Cranberry Juice drink,Bickford's,Name brand,Soft drinks & juice,E,,,12.0,0.0,0.0,0.0,0.0,,2
Rice cakes original,Coles,Supermarket own brand,"Pasta, rice & grains",A,3,402.0,1.0,0.55,1.0,9.5,3.3,,2
Country Ladle - Butternut Pumpkin,Campbell's,Name brand,Ready meals,B,4,42.0,3.4,0.67,0.4,1.4,1.1,,2
white chia seeds,Macro,Supermarket own brand,"Pasta, rice & grains",,,427.0,6.7,,6.7,14.0,34.7,,2
Sweet chilli and sour cream rice crackers,Vege,Name brand,Chips & salty snacks,D,4,490.0,8.4,1.16,2.4,3.6,2.8,3,2
Iced Coffee,Farmer's Union,Name brand,Milk & alternatives,B,4,65.0,8.7,0.12,1.1,3.4,,,2
Full cream milk,Woolworths,Supermarket own brand,Milk & alternatives,B,3,64.0,4.7,0.1,2.3,3.2,0.4,,2
Tasty cheese,Woolworth,Name brand,Cheese,,3,395.0,0.5,,21.8,25.5,,,2
Zymil Low Fat Lactose Free Dairy Milk,Pauls,Name brand,Milk & alternatives,A,,46.0,5.1,0.1,0.8,3.4,,,2
Praise 99.9%fat free Balsamic dressing,,Unknown,Sauces & condiments,,4,,,,,,,8,2
Chocolate Fudge Brownie,Sara Lee,Name brand,Biscuits & cakes,,,,39.8,0.1,11.4,,,,2
Coconut Yoghurt,Cocobella,Name brand,Yoghurt,E,,129.0,2.0,38.3,8.7,0.9,,,2
Coca cola no caffeine no sugar,Coke,Name brand,Soft drinks & juice,,4,0.0,,0.01,,0.0,,5,2
Pods,Mars,Name brand,Muesli & protein bars,E,,481.0,53.6,0.0,11.6,5.2,,,2
Dates,Woolworths,Supermarket own brand,"Fruit, veg & legumes",B,1,91.0,19.8,0.01,0.1,1.0,2.9,,2
Latina fresh classic spinach & ricotta,Latina Fresh,Name brand,Ready meals,B,4,164.0,0.7,0.4,1.2,6.6,2.6,2,2
Corn Kernels (no added salt),Edgell,Name brand,"Pasta, rice & grains",B,,69.0,4.3,0.02,0.4,2.0,2.4,,2
Tomato garlic & Basil pasta sauce,Macro,Supermarket own brand,Sauces & condiments,A,3,44.0,7.0,0.66,0.1,1.8,,,2
Smiths thinly cut less sodium,Smith's,Name brand,Chips & salty snacks,D,3,547.0,1.1,0.63,2.6,6.8,0.0,4,2
Diced Peaches in syrup,Coles,Supermarket own brand,Ice cream & desserts,C,3,67.0,14.3,0.01,1.0,1.0,1.0,2,2
Tasty cheese slices,Cheer,Name brand,Cheese,D,,406.0,0.6,1.8,21.9,25.6,,,2
Crackers black pepper imp,Nabisco,Name brand,Biscuits & cakes,E,4,470.0,8.6,1.53,8.6,12.9,,1,2
CC's Original,CCs,Name brand,Chips & salty snacks,D,3,502.0,1.0,0.5,10.6,7.9,,,2
Classic Fruit & Nut,Carman's,Name brand,Muesli & protein bars,C,,424.0,16.0,0.04,2.4,8.0,6.4,,2
Light Milk,Woolworths,Supermarket own brand,Milk & alternatives,B,,45.0,4.9,0.11,0.9,3.4,,,2
Soft Wholemeal Sandwich Thins,Tip Top,Name brand,Bread,A,4,252.0,3.8,0.85,0.5,10.5,7.0,5,2
San remo Couscous 500g grain,San Remo,Name brand,Ready meals,A,3,366.0,2.5,0.07,1.0,12.5,3.0,,2
Grains & Seeds Sourdough,Helga's,Name brand,Bread,B,4,,2.2,0.86,1.2,10.2,5.1,,2
Almond Milky,Vitasoy,Name brand,Milk & alternatives,B,4,35.0,1.3,0.16,0.2,0.7,,1,2
Caramello Koala Share Pack,Cadbury,Name brand,Confectionery,E,4,500.0,53.3,0.32,16.0,5.9,,2,2
Fetta Cheese Traditional,Lemnos,Name brand,Cheese,E,,270.0,3.3,2.83,15.0,17.0,,,2
Praise Traditional Mayo 490G,Praise,Name brand,Sauces & condiments,E,4,476.0,11.0,1.49,4.8,0.1,,2,2
Thai Tofu,Soyco,Name brand,"Fruit, veg & legumes",A,4,141.0,0.4,1.07,1.4,11.7,6.3,1,2
chokito,Nestle,Name brand,Muesli & protein bars,E,,426.0,56.4,0.33,12.5,4.7,,,2
Rice Cakes,Sunrice,Name brand,Biscuits & cakes,A,3,389.0,1.2,0.0,0.8,8.0,4.4,,2
Greek Style Yoghurt,Woolworths,Supermarket own brand,Yoghurt,C,3,117.0,5.5,0.14,5.3,5.0,0.5,,2
Chicken and leek in creamy camembert sauce,Herbert Adams,Name brand,Ready meals,D,4,250.0,1.5,0.85,6.7,8.4,,14,2
Obela Hommus RST Pine Nut220gm,Obela,Name brand,Spreads,D,3,,5.0,1.24,5.0,7.5,0.0,2,2
Mission tortilla triangles chili and lime,Mission,Name brand,Chips & salty snacks,D,4,493.0,2.2,1.8,2.4,7.6,,6,2
Weet Bix Gluten Free Coconut & Cinnamon,Sanitarium,Name brand,Breakfast cereals,C,4,397.0,6.9,0.43,3.8,10.0,8.8,,2
S&W Whole Egg Real Mayonaise,S&W,Name brand,Sauces & condiments,E,4,718.0,1.0,0.5,13.0,1.6,,,2
Australian Bush Foods Breakfast - Dick Smith - 500G,Dick Smith,Name brand,Breakfast cereals,C,4,371.0,20.9,0.13,0.8,8.0,6.9,3,2
Woolworths essentials unsalted butter,Woolworths Au,Supermarket own brand,Spreads,E,2,743.0,0.9,0.02,54.1,0.9,,,2
English Muffins Wholemeal,TipTop,Name brand,Bread,B,4,208.0,3.7,0.91,0.4,9.8,4.6,8,2
Wheat biscuits,Coles,Supermarket own brand,Biscuits & cakes,A,3,350.0,2.7,0.65,1.0,12.8,10.7,,2
Super grain satay chicken,Hart & Soul,Name brand,Meat & seafood,C,3,172.0,4.9,0.68,3.1,4.6,,,2
Pauls custard snack pack,Pauls,Name brand,Ice cream & desserts,C,,110.0,14.0,0.2,1.6,4.1,,,2
CAD Dairy Milk with hazelnuts,Cadbury,Name brand,Confectionery,E,4,559.0,46.4,0.0,16.1,9.0,,1,2
Darrell lea Twists raspberry,Darrell Lea,Name brand,Confectionery,D,,345.0,37.4,0.1,0.7,3.3,,,2
Espresso,Dare,Name brand,Milk & alternatives,E,4,,8.7,0.11,2.2,3.4,,,2
Peanut Butter,Bega,Name brand,Spreads,D,3,619.0,8.6,1.44,10.5,23.6,,1,2
Beef pie with caramelised onion and cabernet sauvignon,Herbert Adams,Name brand,Ready meals,E,4,304.0,13.0,1.04,9.0,7.5,,13,2
DARRELL LEA LIC BAT37 ORG260GM,Darrell Lea,Name brand,Confectionery,D,,320.0,38.4,0.26,4.0,12.0,,,2
Chobani Flip Strawberry shortcake Yoghurt,Chobani,Name brand,Ice cream & desserts,B,,123.0,11.9,0.13,1.4,7.7,,,2
Lemon lime &bitters,bundaberg,Name brand,Soft drinks & juice,E,4,47.0,11.5,0.01,0.3,0.3,,5,2
High protein yoghurt,Coles,Supermarket own brand,Yoghurt,A,,75.0,3.9,0.16,1.7,7.9,0.5,,2
french onion dip,Zoosh,Name brand,Sauces & condiments,E,4,233.0,10.0,1.51,12.0,5.0,,7,2
Worcestershire sauce,Coles,Supermarket own brand,Sauces & condiments,D,4,119.0,21.5,1.52,1.0,1.1,0.0,,2
Summer Fruits Muesli,Coles,Supermarket own brand,Breakfast cereals,C,,401.0,18.6,0.09,2.7,10.4,9.0,,2
Milk activated almond,Pureharvest,Name brand,Milk & alternatives,C,3,,1.6,0.06,0.2,0.6,1.0,,2
Edamame salad,Daiwa,Name brand,"Fruit, veg & legumes",,,525.0,3.2,,,12.6,50.0,,2
Creme Caramel,Wicked Sister,Name brand,Ice cream & desserts,D,,143.0,21.7,177.0,2.4,2.9,,,2
"Nut Bar Almond, Cashew & Cranberry",Carman's,Name brand,Muesli & protein bars,C,4,486.0,22.0,0.15,5.1,12.9,7.4,,2
Almond butter,Mayvers,Name brand,Spreads,,,595.0,5.0,,4.0,22.0,12.0,,2
Free from gluten bread crumbs,Woolworths,Supermarket own brand,Bread,D,3,381.0,11.7,1.14,0.6,6.6,,2,2
The one wholemeal bread,tiptop,Name brand,Bread,A,4,,2.1,0.36,0.7,11.4,8.2,4,2
Kids yoghurt Vanilla,Vaalia,Name brand,Yoghurt,B,4,90.0,9.4,0.05,1.7,4.6,,3,2
Jatz Clix Arnott's,Arnott's,Name brand,Chips & salty snacks,D,3,492.0,6.0,0.66,5.9,6.8,0.0,2,2
Probiotic,Sunsol,Name brand,Breakfast cereals,D,,391.0,15.4,0.04,4.6,10.2,,,2
The crackery plain wafer,Harris Farm Markets,Name brand,Chips & salty snacks,,3,,2.2,0.67,1.8,10.4,,2,2
Iced Chocolate,Barista Bros,Name brand,Milk & alternatives,B,4,78.0,10.0,0.18,1.4,3.4,,6,2
Thick Custard,Dairy Farmers,Name brand,Sauces & condiments,C,4,102.0,12.6,0.15,2.1,3.6,,4,2
Italian Dressing,Praise,Name brand,Sauces & condiments,C,4,,7.5,1.14,2.2,1.0,,10,2
Toasted muesli canberry macadamia,Brookfarm,Name brand,Breakfast cereals,B,3,430.0,18.0,0.01,3.0,10.0,9.0,,2
Pure honey,Capilano,Name brand,Spreads,,2,340.0,82.7,,0.0,0.0,,,2
Shaved parmesan,Milel,Name brand,Cheese,E,,368.0,4.0,2.8,17.6,31.2,,,2
Honey Nut Corn Flakes,Woolworths,Supermarket own brand,Breakfast cereals,B,4,394.0,22.5,0.3,0.9,7.5,5.6,,2
Splash Of Lime Corn chips,Tostitos,Name brand,Chips & salty snacks,C,4,525.0,2.6,1.11,3.0,7.4,51.9,5,2
Lentils Tumeric brown rice,Ben's Original,Name brand,"Pasta, rice & grains",A,,151.0,0.4,0.41,0.3,3.8,2.5,,2
No Sugar Added Vanilla Yoghurt,Chobani,Name brand,Yoghurt,A,4,79.0,3.1,0.07,2.2,6.9,0.1,4,2
Tiny Teddy - Half Coated in Milk Chocolate,Arnotts,Name brand,Biscuits & cakes,D,4,469.0,32.3,0.33,10.4,0.0,5.0,2,2
Shortbread cream,Arnott's,Name brand,Biscuits & cakes,E,4,516.0,28.1,3.84,13.5,4.2,2.7,2,2
Dairy Milk more with nuts and salted toffee,Cadbury,Name brand,Confectionery,E,4,545.0,48.7,0.34,14.9,9.5,,3,2
Kit Kat Mini Bars,Kit Kat,Name brand,Muesli & protein bars,,4,519.0,50.0,,15.5,6.8,,1,2
Sweet Mango Nectar,Golden Circle,Name brand,Soft drinks & juice,E,3,57.0,13.5,0.0,0.0,0.1,,1,2
Microwave Brown rice,Woolworths,Supermarket own brand,"Pasta, rice & grains",A,4,,,,,,,2,2
Honey & dijon mustard,Praise,Name brand,Sauces & condiments,E,,,15.0,2.31,5.0,5.0,,,2
Diced tomatoes,SPC,Name brand,"Fruit, veg & legumes",A,1,19.0,2.5,0.01,0.1,1.0,1.0,,2
Oreos Chocolate,Oreo,Name brand,Biscuits & cakes,E,4,481.0,40.7,1.39,11.2,4.9,,6,2
Arnotts Obsession Salted Caramel,Arnott's,Name brand,Biscuits & cakes,E,,466.0,47.4,0.6,13.5,4.2,70.8,,2
Pizza Sauce,Woolworths,Supermarket own brand,Sauces & condiments,B,4,,8.8,1.95,1.0,3.4,,1,2
"Pesto - Italian Basil, Pecorino and Pine Nut",Providore,Name brand,Sauces & condiments,E,4,,5.0,1.8,8.2,4.4,,,2
Organic Vanilla Essence,Queen,Name brand,Sauces & condiments,,3,,,,,,,,2
Smooth Peanut Butter,Sanitarium,Name brand,Spreads,D,4,605.0,8.0,1.34,8.5,28.0,6.0,1,2
Peeled Italian Tomatoes,Woolworths,Supermarket own brand,"Fruit, veg & legumes",A,,20.0,3.0,0.1,0.1,1.1,1.0,,2
Sweet chilli sauce,Woolworths,Supermarket own brand,Sauces & condiments,D,4,157.0,33.3,1.99,1.0,1.0,,4,2
Sugar free peppermint mints,Wrigley's,Name brand,Confectionery,C,4,,0.0,0.01,0.9,0.0,0.0,4,2
Mini Chocolate rasperries,Allen’s,Name brand,Muesli & protein bars,E,,454.0,49.0,0.12,11.5,6.5,,,2
Chewy Choc Chip,Uncle Tobys,Name brand,Muesli & protein bars,C,4,,17.2,0.1,4.2,6.9,10.9,5,2
Sauce hoi sin,Ayam,Name brand,Sauces & condiments,E,4,207.0,41.3,6.17,6.7,6.7,0.0,3,2
Heinz beans no sugar,Heinz,Name brand,Ready meals,A,4,,1.3,0.81,0.1,4.8,4.1,4,2
FroPro icecram,Fropro,Name brand,Milk & alternatives,,,225.0,0.0,,15.8,1.9,,,2
Kalamata Olives wedges,Always Fresh,Name brand,Sauces & condiments,D,4,156.0,1.0,5.0,1.5,1.5,,2,2
Snickers,Snickers,Name brand,Muesli & protein bars,E,4,492.0,51.2,0.59,9.0,8.8,,1,2
Mini Snickers,Snickers,Name brand,Muesli & protein bars,E,3,489.0,44.4,0.67,5.6,5.6,,,2
Apple Juice,Coles,Supermarket own brand,Soft drinks & juice,,4,43.0,9.4,0.02,,0.4,,1,2
Uncle Tobys Muesli Bar Yoghurt Varieties 15 pack,Uncle Tobys,Name brand,Muesli & protein bars,,,393.0,17.6,,4.2,6.7,,,2
Mountain Dew,Mountain Dew,Name brand,Soft drinks & juice,E,4,47.0,12.3,0.0,0.0,0.2,,5,2
Sugar Free Pasito,Kirks,Name brand,"Fruit, veg & legumes",B,4,1.0,0.0,0.01,0.0,0.1,0.0,7,2
Choc penut butter snack bar,Freedom Foods,Name brand,Muesli & protein bars,A,,145.0,4.4,0.09,0.9,5.1,,,2
Milkybar with cookies,Nestle,Name brand,Muesli & protein bars,E,,545.0,57.2,0.0,18.0,7.6,,,2
banana bread,Woolworths,Supermarket own brand,Biscuits & cakes,C,4,333.0,22.3,0.2,2.9,5.3,1.7,5,2
Always Fresh Dolmades Greek Style,Always Fresh,Name brand,Sauces & condiments,C,3,131.0,2.0,1.85,0.7,2.5,,1,2
Carrot Cake,Muffin King,Name brand,Biscuits & cakes,D,3,,33.7,0.64,4.8,4.2,,1,2
Petit Miam,Yoplait,Name brand,Ice cream & desserts,,,51.0,5.4,,1.1,2.4,,,2
Natural Sea Salt Flakes,Saxa,Name brand,Sauces & condiments,,3,,,100.0,,,,,2
Dino snacks,Steggles,Name brand,Meat & seafood,,4,185.0,,0.9,1.7,10.1,,,2
organic vanilla bean paste,queen,Name brand,Sauces & condiments,,4,275.0,39.0,0.01,0.0,0.0,5.2,1,2
High protein tofu,Soyco,Name brand,"Fruit, veg & legumes",,4,136.0,0.5,,1.1,15.2,,1,2
Fruits Skittles,Skittles,Name brand,Confectionery,,,397.0,89.6,,4.0,0.0,,,2
Suimin Noodles with prawn & chicken,,Unknown,"Pasta, rice & grains",,,349.0,2.3,3.52,8.0,8.0,,,2
French Dressing,Praise,Name brand,Sauces & condiments,,4,222.0,,2.67,2.0,1.0,,8,2
Rice bubbles,Kellogg's,Name brand,Breakfast cereals,,3,389.0,,,,7.4,,,2
Australia Pure honey,Woolworths,Supermarket own brand,Spreads,,2,339.0,82.5,0.04,,1.0,,,2
T / Top Muffins Mgrain,Tip Top,Name brand,Bread,A,4,,2.0,0.57,0.6,7.5,4.8,7,2
Organic Turmeric Powder,Coles,Supermarket own brand,Sauces & condiments,,,293.0,3.2,0.07,1.8,9.7,22.7,,2
H2 Juice mango mix,H2COCO,Name brand,Soft drinks & juice,,1,47.0,11.2,,0.0,0.0,0.0,,2
Raw organic honey,Ambrosia,Name brand,Spreads,,2,,0.0,,0.0,,,,2
Unsweetened Almond milk,Inside Out,Name brand,Milk & alternatives,,4,16.0,0.1,,0.1,0.4,,1,2
Allsorts,Darrell Lea,Name brand,Confectionery,,4,,5.8,,0.7,,,5,2
Greek style yogurt,Farmers union,Name brand,Yoghurt,B,3,78.0,6.6,0.06,3.3,5.5,0.0,,2
Simply Better Foods Organic Tofu,Simply Better Foods,Supermarket own brand,"Fruit, veg & legumes",A,3,,0.1,0.11,1.8,15.6,,,2
Full cream milk,Paris Creek Farms,Name brand,Milk & alternatives,B,1,68.0,4.6,0.09,2.7,3.4,0.0,,2
Cocoa Bombs Breakfast Cereal,Lowan Whole Foods,Name brand,Breakfast cereals,C,4,392.0,22.7,0.3,0.8,7.0,2.1,3,2
Snack crackers,Sunbites,Name brand,Chips & salty snacks,B,3,475.0,2.9,1.08,1.7,7.5,7.5,3,2
Steamed brown rice,Sunrice,Name brand,"Pasta, rice & grains",,,187.0,0.9,,0.9,4.6,,,2
Marinated goat cheese,Meredith dairy,Name brand,Cheese,D,,,3.0,0.95,14.0,14.0,0.0,,2
Roasted almond chia and honey crunch,Kez's Kitchen,Name brand,Breakfast cereals,A,4,449.0,12.9,0.42,1.4,11.4,13.1,1,2
Hazelnut Spread,Coles,Supermarket own brand,Spreads,E,4,538.0,59.0,0.44,9.0,6.0,,,2
caramel and date night,Proud and punch,Name brand,Ice cream & desserts,C,,171.0,19.8,0.16,4.7,1.7,,,2
Yougurt,Dairy Farmers,Name brand,Yoghurt,D,4,192.0,21.0,0.0,6.0,5.0,,2,2
Inside/out Almond milk,Inside/out,Name brand,Milk & alternatives,B,4,,0.4,0.06,0.2,1.6,0.0,1,2
YoPRO PERFORM Mixed Berries,Danone,Name brand,Yoghurt,A,4,68.0,3.5,0.13,0.4,11.5,,1,2
Pumkin soup,Campbell's,Name brand,Ready meals,B,3,43.0,4.3,0.59,0.6,1.3,1.2,,2
Baked Pretzel minis,Parker's,Name brand,Chips & salty snacks,D,4,,4.5,3.25,0.5,11.3,3.2,,2
Wholegrain mustard,Coles,Supermarket own brand,Sauces & condiments,C,3,110.0,1.6,4.0,1.0,8.4,8.9,1,2
Coles Lactose Free Milk Low Fat x4,Coles,Supermarket own brand,Milk & alternatives,B,3,47.0,5.0,0.13,1.0,3.2,0.0,,2
Instant full cream milk powder,Coles,Supermarket own brand,Milk & alternatives,,4,72.0,5.6,0.12,2.7,3.5,0.0,1,2
Mi Goreng,Suimin,Name brand,"Pasta, rice & grains",,4,281.0,4.0,2.02,7.7,3.4,,11,2
Crunchy Oat Clusters,Carman's,Name brand,Breakfast cereals,,4,,15.4,0.0,,8.6,8.0,1,2
Allsorts Liquorice,Darrell Lea,Name brand,Confectionery,C,4,94.0,16.1,0.01,1.0,1.0,,8,2
Arnott's Shredded Wheatmeal Biscuits 250G,Arnott's,Name brand,Biscuits & cakes,D,4,428.0,16.7,1.15,5.6,7.7,6.0,2,2
Triple Choc Cookie Bites,Byron Bay Cookies,Name brand,Biscuits & cakes,E,4,,35.2,0.85,16.2,6.4,,4,2
Salted Pistachios,Woolworths,Supermarket own brand,Chips & salty snacks,C,3,,6.0,0.91,6.5,24.2,9.1,,2
Chopped Tomatoes,Coles,Supermarket own brand,"Fruit, veg & legumes",A,1,23.0,2.2,0.02,0.1,1.2,0.9,1,2
Peanut butter with hemp seed,Mayver's,Name brand,Spreads,B,3,564.0,6.0,0.94,5.5,32.0,8.8,,2
Oak protein plus,Oak,Name brand,Milk & alternatives,,,62.0,5.3,,0.9,6.0,,,2
Harvest snaps baked pea crisps,St-Hubert,Name brand,Chips & salty snacks,E,4,478.0,3.2,1.12,10.3,0.0,,4,2
the wise bunny almond milk yoghurt,Wise Bunny,Name brand,Yoghurt,A,4,,,,,,,3,2
Plain Greek Yogurt,Chobani,Name brand,Yoghurt,A,,57.0,3.3,0.03,0.1,9.7,0.0,,2
"Plus, Cranberries and Blueberries",Uncle Tobys,Name brand,Breakfast cereals,,4,,8.5,0.2,0.2,,4.5,2,2
High Protein Lite milk,Complete dairy,Name brand,Milk & alternatives,,,51.0,3.3,,1.0,6.0,,,2
Low GI Brown Rice,,Unknown,"Pasta, rice & grains",,,,,,,8.1,,,2
Cheese,Great Ocean Road,Name brand,Cheese,,3,416.0,4.0,1.63,24.0,,,,2
American mustard,Heinz,Name brand,Sauces & condiments,C,4,20.0,0.0,3.17,0.0,5.0,,,2
Active balance buckwheat & quinoa,freedom foods,Name brand,Breakfast cereals,A,4,,4.8,0.23,1.6,9.8,15.0,2,2
Orange Glazed Chicken with Basmati Rice & Green Vegetables,My Muscle Chef,Name brand,Meat & seafood,A,3,124.0,2.6,0.6,0.6,11.2,1.1,1,2
Shaved Parmesan,Millel,Name brand,Cheese,E,4,,1.0,2.9,16.1,34.7,,2,2
Nuttelex Pulse,Nuttelex,Name brand,Spreads,C,4,533.0,0.0,0.0,16.0,0.0,,3,2
Strawberry Spread,Coles,Supermarket own brand,Spreads,D,4,279.0,52.0,0.01,1.0,1.0,,2,2
Coconut Tumeric Chicken with Pumpkin Mash,,Unknown,Meat & seafood,B,4,121.0,2.9,0.57,4.5,10.2,1.0,4,2
Heritage mill,Heritage Mill,Name brand,Breakfast cereals,C,,408.0,15.8,0.03,1.6,8.8,,,2
Waffle cones,Coles,Supermarket own brand,Biscuits & cakes,,,400.0,23.6,0.41,,7.1,,,2
O/E paso Taco spice 30g,Old El Paso,Name brand,Sauces & condiments,,4,28.0,3.3,1.66,0.0,0.7,0.7,3,2
Chicken salt,Mitani,Name brand,Sauces & condiments,,4,,,,,,,1,2
Brown Rice,Ben's Original,Name brand,"Pasta, rice & grains",,,145.0,0.2,,0.2,2.7,,,2
Wholemeal Sandwich Loaf,,Unknown,Bread,A,4,234.0,2.5,1.0,1.7,9.3,6.4,2,2
Coles Basil pesto 190g,Coles,Supermarket own brand,Sauces & condiments,E,4,432.0,3.1,1.92,5.4,4.0,2.1,2,2
Seaweed rice crackers,Fantastic,Name brand,Chips & salty snacks,D,4,363.0,3.7,1.29,0.0,7.8,0.5,2,2
Barbecue Sauce Reduced Sugar,Fountain,Name brand,Sauces & condiments,C,4,64.0,3.3,1.5,0.0,0.7,,4,2
Smooth Ricotta,Woolworths,Supermarket own brand,Cheese,C,,143.0,3.2,0.5,7.4,8.8,,,2
Plus Iron,Uncle Tobys,Name brand,Breakfast cereals,D,,392.0,18.1,0.47,1.5,8.5,,,2
,Smith's,Name brand,Chips & salty snacks,E,3,,1.0,1.39,10.8,6.7,0.0,4,2
Satay Chicken Stir Fry Sauce,Passage to Asia,Name brand,Sauces & condiments,E,4,164.0,24.3,2.21,0.6,2.6,,1,2
Four bean mix,Edgell,Name brand,"Fruit, veg & legumes",A,4,126.0,1.1,0.5,0.2,8.1,6.4,2,2
Froot Loops imp,Kellogg's,Name brand,Breakfast cereals,E,4,398.0,38.7,2.83,1.0,5.3,2.3,1,2
Chobani Greek Yogurt No Added Sugar Mixed Berry,Chobani,Name brand,Yoghurt,A,4,79.0,3.3,0.07,2.2,7.0,0.3,,2
Chicken Noodle Soup,Campbell's,Name brand,Ready meals,B,4,42.0,1.4,0.67,0.2,2.6,1.1,1,2
Pearl River Bridge Soy Sauce Superior #500ML,Pearl River Bridge,Name brand,Sauces & condiments,E,3,50.0,4.4,18.0,1.0,5.8,,1,2
turkey mince,Steggles,Name brand,Meat & seafood,A,1,133.0,0.5,0.17,1.9,19.6,,,2
Tonkatsu sauce,Obento,Name brand,Sauces & condiments,E,4,187.0,38.4,6.89,0.4,7.2,,7,2
artisan crackers fig and black olive,Olina's,Name brand,Chips & salty snacks,D,4,418.0,26.9,0.81,1.8,8.7,,2,2
Old Gold Dark Chocolate Roast Almond,Cadbury,Name brand,Confectionery,E,4,546.0,42.8,0.02,15.2,8.8,,2,2
Barley+ Pink Lady & Chia flavoured bars,freedom foods,Name brand,Muesli & protein bars,B,4,349.0,16.7,0.03,1.2,8.3,24.5,1,2
Crunchy Peanut Butter,,Unknown,Spreads,C,,626.0,5.5,0.56,9.4,24.2,,,2
Almond and coconut milk,Nutty Bruce,Name brand,Milk & alternatives,C,3,42.0,2.4,0.23,0.7,0.7,,,2
Cranberry Macadamia Gluten free muesli imp,Brookfarm,Name brand,Breakfast cereals,C,3,449.0,16.3,0.0,3.1,10.3,4.8,,2
Vanilla yoghurt,Coles,Supermarket own brand,Yoghurt,C,4,93.0,10.1,0.0,1.2,4.2,2.4,5,2
Coke 300 mL,Coca-Cola,Name brand,Soft drinks & juice,E,4,43.0,10.6,0.03,0.0,0.0,,2,2
K-Time Baked Twists Raspberry & Apple,Kellogg's,Name brand,Muesli & protein bars,D,4,349.0,37.0,0.34,1.1,3.8,,12,2
Roasted Beetroot Hommus,Yumi's,Name brand,Spreads,B,3,248.0,3.8,0.4,2.0,5.1,,5,2
Tuna Onion and Savoury Sauce,Coles,Supermarket own brand,Meat & seafood,A,4,104.0,3.8,0.66,0.7,16.8,,1,2
Chocolate m&m’s 180g,M&m's,Name brand,Confectionery,E,4,483.0,66.0,0.15,12.0,4.8,,10,2
Sweet chilli grain waves,Sunbites,Name brand,Chips & salty snacks,C,4,479.0,8.6,0.96,1.8,6.8,6.8,5,2
No sugar added greek yoghurt Mango & Passionfruit,Chobani,Name brand,Yoghurt,A,4,79.0,3.9,0.09,2.0,7.1,0.5,2,2
Better For You Tangy BBQ Sauce,Mingle,Name brand,Sauces & condiments,D,4,,12.4,1.99,0.0,2.3,2.5,,2
Old Gold Slices Mint Creme,Cadbury,Name brand,Confectionery,E,,516.0,54.8,0.07,18.0,4.8,,,2
ALLENS PARTY MIX 190GM,Allens,Name brand,Confectionery,E,4,347.0,48.5,0.24,5.0,3.5,0.0,5,2
Australian Full Cream Milk,Woolworths,Supermarket own brand,Milk & alternatives,C,,63.0,4.8,0.1,2.2,3.3,,,2
Summer fruit muesli,Woolworths,Supermarket own brand,Breakfast cereals,C,,368.0,11.3,0.03,2.4,12.1,,,2
Bread crusty baguette,Woolworths,Supermarket own brand,Bread,C,,275.0,1.2,0.93,0.7,8.5,2.2,,2
Cheese and crackers,Mainland,Name brand,Cheese,D,,411.0,2.0,1.59,16.2,19.6,,,2
Pepsi Max 2L,Pepsi,Name brand,Soft drinks & juice,C,4,2.0,0.0,0.03,0.0,0.1,,6,2
Fetta and Spinach Chicken Sausages,Woolworths,Supermarket own brand,Meat & seafood,C,4,151.0,1.2,1.3,2.6,13.7,,3,2
Australian Style Fetta,Coles,Supermarket own brand,Cheese,E,3,284.0,4.0,3.0,15.6,18.0,,,2
Macaroni Pasta,San remo,Name brand,"Pasta, rice & grains",A,,366.0,2.5,0.03,1.0,12.5,3.0,,2
Sugarfree Extra Spearmint,Wrigleys,Name brand,Confectionery,,,,0.0,0.01,0.0,0.0,0.1,,2
Cadbury Milk Chocolate Bar,Cadbury,Name brand,Muesli & protein bars,E,,,55.8,0.21,18.2,7.4,,,2
Barista Bruce Oat Milk,,Unknown,Soft drinks & juice,,3,75.0,3.7,,0.4,1.8,,,2
Lentils,Annalisa,Name brand,"Fruit, veg & legumes",,,115.0,0.4,0.74,,6.2,,,2
noahs juice,,Unknown,Soft drinks & juice,,,131.0,30.8,,0.0,0.2,,,2
Devondale Instant Milk Powder,Devondale,Name brand,Milk & alternatives,,4,72.0,5.6,0.05,2.7,3.5,0.0,1,2
Glaze,Woolworths,Supermarket own brand,Sauces & condiments,,2,207.0,35.3,0.05,1.0,1.0,,,2
Original Mayonnaise,Heinz,Name brand,Sauces & condiments,,4,660.0,,1.4,6.0,0.8,,4,2
coles certified organic,Coles,Supermarket own brand,"Fruit, veg & legumes",,1,,6.6,,0.0,,4.0,,2
Yoghurt Topps Muesli Bars Strawberry,Uncle Tobys,Name brand,Muesli & protein bars,,,389.0,18.5,,4.2,7.0,,,2
Sweet Mustard Pickles,Three Threes,Name brand,Sauces & condiments,,4,92.0,14.1,,0.5,0.5,0.0,1,2
WW Strawberry Yoghurt Muesli Bars,Woolworths,Supermarket own brand,Muesli & protein bars,,,403.0,23.9,,4.8,6.8,,,2
Sunkist 1.25,Sunkist,Name brand,Soft drinks & juice,,4,,,,,,,5,2
Mocha Iced Coffee,Barista Bros,Name brand,Soft drinks & juice,B,4,56.0,7.2,0.18,0.9,2.7,0.0,5,2
Shitake Mushroom Crips,DJ&A,Name brand,Chips & salty snacks,D,4,426.0,27.0,1.18,8.7,5.9,26.7,,2
Hommus caramelizd onion,Obela,Name brand,Spreads,C,,,2.6,1.06,1.7,6.9,,,2
Tahini,Macro,Supermarket own brand,Spreads,D,,659.0,1.0,0.01,8.6,25.0,12.7,,2
Super seed & nut,Carman's,Name brand,Chips & salty snacks,D,,463.0,1.5,1.31,3.3,15.6,,,2
Green Split Peas x2,McKenzie's,Name brand,"Fruit, veg & legumes",A,1,335.0,2.1,0.0,1.0,25.0,12.9,,2
Norco milk,,Unknown,Milk & alternatives,B,,65.0,4.8,0.11,2.4,3.3,,,2
The Ultimate,Danone,Name brand,Yoghurt,C,,133.0,12.7,0.04,4.5,3.3,,,2
Liddels Lactose Free Chocolate Milk,Liddels,Name brand,Milk & alternatives,B,,,10.1,0.18,0.7,3.2,,,2
Beetroot Slices,Golden Circle,Name brand,"Fruit, veg & legumes",A,,49.0,9.1,0.21,0.0,1.0,,,2
Coles tuna in springwater,Coles,Supermarket own brand,Meat & seafood,A,1,63.0,1.0,0.44,1.0,14.4,0.0,,2
Cobbs popcorn,Cobs,Name brand,Chips & salty snacks,C,4,495.0,1.0,0.99,5.0,11.6,8.9,1,2
Sunbeam Australian Raisins,Sunbeam,Name brand,"Fruit, veg & legumes",D,,1420.0,72.8,0.02,0.2,1.4,4.0,,2
Peanut Oil,Crisco,Name brand,"Fruit, veg & legumes",D,2,813.0,0.0,0.0,18.4,0.0,,,2
violet crumble,Bickford’s Australia,Name brand,Milk & alternatives,C,4,17.0,2.0,0.75,2.1,2.9,,6,2
4 Cheese Melt,Perfect Italiano,Name brand,Cheese,D,,327.0,0.2,0.64,15.9,26.0,,,2
We’re-Bix Multi-Grain,Sanitarium,Name brand,Breakfast cereals,,3,,,,,,,,2
Oreo red velvet,Oreo,Name brand,Biscuits & cakes,E,,492.0,38.8,0.43,9.8,3.7,,,2
Edgell Super Sweet Corn,Edgell,Name brand,"Pasta, rice & grains",A,,,4.3,0.32,0.5,2.7,2.8,,2
Coconut milk yogurt natural,Nakula,Name brand,Yoghurt,C,,128.0,3.4,0.02,9.0,1.0,,,2
Strawberry & Apple Snack Bars,Freedom Foods,Name brand,Muesli & protein bars,C,4,,33.6,0.09,1.3,7.0,23.1,,2
Rice with Quinoa Thin Grain Cakes,Sun Rice,Name brand,"Pasta, rice & grains",A,1,,1.0,0.01,0.6,8.7,3.8,,2
Masterfood Ginger mince,Masterfoods,Name brand,Spreads,,4,,,,,,,1,2
Tropical Juice,golden circle,Name brand,Soft drinks & juice,C,,48.0,10.0,0.04,0.0,0.4,,,2
Nothing but 20 apples,Nudie,Name brand,Soft drinks & juice,D,,,10.8,0.0,0.0,0.0,,,2
Oat Crisp Honey & Macadamia,Uncle Tobys,Name brand,Breakfast cereals,C,4,,22.0,0.57,1.5,9.8,8.2,,2
Apple cider vinegar,Cornwells,Name brand,Sauces & condiments,,2,,,,,,,,2
Ardmona crushed vine ripened tomatoes,spc ardmona,Name brand,"Fruit, veg & legumes",A,4,30.0,4.1,0.02,0.1,1.2,1.5,1,2
Strawberry liqurice,Coles,Supermarket own brand,Confectionery,D,4,340.0,38.4,0.23,4.0,4.0,4.0,5,2
Neapolitan ice cream,Bulla,Name brand,Ice cream & desserts,E,,198.0,20.2,104.17,6.9,3.1,,,2
Tropical Greek Yoghurt,Chobani,Name brand,Yoghurt,A,4,59.0,3.6,0.09,0.1,9.6,,4,2
Bagels original,Coles,Supermarket own brand,Bread,A,4,307.0,6.1,0.8,1.0,10.7,3.0,1,2
,Sanitarium,Name brand,Milk & alternatives,B,3,56.0,2.0,0.1,0.4,1.0,0.6,2,2
Cyclone,Streets,Name brand,Ice cream & desserts,,4,98.0,22.0,,0.0,0.0,,4,2
Double Espresso Zero Sugar,Barista Bros,Name brand,Milk & alternatives,D,4,41.0,3.9,0.2,0.9,2.5,0.2,4,2
Tiny teddy variety pack,Arnott's,Name brand,Biscuits & cakes,E,4,443.0,25.2,0.79,7.3,6.4,,1,2
Mini Bites - Sour Cream and Onion,Arnott's,Name brand,Chips & salty snacks,D,,473.0,4.0,1.6,5.2,6.8,,,2
Tangy bbq,Peckish,Name brand,Chips & salty snacks,C,,416.0,4.3,0.51,1.8,7.0,,,2
Froot Loops,Kellogg's,Name brand,Breakfast cereals,D,,398.0,38.7,0.9,1.0,5.3,2.3,,2
Milo Duo,Nestle,Name brand,Breakfast cereals,C,,390.0,27.3,0.27,1.0,8.3,7.3,,2
Tuna Laksa,Woolworths,Supermarket own brand,Meat & seafood,D,,176.0,2.8,0.76,6.3,14.5,,,2
Original Sea Salt,Kettle,Name brand,Chips & salty snacks,C,3,,0.6,1.2,2.3,6.2,4.3,,2
CHOC CRUNCH CEREAL,Freedom foods,Name brand,Breakfast cereals,A,4,,15.0,0.2,0.9,12.3,9.2,1,2
Milk chocolate  Mixed roast nuts,Cadbury,Name brand,Confectionery,E,4,,43.0,0.16,15.2,11.5,,2,2
Tic Tac Peppermint 24G,Tic Tac,Name brand,Confectionery,D,,391.0,91.4,0.04,0.0,0.0,,,2
Sliced Smoked Salmon,Ocean Blue,Name brand,Meat & seafood,D,,198.0,0.2,2.6,1.8,22.0,,,2
Sanitarium Crunchy Peanut Butter,Sanitarium,Name brand,Spreads,D,4,605.0,4.7,0.31,8.5,30.0,,1,2
Chocolate Wafers,Woolworths,Supermarket own brand,Biscuits & cakes,E,4,538.0,33.9,0.2,15.1,5.3,,5,2
Almond pecan and hazelnut porridge,Carmans,Name brand,Breakfast cereals,A,1,418.0,1.4,0.01,2.1,14.2,10.7,,2
Thin Brown rice cakes - sour cream and chives,Woolworths,Supermarket own brand,Biscuits & cakes,C,4,424.0,5.4,1.23,2.0,9.1,2.9,4,2
Basmati,Riviana,Name brand,"Pasta, rice & grains",B,,108.0,0.5,0.01,0.1,2.6,,,2
Smokey Barbeque,Heinz,Name brand,Sauces & condiments,D,4,135.0,26.0,1.75,0.0,0.7,,2,2
Organic coconut milk,Macro,Supermarket own brand,Milk & alternatives,B,,44.0,3.1,0.11,1.5,0.0,0.0,,2
Oats Berry Variety,Uncle Tobys,Name brand,Breakfast cereals,C,,382.0,23.0,0.02,1.2,10.6,,,2
White medium Rice,Sun Rice,Name brand,"Pasta, rice & grains",A,1,356.0,1.0,0.01,1.0,6.8,1.0,,2
Gluten free Mint Slice,Arnott’s,Name brand,Biscuits & cakes,D,4,550.0,3.8,0.54,19.7,5.1,31.8,6,2
Mint Pattie,Nestle,Name brand,Confectionery,E,,,70.0,0.14,8.7,3.1,,,2
turkish dried apricots,Coles,Supermarket own brand,"Fruit, veg & legumes",,,267.0,34.0,,3.3,3.3,8.3,,2
LINDOR,Lindt,Name brand,Confectionery,,4,631.0,32.8,,36.8,5.2,,1,2
Roasted nut bar,Carman's,Name brand,Muesli & protein bars,D,4,516.0,17.0,0.04,23.0,15.0,11.4,1,2
Sea salt,Pico,Name brand,Confectionery,E,3,588.0,41.0,0.39,25.0,5.1,6.6,,2
Roasted Chickpeas,The Happy Snack Company,Name brand,Confectionery,D,,495.0,15.0,0.14,15.0,11.5,11.5,,2
fantasy spread,Coles Supermarket,Supermarket own brand,Spreads,,,,62.3,0.09,,2.9,1.0,,2
peaches in juice,Goulburn Valley,Name brand,"Fruit, veg & legumes",A,1,52.0,9.8,0.01,0.1,0.4,,1,2
edgell sweet sliced beetroot,Edgell,Name brand,"Fruit, veg & legumes",,4,,,,,,,,2
White Beans,Annalisa,Name brand,"Fruit, veg & legumes",,3,,,,,,,,2
Spaghetti,Coles Organic,Supermarket own brand,"Pasta, rice & grains",,1,,,,,,,,2
Traditional Egg Salad Classic Dips,Yumis,Name brand,Spreads,D,3,,1.8,1.17,4.2,6.0,,2,2
Maple syrup,Green's,Name brand,Ice cream & desserts,D,4,281.0,49.1,0.21,1.0,1.0,,5,2
Panini crust tomato&cheese,Papa Giuseppis,Name brand,Ready meals,C,4,228.0,3.3,1.18,2.5,7.7,,4,2
Vegemite,Mondelez Australia,Name brand,Spreads,C,4,191.0,2.4,3.3,1.0,25.9,7.8,2,2
Kit Kat Milk Chocolate Block,Kit Kat,Name brand,Confectionery,E,,519.0,51.7,0.07,17.3,6.8,,1,2
Sweet Chili Sauce,Woolworths,Supermarket own brand,Sauces & condiments,D,4,157.0,33.3,1.96,1.0,0.3,,4,2
Roasted chickpeas,The Happy Snack Company,Name brand,Chips & salty snacks,A,,405.0,3.6,0.62,1.3,22.5,20.9,,2
Al Forno Spinach Carnneloni with Ricotta,CommunityCo,Name brand,Ready meals,,4,,,,,,,5,2
Pink Lemonade,Famous Soda Co,Name brand,Soft drinks & juice,,4,8.0,0.0,,0.0,0.0,,5,2
Low Carb High Protein Pizza Base,Della Rosa,Name brand,Ready meals,A,,215.0,0.6,1.38,0.3,16.0,10.0,,2
lindt milk balls,Lindt,Name brand,Confectionery,,4,,43.0,0.23,35.0,,,,2
Gets,Lemnos,Name brand,Cheese,,,278.0,1.0,,15.5,18.0,,,2
Olive Grove butter,Olive Grove,Name brand,Spreads,D,2,526.0,10.0,1.12,16.0,10.0,,,2
Mixed Herbs,Hoyts,Name brand,Sauces & condiments,,1,,1.6,0.15,0.2,8.0,,,2
Vanilla Bean,,Unknown,Yoghurt,C,,139.0,12.5,0.11,5.0,3.7,,,2
Mayvers Super Spread Cacao,Mayver's,Name brand,Spreads,C,4,575.0,9.5,0.06,10.0,17.5,9.0,,2
Milky Bar Gold,Nestle,Name brand,Confectionery,E,4,566.0,53.7,0.2,20.5,7.6,,2,2
Coles tuna with lemon and pepper,Coles,Supermarket own brand,Meat & seafood,B,,166.0,1.7,0.86,1.2,23.8,,,2
Chewy Muesli Bars Apricot,Uncle Tobys,Name brand,Muesli & protein bars,A,4,,15.6,0.04,1.9,7.1,11.5,4,2
Unhulled Tahini,Mayver’s,Name brand,Spreads,D,1,,0.5,0.01,9.5,19.2,11.7,,2
Wholemeal Loaf,Coles,Supermarket own brand,Bread,A,4,226.0,3.2,0.87,0.5,8.5,6.5,,2
Dairy-free coconut passionfruit yoghurt,Cocobella,Name brand,Yoghurt,C,4,,5.5,0.01,7.5,0.8,,2,2
White chia seeds,Wellness road,Name brand,"Pasta, rice & grains",,,64.0,,,,3.0,4.9,,2
Baby Beetroot,Coles,Supermarket own brand,"Fruit, veg & legumes",B,,27.0,4.0,0.36,0.0,1.0,1.6,,2
Balsamic Vinegar,Woolworths,Supermarket own brand,Sauces & condiments,,2,125.0,0.0,0.17,0.0,0.7,0.5,,2
Dairy Farmers - Full Cream Milk,Dairy Farmers,Name brand,Milk & alternatives,B,,62.0,4.4,0.11,2.3,3.4,,,2
Rice cakes,Sunrice,Name brand,Biscuits & cakes,D,,404.0,4.2,8.0,1.5,8.9,,,2
Basmati Frangrant White Rice,SunRice,Name brand,"Pasta, rice & grains",C,4,,1.0,5.0,1.0,3.2,1.2,1,2
Tangy traditional dressing,Red Kellys,Name brand,Sauces & condiments,C,,257.0,13.3,0.33,1.2,0.7,,,2
Italian Cherry Tomatoes in tomato juice,Annalisa,Name brand,"Fruit, veg & legumes",A,,23.0,3.2,0.02,0.0,1.3,1.4,,2
Creamy Garlic Chicken Kiev & Chips,Youfoodz,Name brand,Meat & seafood,A,4,118.0,4.2,0.57,1.1,7.6,2.8,9,2
Cottee's Apricot Jam,Cottee's,Name brand,Spreads,,4,,63.6,,0.0,0.4,,2,2
Brown rice,Uncle Ben's,Name brand,"Pasta, rice & grains",,,200.0,0.2,,0.4,3.0,,,2
greek style all natural yogurt,Tamar Valley Dairy,Name brand,Yoghurt,C,3,,5.2,0.14,5.9,5.3,,,2
Salted butter,Woolworths Essentials,Supermarket own brand,Spreads,E,2,37.0,1.0,0.07,2.7,1.0,0.0,,2
Kirks Creaming Soda,Kirk's,Name brand,Soft drinks & juice,,,34.0,7.9,0.02,,0.1,,,2
Australian Lite Milk 98% Fat Free,Coles,Supermarket own brand,Milk & alternatives,,,43.0,4.8,0.1,,3.3,,,2
Snickers Pods Pouch Pack 160G imp,Snickers,Name brand,Muesli & protein bars,E,,507.0,50.8,0.36,14.0,7.0,,,2
Tasty Shredded Cheese,Woolworths,Supermarket own brand,Cheese,D,4,395.0,0.4,1.63,21.6,25.6,0.0,2,2
ICE BREAK,Ice Break,Name brand,Milk & alternatives,C,3,48.0,6.4,0.07,0.7,2.5,,,2
Edgell corn kernels,Edgell,Name brand,"Pasta, rice & grains",A,3,66.0,3.6,0.6,0.5,2.6,2.8,,2
Praise Garlic aioli,Praise,Name brand,Sauces & condiments,E,4,621.0,5.0,1.31,8.0,5.0,,1,2
Australian Full Cream Milk,Woolworths,Supermarket own brand,Milk & alternatives,C,,63.0,4.8,0.11,2.2,3.3,,,2
Instant pudding,Cottee's,Name brand,Ice cream & desserts,E,4,385.0,70.5,3.48,0.1,0.1,,5,2
Yoghurt Topps Muesli Bars Honeycomb,Uncle Tobys,Name brand,Muesli & protein bars,C,4,397.0,16.6,0.05,4.8,6.7,10.9,5,2
Nutri-Grain,Kellogg's,Name brand,Breakfast cereals,D,4,388.0,24.0,0.88,0.5,21.7,5.2,,2
CAD Crunchie bar 50g,Cadbury,Name brand,Muesli & protein bars,E,,466.0,67.0,0.78,9.6,1.6,,,2
Potatoes,Zerella Fresh,Name brand,"Fruit, veg & legumes",A,,50.0,1.1,0.03,0.1,1.4,1.4,,2
Oat Milk,Australia’s Own,Name brand,Milk & alternatives,C,4,48.0,2.8,0.11,0.6,0.6,0.2,1,2
Malt'O'Milk,Arnotts,Name brand,Biscuits & cakes,E,4,449.0,26.3,0.63,6.1,6.1,2.4,2,2
Thai red Chicken Curry with rice,Lean Cuisine,Name brand,Meat & seafood,C,4,102.0,2.1,0.61,1.4,4.3,1.2,1,2
Tuna Oven-Dried Tomato and Basil,John West,Name brand,Meat & seafood,A,4,,2.7,1.0,0.7,18.4,,,2
Whole egg mayonnaise,Coles,Supermarket own brand,Sauces & condiments,D,4,735.0,3.1,1.02,5.0,1.0,,2,2
Sweet Chilli & Sour Cream Wholegrain Rice Crackers,,Unknown,Chips & salty snacks,C,,421.0,5.2,1.02,2.4,8.4,8.8,,2
Ricotta Light,Woolworths,Supermarket own brand,Cheese,C,,101.0,3.5,0.42,4.1,8.6,,,2
Eucalyptus Drops,Aussie Drops,Name brand,Confectionery,E,4,,81.0,0.11,1.0,1.0,,1,2
Liddels Lactose Free Low Fat Milk,Liddels,Name brand,Milk & alternatives,B,3,43.0,4.8,0.28,0.7,3.3,,,2
Simply Seed Crackers Herb & Garlic,Olina's,Name brand,Chips & salty snacks,D,,574.0,1.5,0.84,6.0,21.0,17.5,,2
Nestle Aero Peppermint bar 40G,Nestle,Name brand,Muesli & protein bars,E,4,544.0,60.0,0.16,18.2,5.2,,2,2
CAD Caramilk 180g,Cadbury,Name brand,Confectionery,E,4,,58.0,0.22,19.6,7.2,,2,2
Fruit Salad Soft Jellies,The Natural Confectionery Co,Name brand,Confectionery,E,4,,59.2,0.04,1.0,4.1,,3,2
"Muesli apricot, almond & date",Coles,Supermarket own brand,Breakfast cereals,A,4,375.0,15.2,0.12,2.0,10.8,11.8,1,2
Honey,The Honey Collective,Name brand,Spreads,E,2,339.0,82.5,0.0,0.0,0.3,0.0,,2
Cup a soup Cream of Chicken,Continental,Name brand,Ready meals,C,4,,,,,,,2,2
Weet-Bix for kids,Sanitarium,Name brand,Breakfast cereals,A,3,349.0,2.9,0.03,0.4,12.4,12.4,,2
Plain Flour,Woolworths Essentials,Supermarket own brand,"Pasta, rice & grains",A,1,354.0,1.9,0.01,0.4,10.0,2.2,,2
Australian Unstabilised Rolled Oats,Macro,Supermarket own brand,Breakfast cereals,A,1,377.0,1.0,0.04,1.3,12.7,11.3,,2
Fresh lite milk,Coles,Supermarket own brand,Milk & alternatives,B,,45.0,4.5,0.09,0.9,3.6,0.0,,2
Breakaway Milk Chocolate Biscuit,Cadbury,Name brand,Biscuits & cakes,E,4,530.0,45.0,0.24,16.7,6.0,,4,2
Tuna in oil,John west,Name brand,Meat & seafood,C,,199.0,1.2,1.12,3.9,24.3,,,2
Crumbled chicken tenders,Coles,Supermarket own brand,Meat & seafood,A,4,176.0,2.4,0.56,1.0,16.2,,7,2
Tim Tam Deluxe Dark Choc Mint,Arnott's,Name brand,Biscuits & cakes,E,,478.0,44.3,0.35,13.2,4.6,3.6,,2
Belvita Minis Chocolate,Belvita,Name brand,Biscuits & cakes,C,,444.0,27.0,0.61,3.7,7.8,7.1,,1
Coon cheese,,Unknown,Cheese,,3,,,,,,,,1
Chicken Nasi Goreng with Vegetables & Ancient Grains,My Muscle Chef,Name brand,Meat & seafood,,3,,,,,,,,1
S &W Real Whole Egg Mayonnaise,S&W,Name brand,Sauces & condiments,,3,,,,,,,1,1
Organic Bananas,Macro Wholefoods Market,Supermarket own brand,"Fruit, veg & legumes",A,1,,,,,,,,1
Thai coconut and lime dressing,,Unknown,Sauces & condiments,,4,,,,,,,1,1
bee polen,nature's goodness,Name brand,Spreads,,,,,,,,,,1
Rice Crackers,Peckish,Name brand,Chips & salty snacks,,,423.0,4.3,,1.8,6.5,0.0,,1
Classic MAYO,Kraft,Name brand,Sauces & condiments,D,4,,13.7,1.66,2.6,0.4,,5,1
Tim Tam Fingers,Arnotts,Name brand,Biscuits & cakes,,4,,,,,,,4,1
Caramello Koala,Cadbury,Name brand,Confectionery,,,315.0,8.0,,2.5,21.0,,,1
Mint sauce,Fountain,Name brand,Sauces & condiments,,,77.0,17.6,,0.0,0.4,,,1
Mint sauce,Cornwell's,Name brand,Sauces & condiments,,,72.0,17.3,,3.0,3.0,,,1
Grass Fed Beef Massaman Curry,Fitness Outcomes,Name brand,Meat & seafood,,4,,,,,,,,1
Tricolore Fettuccine,Guzzi's,Name brand,"Pasta, rice & grains",A,1,133.0,0.1,0.01,0.2,5.3,2.6,,1
Taramosalata,Pilpel,Name brand,Sauces & condiments,E,,565.0,1.0,2.12,7.0,2.5,,,1
Baby corn spears,Woolworths,Supermarket own brand,"Fruit, veg & legumes",,,21.0,1.5,,0.1,1.1,,,1
Ham and Pinapple Pizza Slices,McCain,Name brand,Ready meals,D,4,227.0,5.0,3.0,3.4,9.3,,8,1
Spaghetti and Sausages,Heinz,Name brand,"Pasta, rice & grains",B,4,93.0,4.8,0.88,1.4,3.3,1.1,1,1
Intense Mint,Wrigley's,Name brand,Confectionery,,,216.0,0.0,0.66,0.0,0.0,0.0,,1
Hot Dogs gluten free,,Unknown,Meat & seafood,D,,104.0,1.0,2.95,5.3,13.9,,,1
Café Grande Ice cream,,Unknown,Ice cream & desserts,D,4,267.0,24.3,0.1,8.4,4.0,,8,1
Beef mince,Woolworths,Supermarket own brand,Meat & seafood,B,,168.0,1.0,0.13,4.9,18.5,,,1
Kangaroo Sweet & Hot jerky,Mariani,Name brand,Meat & seafood,D,,272.0,25.7,1.76,0.5,34.9,,,1
Choc Orange Nut Bars,Heritage Mill,Name brand,Muesli & protein bars,C,4,478.0,15.9,0.1,6.8,13.5,11.6,1,1
Rich Chocolate Cake,White Wings,Name brand,Biscuits & cakes,E,,327.0,28.9,1.25,6.6,4.9,,,1
Forest berries,Jols,Name brand,Confectionery,A,4,,0.5,0.01,0.5,1.0,38.0,10,1
Sprite Zero Sugar,Sprite,Name brand,Soft drinks & juice,B,4,,0.0,0.03,0.0,0.1,0.0,5,1
Lemon line sugarfree,Extra,Name brand,Confectionery,,,273.0,0.0,0.0,0.0,0.0,0.0,,1
Garlic and herb salt blend,Masterfoods,Name brand,Sauces & condiments,D,,130.0,2.0,64.95,2.0,4.0,,,1
Roast Vegetable Blend,Masterfoods,Name brand,Sauces & condiments,D,,,0.9,40.56,0.9,4.2,,,1
Rollups Strawberry Funprint,Uncle Tobys,Name brand,Muesli & protein bars,C,4,337.0,26.9,0.0,1.3,0.6,,7,1
Essentials Penne Pasta,Essentials,Supermarket own brand,"Pasta, rice & grains",A,,362.0,2.7,0.01,0.4,12.4,,,1
Red Wine and Italian Herb Pasta Sauce,Dolmio,Name brand,Sauces & condiments,C,,50.0,6.5,0.78,0.1,1.5,,,1
Traditional Curry Powder,Keen‘s Foods,Name brand,Sauces & condiments,,3,,,,,,,,1
Peanut Butter,,Unknown,Spreads,,,565.0,5.0,,6.5,28.5,,,1
100% nuts natural peanut butter smooth,,Unknown,Spreads,,,605.0,6.5,,5.5,28.5,,,1
Couscous,Coles,Supermarket own brand,Ready meals,,,363.0,2.5,,1.0,11.5,3.0,,1
Traditional Mayonnaise,Coles,Supermarket own brand,Sauces & condiments,,4,612.0,8.2,0.51,4.8,,0.0,6,1
Strawberry Jam 300G,Beerenberg,Name brand,Spreads,,4,275.0,65.3,,6.7,6.7,,2,1
Light peanut spread crunchy,Bega,Name brand,Spreads,,,568.0,10.3,,7.9,18.2,,,1
Aussie Adventure,,Unknown,Confectionery,,4,343.0,46.4,,0.0,3.6,0.0,4,1
Sour Patch Kids Mega Duo,,Unknown,Confectionery,,,364.0,61.6,,4.0,4.0,,,1
Orange tic tac,Tic Tac,Name brand,Confectionery,,4,398.0,93.3,,0.7,0.1,,1,1
Sour Patch Kids,,Unknown,Confectionery,,4,368.0,62.0,,4.0,4.0,,1,1
skittles,Skittles,Name brand,Confectionery,,,395.0,70.4,,2.4,0.0,,,1
Black Chia Seeds,Macro,Supermarket own brand,"Pasta, rice & grains",,,440.0,0.7,0.08,,24.0,33.3,,1
San remo seasoning Creamy Bacon 80g,San Remo,Name brand,Ready meals,,,,8.9,0.86,4.1,,,,1
Fantastic Chicken noodle bowl,Fantastic,Name brand,"Pasta, rice & grains",,4,72.0,0.1,0.88,1.5,1.3,0.1,9,1
Polish Sauerkraut,Sandhurst,Name brand,Sauces & condiments,,3,17.0,0.0,,0.0,1.5,2.1,,1
Manuka 100%,,Unknown,Spreads,,2,338.0,82.7,,0.0,0.0,,,1
MISSION CORN CHP EX CHSE 230GM,Mission,Name brand,Chips & salty snacks,,4,,1.2,0.39,1.1,3.5,,6,1
100% Prune Juice,Bickford's,Name brand,Soft drinks & juice,,,184.0,10.7,,0.0,0.5,1.0,,1
Bluey Cracker Biscuits Cheese,Arnott's,Name brand,Biscuits & cakes,C,4,471.0,1.9,1.12,2.4,6.7,10.5,1,1
Mediterranean vegetables hommus,Obela,Name brand,Spreads,C,4,,1.0,1.21,2.2,7.4,,4,1
Firm Tofu,,Unknown,"Fruit, veg & legumes",A,,141.0,0.4,0.1,1.3,15.9,,,1
Smarty pants cookie,,Unknown,Biscuits & cakes,E,4,476.0,28.6,0.3,16.6,3.5,,16,1
Smart White Milk,Pauls,Name brand,Milk & alternatives,B,1,,5.9,0.11,1.3,3.8,,,1
Lite white milk,Dairy Farmers - A2 Protein,Name brand,Milk & alternatives,A,1,43.0,4.6,0.11,0.9,3.5,,,1
hommus natural,Sss Foods,Name brand,Spreads,A,3,,1.0,0.34,0.7,6.3,,1,1
Natural Cashews,Macro Wholefoods Market,Supermarket own brand,"Fruit, veg & legumes",B,1,584.0,5.5,0.03,8.4,17.0,5.9,,1
Siggis,Siggi's,Name brand,Yoghurt,A,4,98.0,6.4,0.04,2.6,9.6,0.1,1,1
Coles Ultimate 40% Chocolate Chip Cookies - Choclate Dipped,Coles,Supermarket own brand,Biscuits & cakes,E,4,,37.9,0.65,16.9,5.6,2.6,4,1
sea salt and balsamic vinegar deli style potato chips,Red Rock Deli,Name brand,Chips & salty snacks,C,4,137.0,2.7,1.83,1.9,7.6,,2,1
Woolworths Original Salted Corn chips,Woolworths,Supermarket own brand,Chips & salty snacks,E,4,495.0,4.0,1.07,10.0,8.0,,1,1
Tri Colour Quinoa,Coles,Supermarket own brand,"Pasta, rice & grains",,1,362.0,4.8,,2.0,13.4,11.8,,1
Quinoa Tri-Colour,,Unknown,"Pasta, rice & grains",,,376.0,5.2,,1.0,15.2,,,1
Tomato Sauce,Fountain,Name brand,Sauces & condiments,D,4,116.0,24.7,2.08,0.1,1.3,,,1
Full Cream Milk,,Unknown,Soft drinks & juice,E,,155.0,11.0,0.28,5.8,8.5,,,1
Cheese slices,Bega,Name brand,Cheese,E,4,,3.8,3.68,17.1,17.1,,7,1
Farmhouse Cheddar Crispy Crackers,The Natural Cracker Co.,Name brand,Chips & salty snacks,B,,99.0,1.0,0.35,0.5,1.3,1.8,,1
Glueten free snakes,,Unknown,Confectionery,D,,349.0,50.7,0.18,0.5,5.3,,,1
Lavosh crackers,Olina’s Bakehouse,Name brand,Chips & salty snacks,C,4,,5.2,0.54,5.0,10.4,2.7,2,1
Country custard,Harvey Fresh,Name brand,Sauces & condiments,C,,100.0,12.0,0.61,2.2,3.5,,,1
Corn chips cheese supreme,Sonora Foods,Name brand,Chips & salty snacks,B,,,1.1,0.43,2.3,7.5,5.9,,1
easy mac chesse,Kraft,Name brand,"Pasta, rice & grains",,,373.0,5.1,1.5,3.5,33.0,,,1
Butter Chicken,On the Menu,Name brand,Meat & seafood,B,,111.0,1.4,0.47,1.0,3.4,,,1
MOREish Crispy Brownie Milk Chocolate,Chokolata,Name brand,Confectionery,D,4,,22.8,0.1,21.0,4.0,22.6,1,1
Smooth Dark Chocolate Orange & Almond,Green & Black's,Name brand,Confectionery,E,3,,27.4,0.0,27.6,6.8,,,1
Old Gold Dark Chocolate Orange,Cadbury,Name brand,Confectionery,E,4,509.0,52.6,0.02,16.4,5.5,,1,1
Honey Roasted Peanuts,The Happy Nut Co.,Name brand,"Fruit, veg & legumes",C,3,,,,,,,,1
Delites Honey Soy Chicken,Fantastic,Name brand,Chips & salty snacks,D,4,390.0,8.0,2.16,1.6,5.2,2.4,10,1
Strawberry sunday yogurt,,Unknown,Yoghurt,C,,,9.1,0.04,2.6,4.3,,,1
Goodness bowl,Uncle Tobys,Name brand,Breakfast cereals,B,3,378.0,13.8,0.64,1.2,8.4,7.2,1,1
Greek style soy yogurt,Vitasoy,Name brand,Milk & alternatives,D,,99.0,6.5,76.0,1.4,6.0,0.3,,1
Almond & Honey,Mondo Nougat,Name brand,Confectionery,D,4,,49.3,0.26,1.5,9.7,,,1
Pita crisps,Olina's,Name brand,Chips & salty snacks,C,3,352.0,1.0,1.95,1.5,11.5,9.5,,1
,,Unknown,Yoghurt,C,,,17.6,0.25,5.0,10.0,,,1
Wholemeal Spelt Flour,Coles,Supermarket own brand,"Pasta, rice & grains",,1,342.0,4.0,,0.0,13.2,8.9,,1
bolognese,Dolmio,Name brand,Sauces & condiments,B,4,68.0,4.2,0.66,0.3,1.4,,,1
,,Unknown,Chips & salty snacks,D,,,2.3,1.5,0.9,11.0,0.0,,1
Desiccated Coconut,Woolworths,Supermarket own brand,"Fruit, veg & legumes",,,,2.0,5.0,,0.4,4.6,,1
Firm tofu,Coles,Supermarket own brand,"Fruit, veg & legumes",A,3,148.0,1.0,0.02,1.7,16.4,,,1
Organic almond milk,Coles,Supermarket own brand,Milk & alternatives,,,26.0,0.9,,0.4,0.5,0.0,,1
Coles Tuna with Lemon and Pepper,Coles,Supermarket own brand,Meat & seafood,A,4,,0.0,0.88,1.0,18.9,1.0,2,1
coles organic coconut milk unsweetened,Coles,Supermarket own brand,Milk & alternatives,B,3,46.0,2.3,0.0,1.5,0.1,0.0,,1
Lactose Free Milk,Coles,Supermarket own brand,Milk & alternatives,,,47.0,5.4,,1.0,3.4,1.0,,1
Tuna chunks in olive oil blend,Coles,Supermarket own brand,Meat & seafood,B,,190.0,0.0,0.88,1.6,23.4,0.0,,1
Asparagus spears,Coles,Supermarket own brand,"Fruit, veg & legumes",A,,19.0,0.4,0.33,0.0,2.1,1.4,,1
Hazenut spread,Coles,Supermarket own brand,Spreads,D,,521.0,54.2,0.07,5.8,7.0,4.7,,1
Raisin and Oat Cookies,Coles,Supermarket own brand,Biscuits & cakes,C,,199.0,18.0,0.45,4.6,7.2,1.3,,1
Glaze Balsamic,Coles,Supermarket own brand,Sauces & condiments,,2,34.0,6.3,0.01,0.0,0.2,0.2,,1
Daal Tadka,Coles,Supermarket own brand,Ready meals,A,3,185.0,1.0,0.33,2.2,6.6,6.0,,1
Tuna sandwich in olive oil blend x3,Coles,Supermarket own brand,Meat & seafood,B,,223.0,0.0,0.36,2.4,22.2,,,1
Marble Caramilk,Cadbury,Name brand,Confectionery,E,4,552.0,53.2,0.2,18.4,7.6,,2,1
Vaalia allege lemô,Parmalat,Name brand,Yoghurt,B,,113.0,12.6,0.06,1.6,4.6,,,1
creamy yoghurt natural,Tasmania’s Westhaven,Name brand,Yoghurt,A,1,,7.6,0.05,1.8,4.9,,,1
Chocolate chip cookies,Arnott's,Name brand,Biscuits & cakes,E,4,496.0,29.7,0.73,14.6,5.0,3.3,2,1
Lait concentré sucré,Nestlé,Name brand,Milk & alternatives,E,3,344.0,55.9,0.23,6.0,7.6,1.0,,1
Fig and Pistachio Cracker,Ob Finest,Name brand,Chips & salty snacks,D,4,411.0,24.0,1.78,2.0,8.0,,7,1
Japanese style ginger and sesame dressing,Marion's Kitchen,Name brand,Sauces & condiments,D,,193.0,15.3,4.9,1.7,3.3,,,1
S&W Vegan Mayonnaise,S&W,Name brand,Sauces & condiments,,4,,6.0,2.44,,0.7,,3,1
Roasted Nuts and Seeds Muesli,community co,Supermarket own brand,Breakfast cereals,E,3,608.0,23.4,0.5,15.6,18.9,,1,1
Organic Turkish figs,Macro,Supermarket own brand,"Fruit, veg & legumes",B,1,270.0,52.6,0.03,0.2,3.6,14.3,,1
nutella,Ferrero,Name brand,Spreads,,,,,,,,,,1
Apricot Nectar,Ardmona,Name brand,Soft drinks & juice,E,4,58.0,12.7,0.01,0.1,0.3,0.5,3,1
The Fit Scoop - Chocolate,Fropro,Name brand,Ice cream & desserts,B,,140.0,6.6,0.36,3.7,10.0,,,1
Bush honey yoghurt,Barambah Organics,Name brand,Yoghurt,B,,,8.6,0.13,2.1,5.0,,,1
Lavosh crackers rosemary & sea salt,Olina’s,Name brand,Chips & salty snacks,C,,,5.6,0.81,3.9,11.1,2.3,,1
Creamy Chocolate,arnott's,Name brand,Biscuits & cakes,D,4,300.0,4.8,1.5,1.5,0.7,,3,1
Strawberry Yoghurt,Barambah Organics,Name brand,Yoghurt,B,,93.0,8.8,0.12,2.5,5.0,,,1
Soy Milk Regular,Vitasoy,Name brand,Milk & alternatives,A,,53.0,2.5,0.2,0.4,3.0,0.2,,1
Goodness Bowl Tasty Flakes Berry Flavour,Uncle Tobys,Name brand,Breakfast cereals,A,4,,19.9,0.17,0.8,7.9,7.0,,1
Pure Honey,Community Co,Supermarket own brand,Spreads,D,2,339.0,82.5,0.01,0.1,0.0,0.0,,1
THE MAN SHAKE,,Unknown,Ready meals,,,368.0,4.3,0.02,0.8,53.5,13.5,,1
Oat milk,Chobani,Name brand,Milk & alternatives,B,,67.0,4.4,0.11,0.2,0.9,,,1
Rice Milk Unsweetened,Vitasoy,Name brand,Milk & alternatives,C,,51.0,5.8,0.65,0.1,0.3,,,1
Mint jelly,Coles,Supermarket own brand,Sauces & condiments,,4,,,,,,,6,1
CurlyWurly,Cadbury,Name brand,Muesli & protein bars,E,4,456.0,49.6,0.24,9.4,3.0,,6,1
Super Sweet Corn Cobbettes,Rugby Farm,Name brand,"Pasta, rice & grains",,,,,,,,,,1
Extra Bubblemint,Wrigley's,Name brand,Confectionery,,4,217.0,0.0,0.0,0.0,0.0,0.4,8,1
Bickfords 100% juice,Bickford's,Name brand,Soft drinks & juice,,,123.0,8.0,,0.0,0.0,20.0,,1
Luxury Nut Mix,Woolworths,Supermarket own brand,"Fruit, veg & legumes",,1,620.0,4.7,,5.3,17.0,8.3,,1
Strawberry flavoured jelly,Aeroplane,Name brand,Ice cream & desserts,,4,42.0,9.0,0.0,0.7,1.2,,5,1
Coles Australian White Cup Mushrooms,Coles,Supermarket own brand,"Fruit, veg & legumes",,1,25.0,0.3,0.02,,3.3,1.5,,1
Wholemeal Sourdough,Jesse's Bakery,Name brand,Bread,D,3,,1.0,2.13,0.2,6.7,,,1
Indulgent Sticky Date & Caramel Hot Cross Buns,Woolworths Select,Supermarket own brand,Bread,,4,,,,,,,11,1
7 eleven sliced white bread,7-Eleven,Name brand,Bread,C,4,,,,,,,2,1
Sonoma Dark Rye Bread,Sonoma,Name brand,Bread,,,223.0,0.4,,0.2,7.4,0.0,,1
Greek Vanilla Yogurt,Mundella,Name brand,Yoghurt,C,,120.0,9.2,0.12,3.9,4.1,,,1
Wholegrain Wrap,,Unknown,Bread,D,,313.0,3.4,2.11,4.0,9.1,,,1
9 Grain Wholemeal,Tip Top,Name brand,Bread,A,4,,1.9,0.93,0.7,12.4,8.7,2,1
White high fibre,Wonder,Name brand,Bread,A,4,,2.3,0.4,1.0,8.3,8.1,1,1
Finest rye sourdough rolls 3pk,Coles,Supermarket own brand,Bread,A,1,236.0,1.8,0.95,0.3,8.2,4.3,,1
Stone Baked Pane di Casa Rolls,Coles,Supermarket own brand,Bread,A,3,,2.4,0.9,0.3,8.0,2.8,,1
Basil paste,Gourmet garden,Name brand,Bread,C,4,56.0,6.9,1.84,0.6,0.6,8.1,4,1
Low carb wraps,Helga,Name brand,Bread,,,,1.8,,7.4,19.3,16.6,,1
Seeds and Grain Pane Di Casa,Woolworths,Supermarket own brand,Bread,,3,,3.1,0.97,0.9,,,,1
soft white toast loaf,Coles,Supermarket own brand,Bread,,,,,,,,,,1
High protein banana pudding,Wicked sister,Name brand,Ice cream & desserts,A,,98.0,5.5,0.13,2.5,9.1,,,1
Australian grown broccoli florets,Woolworths select,Supermarket own brand,"Fruit, veg & legumes",,,24.0,,0.03,,2.9,,,1
Calippo,Streets,Name brand,Ice cream & desserts,,4,87.0,19.8,,0.0,0.0,,5,1
Slow-Cooked Beef With Shiraz & Cracked Pepper Pie,Herbert Adams,Name brand,Ready meals,D,4,261.0,0.7,0.97,6.7,10.6,,11,1
Coca cola,Coca-Cola,Name brand,Soft drinks & juice,E,4,43.0,10.6,0.0,0.0,0.0,,1,1
Granola cookies,Woolworths,Supermarket own brand,Biscuits & cakes,E,4,432.0,32.0,0.0,7.9,7.0,,8,1
Vanilla caramel brownie gourmet icecream,Connoisseur,Name brand,Ice cream & desserts,E,,472.0,29.4,0.29,13.4,4.5,,,1
Leggo Tomato Puree 410g,Leggos,Name brand,Sauces & condiments,,,28.0,3.7,,0.0,1.3,1.5,,1
YoPRO Strawberry Watermelon,Danone,Name brand,Yoghurt,A,,88.0,5.1,0.16,0.3,15.0,,,1
Tasty Cheese & Crackers Snack Pack,Woolworths,Supermarket own brand,Cheese,D,,414.0,2.0,1.53,16.6,20.0,,,1
SPC Salt Reduced Baked Beans,SPC,Name brand,Ready meals,A,4,84.0,4.4,0.57,0.0,5.0,4.3,1,1
Assorted,Sunfield,Name brand,Biscuits & cakes,E,,437.0,22.3,0.43,13.6,4.0,,,1
Full cream milk,The Good Drop,Name brand,Milk & alternatives,B,1,62.0,4.4,0.11,2.3,3.4,0.0,,1
Pink gum lady,Beerenberg,Name brand,Spreads,,,,0.0,,0.0,,,,1
Cheese & Onion,Smith's,Name brand,Chips & salty snacks,D,4,540.0,3.0,1.03,2.6,7.0,,6,1
Balsamic dressing,Coles,Supermarket own brand,Sauces & condiments,D,4,156.0,13.2,2.88,1.0,1.0,0.0,3,1
Blueberry Muffins,Coles,Supermarket own brand,Biscuits & cakes,D,4,,27.0,1.13,5.6,5.7,1.6,6,1
Finger scotch,Coles,Supermarket own brand,Biscuits & cakes,E,,483.0,17.1,1.07,12.1,6.6,,,1
Chickpeas,Siena,Name brand,"Fruit, veg & legumes",A,3,,0.0,0.38,0.2,3.8,3.4,1,1
Himalayan pink rock salt,Chef's Choice,Name brand,Sauces & condiments,,,,,,,,,,1
Austrailan Almonds,Coles,Supermarket own brand,"Fruit, veg & legumes",C,,595.0,5.0,0.04,4.0,24.3,10.7,,1
3 seed crisps,OB finest,Name brand,Chips & salty snacks,C,,544.0,1.2,0.8,6.9,28.8,21.2,,1
rocklea road,Darrell Lea,Name brand,Confectionery,E,4,528.0,50.4,0.4,17.2,7.6,,4,1
Allens retro party mix,Allen’s,Name brand,Confectionery,D,4,347.0,45.7,0.25,1.0,3.9,0.0,7,1
Mixed Blossom Honey,Gardener,Name brand,Spreads,,2,,,,,,,,1
Honey,Beechworth,Name brand,Spreads,,2,335.0,82.1,,0.0,0.4,,,1
,Beechworth,Name brand,Spreads,,2,,,,,,,,1
Munchables Mix’n’Munch,Mainland,Name brand,Cheese,E,,448.0,5.8,2.03,16.7,15.3,,,1
Cold Brew Strong Latte,Dare,Name brand,Milk & alternatives,A,3,,,,,,,,1
Double espresso iced coffee,Barista Bros,Name brand,Milk & alternatives,A,,41.0,3.9,0.2,0.9,2.5,,,1
Real Coffee Ice Break Regular Strength,Ice Break,Name brand,Milk & alternatives,,,71.0,9.9,,1.1,3.3,,,1
Garlic Aioli,Heinz,Name brand,Sauces & condiments,E,4,645.0,3.2,1.6,6.0,1.2,,4,1
Garlic Lovers Aioli,Heinz,Name brand,Sauces & condiments,D,4,,2.7,1.36,5.6,1.3,,4,1
Prebiotic Oat Milk,Vitasoy,Name brand,Milk & alternatives,B,4,71.0,2.0,0.13,0.3,1.0,,,1
Cold Pressed Pink Lady Apple Juice,Preshafruit,Name brand,Soft drinks & juice,,,38.0,9.5,,0.0,0.0,,,1
Pascall Pink & White Marshmallows,Pascall,Name brand,Confectionery,D,4,345.0,68.0,0.15,4.0,4.0,,2,1
seeded snackers,Olina's,Name brand,Chips & salty snacks,C,,459.0,4.2,1.58,3.5,21.8,21.1,,1
Grissini Rosemary & Sea Salt Italian Bread Sticks,always fresh,Name brand,Chips & salty snacks,D,,434.0,2.1,3.25,2.1,9.3,,,1
Sour cream and chive,Sakata,Name brand,Chips & salty snacks,D,,424.0,2.3,1.48,0.0,0.2,,,1
sweet chilli ad sour cream,Fantastic,Name brand,Chips & salty snacks,,4,,,,,,,6,1
salt n vinegar harvest snaps,Calbee,Name brand,Chips & salty snacks,,4,,,,,,,7,1
Sushi rice,Sun rice,Name brand,"Pasta, rice & grains",,,255.0,,,,4.2,1.0,,1
Corn thins,Real Foods,Name brand,Biscuits & cakes,B,,391.0,0.8,0.5,0.1,10.8,,,1
Grapes,Woolworth,Name brand,Soft drinks & juice,,,,,,,,,,1
Fresh Yarra Valley Strawberries,Strawberry Springs,Name brand,"Fruit, veg & legumes",A,1,,,,,,,,1
Australian Avocado,Australian Avocado,Name brand,"Fruit, veg & legumes",A,1,,,,,,,,1
Raspberry Jam,Cottee's,Name brand,Spreads,D,4,,65.5,0.01,0.0,0.2,,2,1
Flora Buttery,Flora,Name brand,Spreads,D,4,,1.0,0.91,17.1,1.0,0.0,5,1
Kraft Light Crunchy Peanut Butter,Kraft,Name brand,Spreads,,,554.0,15.4,,7.7,17.4,,,1
Arnott’s Mini Chocolate Wagon Wheels,Arnott's,Name brand,Biscuits & cakes,E,4,,43.4,0.28,11.2,3.6,,1,1
Tempeh - Macro Wholefoods Market,Macro Wholefoods,Supermarket own brand,"Fruit, veg & legumes",A,3,112.0,0.5,0.01,0.9,12.4,7.6,,1
Beef Lasagne,On the Menu,Name brand,Ready meals,C,4,144.0,2.8,0.75,3.3,5.9,,4,1
Golden Gaytime Coco pops,Streets,Name brand,Ice cream & desserts,C,4,282.0,1.2,0.01,7.1,3.1,,11,1
Nothing but,Farmdale,Name brand,Milk & alternatives,A,,35.0,4.5,0.0,0.1,3.6,,,1
Tamari Seaweed Rice Crackers,eat rite.,Name brand,Chips & salty snacks,,3,,,0.96,0.4,9.6,,,1
Soup of the day - Buttercup pumpkin & veg,Heinz,Name brand,Ready meals,B,4,50.0,3.9,0.28,0.4,0.8,,,1
Mature WA CHEDDAR,Browes,Name brand,Cheese,D,3,385.0,1.2,1.45,20.8,26.0,,,1
Greek Yogurt,Chobani,Name brand,Yoghurt,A,4,81.0,9.8,0.34,0.1,8.6,,2,1
Tomato Sauce,Coles,Supermarket own brand,Sauces & condiments,C,4,112.0,24.6,1.8,1.0,1.2,13.0,2,1
Pana Organic Double Chocolate,pana organic,Name brand,Ice cream & desserts,D,,211.0,10.7,0.12,14.3,2.3,,,1
Mild Thick 'N' Chunky Tomato Salsa,Old El Paso,Name brand,Sauces & condiments,B,4,31.0,4.0,0.37,0.0,0.9,1.2,1,1
Authentic Butter Chicken,Community Co,Supermarket own brand,Meat & seafood,C,4,,3.2,0.97,4.2,7.3,0.6,1,1
Hilo Milk,Ferguson Valley,Name brand,Milk & alternatives,A,1,,4.8,0.1,0.9,3.3,,,1
Cantonese Duck with Broccoli & Green Beans,My Muscle Chef,Name brand,Meat & seafood,A,4,138.0,5.4,0.59,1.6,12.9,1.7,,1
Australian Full Cream Milk,Gold Country Dairy,Name brand,Milk & alternatives,A,,10.0,4.8,0.09,0.4,3.6,,,1
Mixed Vegetables Curry Mixes,Curry Masters,Name brand,Sauces & condiments,,3,,2.5,3.62,0.5,5.7,,,1
Stone Baked Light Rye Sourdough,Stone Baked by Laurent,Name brand,Bread,B,4,236.0,1.8,0.95,0.3,8.2,,,1
Mountain River Yoghurt,Mountain River,Name brand,Yoghurt,B,3,,8.2,0.14,2.1,4.9,,,1
Chunky Flamed Steak Thick Cut Chips,Kettle,Name brand,Chips & salty snacks,,4,,,,,,,,1
Brown rice miso,Carwari,Name brand,"Fruit, veg & legumes",D,,,2.5,12.0,0.8,10.6,,,1
Mac & Cheese Dinner Deluxe,Kraft,Name brand,Ready meals,,4,,1.2,1.12,,8.2,0.0,3,1
Natural muesli cranberry macadamia,Brookfarm,Name brand,Breakfast cereals,B,3,413.0,16.1,0.03,2.9,11.4,10.4,,1
Falafel,Kings,Name brand,Ready meals,,,,1.7,1.14,,24.4,0.7,,1
Uppercuts Feta & Roasted Garlic Flavoured Corn Chips,Kettle,Name brand,Chips & salty snacks,D,4,,3.0,1.38,4.8,8.8,5.0,,1
Dried Apricots,community co,Supermarket own brand,"Fruit, veg & legumes",C,3,,37.0,0.01,1.0,3.0,11.0,,1
Tortilla Chips (Parmesan & Caramelised Onion),Red Rock Deli,Name brand,Chips & salty snacks,E,4,,3.7,1.31,12.0,7.8,,1,1
Red Salmon,John West,Name brand,Meat & seafood,C,3,,1.0,1.18,2.1,23.0,,,1
Blackberries,Driscolls,Name brand,"Fruit, veg & legumes",A,1,,,,,,,,1
Black Pudding,The Black Forest,Name brand,Meat & seafood,D,3,,0.5,2.79,3.4,21.1,,,1
Premium Tasmanian Salmon,Tassal,Name brand,Meat & seafood,,,,,,,,,,1
Chicken breast,Coles,Supermarket own brand,Meat & seafood,A,4,92.0,1.1,0.81,1.0,17.8,,1,1
Dried Shitake Mushrooms Sliced,Jade Phoenix,Name brand,"Fruit, veg & legumes",A,1,,0.3,0.12,2.2,19.7,,,1
Pot Set Fat Free Natural Yoghourt,Jalna,Name brand,Yoghurt,A,3,,5.5,0.23,0.1,5.3,0.1,,1
Heinz Beanz BBQ Sauce,Heinz,Name brand,Ready meals,,4,,6.4,1.18,0.1,,5.4,2,1
Breakfast Biscuits - Cranberry,belVita,Name brand,Biscuits & cakes,C,4,,19.7,0.77,1.4,8.0,6.4,7,1
Strawberry Cheesecake,Woolworths Homebrand,Supermarket own brand,Biscuits & cakes,D,4,,26.6,0.55,7.1,4.0,,16,1
"Potato, Egg & Bacon Salad",Woolworths,Supermarket own brand,Ready meals,,4,,,,,,,11,1
Mini Jam Donuts,Coles,Supermarket own brand,Biscuits & cakes,D,4,,18.8,0.51,8.0,6.0,,8,1
100% Australian Pure Honey,Coles,Supermarket own brand,Spreads,D,2,335.0,82.0,0.03,0.0,0.8,0.0,,1
Artisan Crackers No Gluten Fig & Almond,Olina’s Bakehouse,Name brand,Chips & salty snacks,D,4,,27.3,1.69,1.4,6.7,6.9,6,1
Lamingtons fingers,Woolworths,Supermarket own brand,Biscuits & cakes,D,4,332.0,29.0,0.62,8.1,4.7,4.6,18,1
Manuka honey,capilano,Name brand,Spreads,,,,,,,,,,1
Australian Corn Kernels,Birds Eye,Name brand,"Pasta, rice & grains",A,,,2.6,0.02,0.2,3.1,3.5,,1
Smoked oysters,John West,Name brand,Meat & seafood,B,3,72.0,1.0,0.29,2.8,6.6,,,1
Organic balsamic vinegar,Macro,Supermarket own brand,Sauces & condiments,,2,125.0,19.1,0.17,0.0,0.7,0.5,,1
Blueberries,Driscoll’s,Name brand,"Fruit, veg & legumes",,,,,,,,,,1
Smoked Salon,Clearly Premium by Gourmet Foods,Name brand,Meat & seafood,A,,198.0,0.0,0.0,1.8,22.0,,1,1
Cheese Sauce,Gravox,Name brand,Sauces & condiments,E,4,399.0,12.0,8.83,10.7,4.0,,4,1
Strawberry yoghurt,Woolworths,Supermarket own brand,Yoghurt,,,76.0,8.4,,10.0,4.3,,,1
Strawberry cheesecake,,Unknown,Biscuits & cakes,,,392.0,21.0,,8.1,6.8,,,1
Stackers Danish Salami,Primo,Name brand,Cheese,E,,382.0,2.2,2.7,14.0,20.9,,,1
Bee Products Active Manuka Honey Blend,Mayver's,Name brand,Spreads,,2,335.0,82.1,,0.0,0.3,,,1
Blueberries,,Unknown,"Fruit, veg & legumes",,,,,,,,,,1
Strawberry milk,Oak,Name brand,Milk & alternatives,D,,201.0,30.3,0.28,3.3,8.3,,,1
The Man Shake,The Man Shake,Name brand,Ready meals,,,375.0,4.5,0.02,1.1,53.5,,,1
Alo-v,Bella terra,Name brand,Soft drinks & juice,D,4,15.0,4.0,0.05,0.0,0.0,,5,1
Chandler’s Pure Honey,,Unknown,Spreads,,2,338.0,82.7,,0.0,0.3,,,1
Semi Skim Milk,Devondale,Name brand,Milk & alternatives,B,,50.0,4.7,0.11,1.4,3.2,,,1
Peanut butter,Coles,Supermarket own brand,Spreads,C,3,570.0,6.0,0.45,19.0,25.5,5.5,,1
Passionfruit flavoured jelly,Aeroplane,Name brand,Confectionery,,,62.0,14.2,,0.8,1.1,,,1
Australian bowties,Coles,Supermarket own brand,"Pasta, rice & grains",A,1,361.0,2.4,0.5,0.5,12.7,3.6,,1
Yopro perform key lime yoghurt,Danone,Name brand,Yoghurt,,4,122.0,6.0,,0.9,20.0,,2,1
Coles Orange Juice,Coles,Supermarket own brand,Soft drinks & juice,B,4,,6.8,0.01,0.0,0.6,0.2,,1
Strawberry,,Unknown,"Fruit, veg & legumes",D,,432.0,43.3,0.28,11.2,3.8,,,1
Original juice co- black label ORANGE,Original Juice Co. (A division of Golden Circle Ltd.) Black Label,Name brand,Soft drinks & juice,C,1,51.0,8.6,0.0,0.0,0.7,0.0,,1
Sara Lee,Deluxe Fruit Mince Crumble Pie Deep Dish,Name brand,Biscuits & cakes,D,4,344.0,34.8,0.47,6.0,3.5,,8,1
Tuna fillets in organic extra virgin olive oil,Good Fish,Name brand,Meat & seafood,A,4,215.0,1.7,0.41,1.7,25.5,0.0,,1
YoPRO Coconut,Danone,Name brand,Yoghurt,A,,64.0,3.3,0.1,0.7,9.6,,,1
Pineapple Slices in Natural Juice,Autumn Fields,Name brand,"Fruit, veg & legumes",A,1,59.0,12.5,0.01,0.0,0.3,1.0,,1
Baked beans,coles smart buy,Supermarket own brand,Ready meals,A,4,93.0,6.7,0.8,1.0,4.6,5.3,,1
Cheddar,Kraft,Name brand,Cheese,,4,327.0,0.2,4.85,,19.8,,7,1
Original Full cream milk,Pura,Name brand,Milk & alternatives,B,,62.0,4.4,0.11,2.3,3.4,,,1
Vitabrits,Uncle Tobys,Name brand,Breakfast cereals,A,3,351.0,0.4,0.99,0.4,9.9,12.6,,1
Prawn Crackers BBQ Rib,,Unknown,Chips & salty snacks,D,4,496.0,7.3,3.57,2.7,1.3,1.3,2,1
Vegan Mayo,Heinz,Name brand,Sauces & condiments,D,,669.0,6.0,0.19,4.8,0.0,,,1
Biscuits Chocolate Teevee Malt Sticks,Arnott's,Name brand,Biscuits & cakes,E,4,,36.8,0.52,12.0,7.0,2.4,2,1
Peri Peri Chicken With Tomato Rice & Green Beans,My Muscle Chef,Name brand,Meat & seafood,A,4,134.0,2.4,0.68,0.9,14.3,1.2,1,1
Organic Almond Milk,Macro,Supermarket own brand,Milk & alternatives,B,3,39.0,2.4,0.09,0.2,0.4,,,1
Deli australian hoki Crisp Light Batter,Birds Eye,Name brand,Meat & seafood,B,4,223.0,1.0,1.09,1.5,11.2,0.5,7,1
Frozen Raspberries,Woolworths,Supermarket own brand,"Fruit, veg & legumes",,,45.0,6.5,,0.7,11.3,5.6,,1
Stuffed green olives,Woolworths,Supermarket own brand,Sauces & condiments,C,4,,0.1,4.12,3.0,0.7,2.1,5,1
Almond Milk Unsweetened,Sanitarium,Name brand,Milk & alternatives,B,,16.0,0.1,0.09,0.1,0.6,,,1
Philadelphia lactose free,Philadelphia,Name brand,Cheese,D,3,338.0,4.0,0.9,22.8,7.2,,,1
Artisan cookies chocolate chip,Olina's,Name brand,Biscuits & cakes,E,,505.0,48.0,0.88,18.7,5.3,0.0,,1
Tinned Salmon - Olive Oil Blend,John West,Name brand,Meat & seafood,,,198.0,1.2,0.88,1.9,,,,1
Wild Alaskan Salmon in Springwater,Woolworths,Supermarket own brand,Meat & seafood,A,3,88.0,0.1,0.63,0.4,17.9,,,1
Tuna Chilli,Woolworths,Supermarket own brand,Meat & seafood,A,,,1.0,0.28,1.4,17.3,0.3,,1
Yellowfin Tuna in chilli & oil,Woolworths,Supermarket own brand,Meat & seafood,B,,183.0,0.1,0.65,1.3,24.0,0.0,,1
Chicken Satay with Jasmine Rice,Woolworths,Supermarket own brand,Ready meals,B,4,162.0,3.4,0.54,2.0,5.5,1.0,2,1
Aussie natural almonds,Woolworths,Supermarket own brand,"Fruit, veg & legumes",,,600.0,4.7,,3.7,19.3,,,1
99% fruit juice Apple Juice,Woolworths,Supermarket own brand,Soft drinks & juice,,4,44.0,10.0,,0.0,0.1,0.1,1,1
Cranberry Classic,Ocean Spray,Name brand,Soft drinks & juice,E,3,46.0,11.3,0.0,0.0,0.0,,,1
Pine Mango Fruit Drink With Vitamin C,Golden Circle,Name brand,Soft drinks & juice,E,4,44.0,9.9,0.02,0.0,0.1,,1,1
Coconut Milk,Blissful Organics,Name brand,Milk & alternatives,,,213.0,2.2,,16.0,1.6,,,1
Chobani oat milk barista,Chobani,Name brand,Milk & alternatives,B,4,67.0,4.4,0.11,0.2,0.9,0.9,1,1
,,Unknown,Soft drinks & juice,,,,8.9,0.03,,,0.2,,1
Cream of Mushroom Cup a Soup,Continental,Name brand,Ready meals,D,4,112.0,1.3,2.52,1.9,1.0,,2,1
Cream cheese apricot and almond,South Cape,Name brand,Cheese,E,4,323.0,10.0,10.0,18.1,7.5,,5,1
Creamy tartare,Heinz,Name brand,Sauces & condiments,D,4,,2.6,1.41,5.1,0.8,,5,1
tomato paste,Leggo's,Name brand,"Fruit, veg & legumes",A,3,,,,,,,3,1
Cadbury Baking Dark chocolate,Cadbury,Name brand,Confectionery,E,4,528.0,51.6,0.02,18.8,6.0,,1,1
Macro Organic Pasta Spirals,Macro,Supermarket own brand,"Pasta, rice & grains",,,358.0,4.0,,0.3,11.5,,,1
Table Salt,Woolworths,Supermarket own brand,Sauces & condiments,,2,,,,,,,1,1
Flora Buttery,Flora,Name brand,Spreads,C,4,,1.0,0.0,1.6,1.0,0.0,5,1
Essentials Table Spread,Woolworths,Supermarket own brand,Spreads,D,4,440.0,10.0,0.9,12.0,10.0,,4,1
Icy Pole Lemonade,Peters,Name brand,Ice cream & desserts,C,4,59.0,14.2,0.01,0.1,0.1,,2,1
Cornflour Gluten Free,Woolworths,Supermarket own brand,"Pasta, rice & grains",C,2,,0.8,0.02,0.1,0.4,0.3,1,1
Sea Salt,Woolworths,Supermarket own brand,Sauces & condiments,,2,,,100.0,,,,,1
Bega Stringers Tasty Cheddar,Bega,Name brand,Cheese,,4,290.0,,,,,,,1
Turkey Moussaka,My Muscle Chef,Name brand,Meat & seafood,,3,,,,,,,1,1
Cherry Tomatoes,,Unknown,"Fruit, veg & legumes",,1,,,,,,,,1
nutella,Nutella,Name brand,Spreads,,4,79.0,8.4,,1.6,0.9,,1,1
Snack time,Edgell,Name brand,"Fruit, veg & legumes",A,3,213.0,0.9,0.78,1.9,7.1,,,1
Steamfresh,Birds Eye,Name brand,"Fruit, veg & legumes",A,1,56.0,3.1,0.01,0.1,3.3,4.3,,1
Freshly Frozen Vegetarian Pastizzi,Mario's,Name brand,Ready meals,D,4,280.0,3.4,0.95,7.4,7.0,1.8,9,1
Roasted Pepper Strips,Always Fresh,Name brand,Sauces & condiments,C,3,38.0,6.2,1.38,0.2,1.0,0.0,1,1
Pad Thai,Coles,Supermarket own brand,Ready meals,C,,117.0,3.7,0.84,0.9,2.8,,,1
Cherries,Koala Cherries,Name brand,"Fruit, veg & legumes",,1,,,,,,,,1
Tzatziki to go,Obela,Name brand,Sauces & condiments,C,,,6.1,1.27,3.2,6.5,1.7,,1
Teriyaki sauce,Mr Chen's,Name brand,Sauces & condiments,C,,21.0,4.5,0.99,0.0,0.3,,,1
Roasted chickpeas,,Unknown,Chips & salty snacks,A,4,387.0,4.8,0.88,1.2,21.2,,1,1
Hoisin sauce,Mr Chen's,Name brand,Sauces & condiments,D,,36.0,23.0,12.12,0.0,3.0,,,1
red tulip mixed eggs,Red Tulip,Name brand,Confectionery,,4,,,,,,,3,1
Jackfruit BBQ,Hudson's,Name brand,Ready meals,,4,,7.6,1.17,,2.1,4.3,6,1
Carrot Cake,Sara Lee,Name brand,Biscuits & cakes,D,4,351.0,30.4,0.87,4.8,4.0,,9,1
Sunflower seeds,Coles,Supermarket own brand,"Fruit, veg & legumes",D,1,627.0,3.3,1.68,5.0,20.3,12.3,,1
pivkle,Fehlbergs,Name brand,Sauces & condiments,,4,,,,,,,2,1
Kimchi Korean Beef,My Muscle Chef,Name brand,Meat & seafood,A,4,114.0,1.7,0.86,0.6,10.6,0.4,1,1
Fibre fest penne,San Remo,Name brand,"Pasta, rice & grains",A,,,5.0,0.01,0.5,19.8,6.8,,1
vanilla flavoured yougurt,Woolworths,Supermarket own brand,Ice cream & desserts,,,75.0,8.9,,1.4,4.1,0.2,,1
Milky way,Milky Way,Name brand,Muesli & protein bars,E,4,442.0,57.8,0.13,7.1,2.9,,1,1
Kalamata olives- pitted,Always Fresh,Name brand,Sauces & condiments,D,,242.0,1.0,2.5,2.5,1.0,,,1
Californian Walnuts,Coles,Supermarket own brand,"Fruit, veg & legumes",C,1,713.0,1.6,4.0,6.2,16.1,6.1,,1
Giardiniera (Garden salad),Hoyts,Name brand,Sauces & condiments,C,,21.0,1.0,2.7,0.1,0.6,,,1
Konjac Noodle Style,,Unknown,Ready meals,,,5.0,0.5,,0.4,1.0,,,1
Sweet spiced gheekin rounds,Spring gully,Name brand,Sauces & condiments,C,,168.0,33.0,0.23,0.5,0.5,,,1
Dried Mango Slices,Woolworths,Supermarket own brand,"Fruit, veg & legumes",C,,360.0,50.0,0.68,0.3,1.7,,,1
Pepperoni Pizza,Woolworths,Supermarket own brand,Ready meals,,4,,1.9,1.65,,13.6,,7,1
Chocolate caramel crunch,Noshu,Name brand,Biscuits & cakes,,,373.0,4.9,,18.8,2.7,23.0,,1
Italian Herb Mix,Hoyts,Name brand,Sauces & condiments,B,1,315.0,20.9,0.18,1.0,14.6,,,1
Chunky Angus beef pie,Ivan's Finest Pies And Pastries,Name brand,Meat & seafood,B,4,123.0,0.6,0.52,2.7,5.6,,5,1
Dairy Milk Coconut Rough,Cadbury,Name brand,Muesli & protein bars,,4,,48.7,0.19,,7.5,,3,1
Perform lean,Perform lean,Name brand,Ready meals,A,4,91.0,2.8,0.43,0.6,9.9,3.5,5,1
Butter beans,Edgell,Name brand,"Fruit, veg & legumes",A,,97.0,1.1,0.76,0.3,6.4,5.1,,1
Triple Smoked Leg Ham,Coles,Supermarket own brand,Meat & seafood,D,,109.0,1.4,2.62,1.4,17.4,1.4,,1
Thai Red Curry Paste - Medium Hot,Charmaine Solomon's,Name brand,Sauces & condiments,B,3,,9.8,0.0,1.0,4.1,,,1
Smarties,Nestle,Name brand,Muesli & protein bars,E,4,478.0,67.3,0.12,10.3,4.8,,7,1
Spaghetti,Heinz,Name brand,"Pasta, rice & grains",B,3,,3.4,0.72,0.0,2.0,,1,1
Hot Tomato Chutney,Beerenberg,Name brand,Spreads,,3,,21.9,0.66,1.0,,,,1
Double Ginger Beer,Strangelove,Name brand,Soft drinks & juice,,4,18.0,4.5,,0.0,0.0,,1,1
Baby peas and corn,Edgell,Name brand,"Fruit, veg & legumes",A,,48.0,2.8,0.45,0.2,2.2,3.4,,1
Whiting Skin-On,John West,Name brand,Meat & seafood,A,3,,1.0,1.01,0.2,16.3,,4,1
"Organic pear, peach & nectarine fruit puree",Australian Organic Food Co,Name brand,"Fruit, veg & legumes",,,52.0,9.3,,0.8,0.8,,,1
Taco original seasoning mix,McCormick,Name brand,Sauces & condiments,C,4,29.0,3.2,1.65,1.0,6.4,,3,1
Sriracha Hot Sauce,Tiao Hu,Name brand,Sauces & condiments,C,4,169.0,32.0,0.57,1.0,1.0,2.9,3,1
Guacamole,Chris,Name brand,Sauces & condiments,,,373.0,1.8,,3.2,1.7,2.2,,1
choc peanut rounds,,Unknown,Biscuits & cakes,E,,543.0,22.6,0.76,11.1,12.2,2.6,,1
,,Unknown,Soft drinks & juice,,,,23.5,13.0,0.0,0.0,0.0,,1
,,Unknown,Ready meals,A,,,0.1,0.01,0.2,6.1,4.0,,1
Apricot Halves in Juice,Coles,Supermarket own brand,"Fruit, veg & legumes",A,4,59.0,0.8,0.52,0.8,0.8,4.0,1,1
Oyster sauce,,Unknown,Sauces & condiments,C,,85.0,12.5,1.22,0.0,2.5,,,1
Seasonedsides country garden,Birds Eye,Name brand,"Fruit, veg & legumes",A,4,86.0,2.9,0.8,0.3,1.7,2.6,,1
Green Curry,,Unknown,Sauces & condiments,D,3,195.0,13.1,4.96,2.2,2.2,,,1
Nut and prezel crunch mix,,Unknown,"Fruit, veg & legumes",D,4,540.0,5.7,1.2,6.7,14.0,6.3,4,1
Gourmet Chunky Chicken & Leek,Charlotte's Bakery,Name brand,Ready meals,D,4,,1.4,1.06,6.6,8.0,,6,1
Chicken fettuccine carbonara,Woolworths,Supermarket own brand,Ready meals,,,104.0,,,,6.2,1.0,,1
Gourmet Slow Cooked Steak & Mushroom,Charlotte's Bakery,Name brand,Ready meals,D,4,,1.2,1.13,4.7,9.7,,6,1
Burrata & Semi Dried Tomato,,Unknown,Ready meals,,4,,,,,,,4,1
Spaghetti,Coles,Supermarket own brand,"Pasta, rice & grains",A,1,375.0,1.5,0.05,1.0,6.7,2.4,,1
Quinoa Puffs cheeky chicken flavour,macro,Supermarket own brand,Chips & salty snacks,A,4,380.0,1.5,1.0,1.0,13.6,9.8,,1
Max Creaming Soda,Pepsi,Name brand,Soft drinks & juice,,4,,,0.07,,,,6,1
Spaghetti One For All Salt Reduced,Heinz,Name brand,"Pasta, rice & grains",B,3,,3.6,0.53,0.0,1.9,,1,1
Roasted Black Beans,Connect Foods,Name brand,"Fruit, veg & legumes",C,3,,4.9,1.19,3.0,45.9,16.6,,1
Lime,Golden Circle,Name brand,Soft drinks & juice,E,4,,7.6,0.02,0.0,0.0,,5,1
M&M’s Minis,M&Ms,Name brand,Confectionery,,4,,,,,,,7,1
Traditional Soda - Sasparilla,Bickford's,Name brand,Soft drinks & juice,,,,10.0,0.02,,0.0,,,1
Pepsi Max Raspberry,Pepsi,Name brand,Soft drinks & juice,B,4,,0.0,0.03,0.0,0.1,0.0,6,1
Angus Beef Sausages with creamy potato & peas & a rich onion,Creative Food Solutions,Name brand,Meat & seafood,D,4,,2.1,1.96,7.6,6.1,,5,1
salted mix nuts,,Unknown,"Fruit, veg & legumes",,3,,,,,,,,1
Nachos salsa,Old El Paso,Name brand,Sauces & condiments,C,,60.0,6.6,0.99,1.0,2.6,1.8,1,1
Protein yoguhurt & nut,Carman's,Name brand,Muesli & protein bars,D,4,485.0,18.8,0.6,9.8,25.8,3.2,2,1
Crumbed fish fillets,Woolworths,Supermarket own brand,Meat & seafood,A,,215.0,1.2,0.79,0.1,9.3,1.7,,1
Chewy Lamington Flavour Granola Bars,Uncle Tobys,Name brand,Muesli & protein bars,B,4,,13.8,0.05,3.2,7.1,12.1,4,1
Deep Spring Orange & Passionfruit,Deep Spring,Name brand,Soft drinks & juice,C,4,,2.2,0.01,0.0,0.0,,4,1
A Taste of Mexico Taco seasoning,Woolworths Select,Supermarket own brand,Sauces & condiments,D,4,,16.5,13.21,1.0,11.1,,2,1
Harvest,Harvest Vegetables &Sausages,Name brand,Meat & seafood,A,4,0.0,0.5,0.15,0.2,0.6,0.1,5,1
Maltesers,Mars,Name brand,Muesli & protein bars,E,4,,55.3,0.28,14.0,6.3,,4,1
San Remo Rigatoni,San Remo,Name brand,"Pasta, rice & grains",A,1,,0.6,0.08,0.5,12.0,,,1
Large Spiral,San Remo,Name brand,"Pasta, rice & grains",,,15.0,3.1,,0.6,1.0,,,1
Beansprouts,Always Fresh,Name brand,"Fruit, veg & legumes",A,3,18.0,0.1,0.52,0.1,0.3,,1,1
Sliced Pineapple,,Unknown,"Fruit, veg & legumes",A,,80.0,18.2,0.1,0.0,0.3,,,1
Double Phoenix Vermicelli Green Bean,vermicelli,Name brand,"Pasta, rice & grains",C,3,349.0,0.1,0.03,0.1,0.4,0.1,,1
Kaffir lime leaves,Valcom,Name brand,Sauces & condiments,,3,66.0,0.1,0.8,0.2,2.0,,1,1
sarsaparilla,bundaberg,Name brand,Soft drinks & juice,E,4,,12.4,0.03,0.0,0.0,,4,1
Calais Pavlova Nests,Calais,Name brand,Ice cream & desserts,,4,,,,,,,2,1
Fresh Broccolini Baby Broccoli,Perfection Fresh,Name brand,"Fruit, veg & legumes",,,,,,,,,,1
Sustainable Harvest Tempura Battered Natural Fish Fillets,Pacific West,Name brand,Meat & seafood,,4,,,,,,,4,1
Lindor Assorted,Lindt,Name brand,Confectionery,,4,,,,,,,1,1
Stir through,Leggo's,Name brand,Sauces & condiments,C,4,89.0,4.9,1.39,0.7,2.1,1.8,1,1
Vegemite 455g,Vegemite,Name brand,Spreads,C,4,,2.2,8.76,1.0,25.4,7.8,1,1
Snickers,Snickers,Name brand,Muesli & protein bars,E,,,48.5,0.68,9.3,8.7,,,1
Pheasant Farm Pate,Maggie Beer,Name brand,Meat & seafood,D,4,215.0,3.3,0.66,10.0,9.3,,6,1
KitKat Gold,Nestlé,Name brand,Muesli & protein bars,E,4,535.0,48.3,0.21,16.3,6.9,,3,1
Hazelnut & Chocolate,Pana,Name brand,Spreads,,4,555.0,49.3,,3.2,7.2,,1,1
Fiery Chilli Garlic & Paprika Pasta Sauce,Dolmio,Name brand,Sauces & condiments,A,4,,4.5,0.75,0.2,2.4,,,1
Lemonade Zero Sugar,Woolworths,Supermarket own brand,Soft drinks & juice,,4,,,,,,,5,1
Sweet mustard pickle,Beerenberg,Name brand,Sauces & condiments,D,4,126.0,24.1,1.35,1.0,1.3,,1,1
Organic Jackfruit Red Curry,Plant Life Food Co.,Name brand,Sauces & condiments,C,1,,2.2,0.67,8.0,2.0,7.1,,1
Devine Banana Cake,Green's,Name brand,Biscuits & cakes,,4,,37.0,0.97,4.2,4.5,,6,1
Plant-Based Roast Chicken,PlantAsia,Name brand,Ready meals,A,3,,2.0,1.02,0.1,24.0,6.0,,1
Sauce au gout fumé tacos,One Night In Mexico,Name brand,Sauces & condiments,,,,,,,,,,1
fruitylicious tomato juice,nippy's,Name brand,Soft drinks & juice,,3,,,,,,,1,1
Dark choc dipped cherry & coconut,Carmans,Name brand,Muesli & protein bars,,4,437.0,30.9,,10.0,6.0,2.8,1,1
Freddie with 100s & 1000s,Dairy Milk,Name brand,Muesli & protein bars,,,507.0,57.6,,,6.8,,,1
Maleny Dairies,Maleny Dairies,Name brand,Milk & alternatives,B,,71.0,4.6,0.12,2.9,3.5,,,1
Hot and Spicy Thai noodle soup,Trident,Name brand,Ready meals,,,346.0,2.6,8.88,3.0,6.8,,,1
Active manuke hiney MGO 300+,,Unknown,Spreads,,2,319.0,77.5,,0.0,0.0,,,1
Wild nectar  100% cold extracted australian honey,,Unknown,Spreads,,2,325.0,69.3,,0.0,0.3,,,1
Tomato Paste Triple Concentrate,Leggo's,Name brand,"Fruit, veg & legumes",,3,,9.7,1.69,,3.6,3.7,,1
prebiotic honey almond museli,freedom foods,Name brand,Breakfast cereals,B,,189.0,10.3,0.26,1.2,7.6,2.1,,1
Smooth Peanut Butter,Coles,Supermarket own brand,Spreads,D,,625.0,7.5,0.93,9.4,27.9,6.4,,1
Cheese corn chips,Coles,Supermarket own brand,Chips & salty snacks,C,4,540.0,2.0,0.72,2.0,6.6,,1,1
Orange Juice Pulpy,Berri,Name brand,Soft drinks & juice,C,1,,,,,,,1,1
Chia Seeds,The CHIA co,Name brand,"Pasta, rice & grains",A,,447.0,4.7,0.0,4.0,20.7,37.3,,1
Coles Tuna Spicy Chilli,Coles,Supermarket own brand,Meat & seafood,C,4,,0.0,1.2,3.5,15.3,,1,1
Green&Black Milk Chocolate,Green and Black’s,Name brand,Confectionery,E,4,568.0,45.6,0.23,21.6,10.0,,1,1
Australian Pork - 8 Aussie Pork Sausages,Woolworths,Supermarket own brand,Meat & seafood,,4,,,,,,,3,1
Basmati Rice,,Unknown,"Pasta, rice & grains",,,108.0,1.0,,1.0,4.5,,,1
Smooth Ricotta,Pantalica,Name brand,Cheese,C,,194.0,2.3,0.33,8.5,10.0,,,1
Red Kidney Beans,Chef's Choice,Name brand,"Fruit, veg & legumes",A,3,,0.0,0.98,0.0,4.4,5.8,,1
Sliced Green Beans,Woolworths Select,Supermarket own brand,"Fruit, veg & legumes",A,3,28.0,1.2,0.01,0.1,1.5,2.8,,1
Super Spread,Mayver’s,Name brand,Spreads,C,,,3.7,0.01,8.7,21.0,8.3,,1
Barbecue Sauce,Masterfoods,Name brand,Sauces & condiments,,,144.0,6.9,,0.1,0.1,,,1
Peanut oil,Coles,Supermarket own brand,"Fruit, veg & legumes",,2,242.0,2.0,,4.8,2.0,36.0,,1
Natural pine nuts,Woolworths MACRO,Supermarket own brand,"Fruit, veg & legumes",,,699.0,3.3,,4.3,13.0,5.0,,1
Cinnamon Donuts,Woolworths,Supermarket own brand,Biscuits & cakes,,4,354.0,21.6,,,4.2,,7,1
English Muffins,Mighty Soft,Name brand,Bread,,4,203.0,,,,7.3,,9,1
,Masterfoods,Name brand,Breakfast cereals,C,,3.0,3.0,3.0,3.0,3.0,3.0,,1
Salted Butter,Coles,Supermarket own brand,Spreads,E,2,720.0,1.0,1.35,56.3,1.0,0.0,,1
Regular Spread,Coles,Supermarket own brand,Spreads,,2,490.0,1.0,,14.0,1.0,,,1
Soft butter,Devondale,Name brand,Spreads,E,4,540.0,20.0,0.95,26.0,20.0,,4,1
Gourmet burger buns,Tip top,Name brand,Bread,,,315.0,7.3,,0.9,9.4,2.5,,1
Mixed Berries,Coles,Supermarket own brand,"Fruit, veg & legumes",,1,48.0,8.0,0.01,,1.0,,,1
Smooth Dark Chocolate Mint,Green,Name brand,Confectionery,,,613.0,27.2,,29.4,5.6,0.0,,1
Pods Twix imp,Twix,Name brand,Muesli & protein bars,E,,480.0,53.2,0.1,11.8,5.1,,,1
Blueberry Twist Yogurt,Gippsland Dairy,Name brand,Yoghurt,C,4,150.0,17.8,0.14,3.8,5.2,,2,1
Banana blossom,Coles,Supermarket own brand,"Fruit, veg & legumes",B,3,60.0,1.0,0.58,1.0,1.5,2.3,,1
Pure Butter Shortbread,Butterfingers,Name brand,Biscuits & cakes,E,3,518.0,17.9,0.59,19.3,6.5,,,1
Skittles Sours,Skittles,Name brand,Confectionery,E,4,395.0,70.4,0.05,2.4,0.0,,11,1
Honest to Goodness Organic Raw Honey,honest to goodness,Name brand,Spreads,D,,335.0,82.0,0.04,0.0,0.0,0.0,,1
Tuna chunks in spring water,Greenseas,Name brand,Meat & seafood,A,3,118.0,,0.6,0.5,26.2,,,1
Mozzarella Shredded,Coles,Supermarket own brand,Cheese,D,4,321.0,0.0,1.2,16.8,25.6,0.0,2,1
Smokey Texas BBQ Sauce,Street Kitchen,Name brand,Sauces & condiments,E,4,191.0,30.3,4.5,0.2,2.1,,6,1
Atlantic salmon,Petunia,Name brand,Meat & seafood,A,,192.0,0.5,0.15,3.0,21.0,0.5,,1
Vita-weat 100% natural crackers sesame and poppy seed,Arnott's,Name brand,Chips & salty snacks,C,,425.0,3.1,1.08,1.6,10.4,9.0,,1
Crunchy natural almonds,Woolworths,Supermarket own brand,"Fruit, veg & legumes",A,,570.0,5.3,0.04,3.7,19.7,11.0,,1
Chocolate Brownie Ice Cream,Connoisseur,Name brand,Ice cream & desserts,D,4,244.0,25.3,0.15,8.6,4.1,,1,1
Premium Floral Honey - Manuka,Capilano,Name brand,Spreads,E,2,338.0,82.7,0.04,,0.0,,,1
Sea salt and vinegar,The Natural Chip Co,Name brand,Chips & salty snacks,D,4,,1.7,1.12,2.0,6.5,3.7,,1
Natural almonds,Woolworths,Supermarket own brand,"Fruit, veg & legumes",A,1,600.0,4.7,0.04,3.7,19.7,8.7,,1
Almonds,Macro Wholefoods,Supermarket own brand,"Fruit, veg & legumes",A,1,600.0,4.7,0.04,7.0,19.3,8.7,,1
Ritz Sour Cream and Onion imp,Ritz,Name brand,Chips & salty snacks,D,,509.0,5.6,1.79,4.0,8.0,,,1
Old El Paso 10 Regular Tortillas,Old El Paso,Name brand,Bread,D,,299.0,21.0,0.98,1.2,9.1,1.6,,1
Green jackfruit,Spc,Name brand,"Fruit, veg & legumes",A,1,53.0,0.5,0.0,0.1,1.0,4.8,,1
CRANKT CHOC PROTEIN 375ML,DNA,Name brand,Milk & alternatives,B,4,40.0,2.8,0.2,0.9,5.3,1.0,3,1
Crunchy Nut Corn Flakes,Kellogg's,Name brand,Breakfast cereals,D,3,,31.3,0.99,0.7,7.3,3.1,,1
Pine Nuts,Sunbeam,Name brand,"Fruit, veg & legumes",A,1,,,,,,,,1
Snap frozen carrot broccoli & cauliflower,Birds Eye,Name brand,"Fruit, veg & legumes",A,1,29.0,2.5,0.06,0.1,2.0,2.7,,1
Corned beef lite,Hamper,Name brand,Meat & seafood,D,,204.0,0.6,1.6,6.3,20.4,,1,1
Butter Milk,Dairy Farmers,Name brand,Milk & alternatives,C,2,48.0,3.8,0.12,1.2,3.6,,,1
Unsalted butter,Macro,Supermarket own brand,Spreads,E,2,727.0,1.0,0.02,53.8,1.0,,,1
Tzatziki Classic Creamy Yoghurt,Obela,Name brand,Sauces & condiments,D,,169.0,4.7,1.22,2.9,5.1,,,1
Woolworths caramelised onion angus beef sausages,Woolworths,Supermarket own brand,Meat & seafood,D,,270.0,3.3,1.09,7.2,18.3,,,1
Mexican Three Bean Mix,Woolworths,Supermarket own brand,"Fruit, veg & legumes",A,,96.0,0.5,0.02,0.1,5.4,5.7,,1
"Bolognese with Red Wine, Chunky Tomato & Herbs",Leggo's,Name brand,Sauces & condiments,A,4,47.0,5.4,0.89,0.1,1.6,1.5,1,1
Coco Pops Chex,Kellogg's,Name brand,Breakfast cereals,D,,382.0,33.3,1.25,0.7,6.0,3.7,1,1
Thick & Creamy,Dairy Farmers,Name brand,Yoghurt,C,4,125.0,13.3,0.1,4.1,3.5,0.0,1,1
Beerenberg Australian Blackberry Jam,Beerenberg,Name brand,Spreads,D,,,65.0,0.01,1.0,1.0,,,1
Microwaveable Basmati Rice,Woolworths,Supermarket own brand,"Pasta, rice & grains",B,4,147.0,0.1,0.17,0.6,3.4,1.1,2,1
Australian Cheddar,Coles,Supermarket own brand,Cheese,C,3,412.0,1.0,0.18,24.8,25.2,1.0,,1
Doritos Mexicana,Doritos,Name brand,Chips & salty snacks,D,4,515.0,2.6,1.59,3.0,8.2,5.6,8,1
Dare Double Espresso - No Sugar Added,Dare,Name brand,Milk & alternatives,D,4,65.0,4.9,0.1,2.4,3.4,0.0,3,1
Penne no.18,San Remo,Name brand,"Pasta, rice & grains",A,,366.0,2.5,0.07,0.3,12.5,3.0,,1
Chipotle Chicken,My Muscle Chef,Name brand,Ready meals,A,4,157.0,1.7,0.89,0.7,14.5,2.3,1,1
Classic vanilla yoghurt,Dairy Farmers,Name brand,Yoghurt,C,4,118.0,11.5,0.1,4.1,3.5,,1,1
Australian Rolled Oats,Woolworths,Supermarket own brand,Breakfast cereals,A,,380.0,1.0,0.02,1.3,13.0,10.7,,1
Extra Tasty cheese & crackers,Woolworths,Supermarket own brand,Cheese,D,,323.0,1.7,1.56,17.3,19.0,,,1
Rolled oats Quick Sachet,Uncle Toby's,Name brand,Breakfast cereals,A,,380.0,0.9,0.01,1.8,12.9,9.1,,1
Crispy M&M’s,M&m's,Name brand,Confectionery,E,,464.0,60.9,0.34,9.5,5.1,,,1
Cookies & Cream Crunch,Chobani,Name brand,Yoghurt,C,4,131.0,13.2,0.14,2.3,7.7,,2,1
A/Fresh Cucumbers baby 350g,Always Fresh,Name brand,Sauces & condiments,C,4,,7.9,1.04,0.1,1.9,,2,1
Orange Juice,Daily Juice Company,Name brand,Soft drinks & juice,C,4,40.0,8.2,0.0,0.0,0.6,0.2,2,1
Diced tomatoes with paste,Ardmona,Name brand,"Fruit, veg & legumes",A,1,32.0,3.2,0.03,0.1,1.4,1.6,,1
Veggie rice,Birds Eye,Name brand,"Fruit, veg & legumes",A,,31.0,3.0,0.1,0.1,1.7,2.9,,1
F/CLARK CUSTARD VANILLA 1LT,Foster Clark's,Name brand,Ice cream & desserts,C,4,99.0,10.9,0.08,2.1,3.2,,4,1
Strawberry Milk,Oak,Name brand,Milk & alternatives,E,,88.0,10.5,0.09,2.4,3.3,,,1
Middle bacon,Coles,Supermarket own brand,Meat & seafood,E,,192.0,1.0,2.58,8.8,16.0,,,1
Bega Farmers' Tasty,Bega,Name brand,Cheese,D,3,,1.0,1.65,25.8,24.8,,,1
Maltesers Dark,Maltesers,Name brand,Muesli & protein bars,E,4,480.0,49.2,0.16,14.8,5.6,,5,1
CAD caramello big block 345g,Cadbury,Name brand,Confectionery,E,4,501.0,53.6,0.32,16.0,6.0,,3,1
Harvest snaps baked pea crisps original salted,Calbee,Name brand,Chips & salty snacks,C,4,456.0,4.4,0.89,4.4,18.3,14.4,5,1
Sourdough,Helga's,Name brand,Bread,C,4,252.0,2.6,0.94,1.4,9.2,,3,1
Spaghetti tomato & cheese,SPC,Name brand,Ready meals,C,4,73.0,4.4,0.99,0.2,1.8,0.5,3,1
Lemon pepper chicken with pea mash,My muscle  chef,Name brand,Meat & seafood,B,,147.0,2.4,0.82,2.9,16.1,2.1,,1
Salted Butter,Devondale,Name brand,Spreads,E,2,722.0,1.0,1.74,55.1,1.0,,,1
Provincial Italian tomatoes with grilled bell peppers pasta ,Providore,Name brand,Sauces & condiments,B,3,69.0,6.9,1.32,0.4,1.0,3.6,,1
Marshmallows,Pascall,Name brand,Confectionery,E,3,344.0,68.0,0.15,4.0,4.0,0.0,,1
Deli Sweet Potato Chips Seasoned with Paprika,Birds Eye,Name brand,Chips & salty snacks,C,4,157.0,9.7,0.57,0.6,1.1,3.3,7,1
The original choc ripple,Arnott's,Name brand,Biscuits & cakes,E,4,451.0,37.1,0.94,8.4,4.5,3.9,2,1
Cheese and Onion Potato Chips,Smith's,Name brand,Chips & salty snacks,D,,542.0,3.1,1.03,2.4,7.1,,,1
Magnum Ego Double Caramel,Magnum,Name brand,Ice cream & desserts,E,4,,28.1,0.09,15.6,3.4,,12,1
Heinz Peri Peri Mayonnaise,Heinz,Name brand,Sauces & condiments,E,4,607.0,3.2,1.45,5.6,1.2,,5,1
10 mini tortillas,Old El Paso,Name brand,Bread,C,,315.0,1.2,0.87,0.8,7.2,2.0,,1
Mexican Beef Burrito Bowl,My Muscle Chef,Name brand,Meat & seafood,A,4,66.0,1.4,0.38,0.6,5.7,0.9,3,1
BUTTER CHICKEN SIMMER SAUCE,Passage to India,Name brand,Sauces & condiments,C,,121.0,10.9,0.77,1.7,3.1,2.0,,1
Chicken skewers,Plant Asia,Name brand,Meat & seafood,D,,168.0,3.3,1.39,6.2,12.9,,,1
Soft eating licorice,Licorice lovers,Name brand,Confectionery,D,4,339.0,41.3,0.05,1.0,4.3,,1,1
Party Mix,The Natural Confectionery Co.,Name brand,Confectionery,D,,346.0,46.9,0.03,1.0,3.6,,,1
Espresso Gelato Bar,Messina,Name brand,Muesli & protein bars,E,4,369.0,31.1,0.34,13.6,5.5,,6,1
Magnum mini Almond,Magnum,Name brand,Ice cream & desserts,E,4,348.0,25.6,0.14,14.0,5.1,,9,1
Salted caramel frozen dessert plant based,Pana Organic,Name brand,Milk & alternatives,E,4,260.0,18.6,0.25,14.2,1.0,,3,1
Full cream milk,Farmers Own,Name brand,Milk & alternatives,C,,67.0,4.8,0.09,2.5,3.5,,,1
Free from Gluten,Woolworths,Supermarket own brand,Breakfast cereals,C,4,377.0,4.0,0.61,0.2,7.4,5.0,1,1
Salted caramel nut bar,Sam’s pantry,Name brand,Muesli & protein bars,D,,535.0,12.4,0.46,7.4,17.1,1.8,,1
Yopro Mango Yoghurt,Danone,Name brand,Yoghurt,A,4,58.0,3.8,0.1,0.2,9.5,,3,1
Natural pot set yoghurt,Village,Name brand,Yoghurt,C,,81.0,4.8,0.1,3.3,4.5,,,1
Masterfood American Mustard,MasterFoods,Name brand,Sauces & condiments,E,3,120.0,9.0,3.35,1.0,4.0,,1,1
Thick & Creamy Queensland Mango & Australian Fingerlime,Dairy Farmers,Name brand,Yoghurt,C,4,155.0,16.8,0.12,5.0,4.4,0.0,1,1
Sanremo seasoning carbonara 80g,San Remo,Name brand,Ready meals,E,4,367.0,7.2,2.49,2.0,12.9,,9,1
Chicken seasoned coating mix,,Unknown,Sauces & condiments,E,,309.0,13.3,11.83,1.3,1.3,,,1
Summer Roll single bar 40g,Europe,Name brand,Muesli & protein bars,E,4,470.0,42.5,0.24,11.8,5.0,,4,1
Twix Twin bar 50g,Twix,Name brand,Muesli & protein bars,E,4,502.0,49.0,0.4,13.6,4.4,,3,1
CAD Dream White Chocolate 180g,Cadbury,Name brand,Confectionery,E,4,548.0,61.8,1.0,19.8,3.9,,1,1
CAD Dairy Milk Roast almond,Cadbury,Name brand,Confectionery,E,4,550.0,46.4,0.17,15.6,10.0,,1,1
CAD Dairy Milk | Bubbly Mint,Cadbury,Name brand,Confectionery,E,4,543.0,58.4,0.23,19.6,6.0,,3,1
Maltesers big bag 280g,Maltesers,Name brand,Confectionery,E,4,529.0,55.6,0.27,14.0,6.4,,3,1
Frogs,The Natural Confectionary Company,Name brand,Confectionery,D,4,335.0,31.5,0.08,1.0,3.6,4.9,4,1
Bhuja Crunchy Peas,Bhuja,Name brand,Chips & salty snacks,D,,,0.7,2.52,1.6,18.3,14.2,,1
Arnotts Chocolate Caramel Crowns,Arnott's,Name brand,Biscuits & cakes,E,4,441.0,44.1,0.33,11.8,5.9,2.9,1,1
snap frozen Garden Mix,Birds Eye,Name brand,"Fruit, veg & legumes",A,1,,2.5,0.05,0.1,1.8,2.6,,1
Paddle Pop Chocolate,Streets,Name brand,Ice cream & desserts,C,,130.0,16.7,0.2,2.9,2.1,,,1
Pasta Spirals,Woolworths,Supermarket own brand,"Pasta, rice & grains",A,,360.0,3.0,0.01,0.4,13.0,3.8,,1
Coconut Cream,Coles,Supermarket own brand,Milk & alternatives,E,4,180.0,1.0,0.08,15.5,1.0,1.0,3,1
Original Cheddar,Mersey Valley,Name brand,Cheese,D,3,416.0,0.5,0.72,5.3,6.2,0.0,2,1
Sanit Weet-bix Go Hny &oat250gm,Sanitarium,Name brand,Breakfast cereals,D,4,407.0,17.1,0.2,1.2,6.6,,2,1
HILO Milk,Coles,Supermarket own brand,Milk & alternatives,B,,44.0,4.6,0.11,1.0,3.5,0.0,,1
Bagels,Woolworths,Supermarket own brand,Bread,C,,304.0,6.2,1.45,1.0,8.0,3.7,,1
Garlic Bread,Coles,Supermarket own brand,Chips & salty snacks,D,4,319.0,3.1,1.3,5.3,10.2,2.2,6,1
Mini marshmallows,,Unknown,Confectionery,D,4,312.0,64.0,0.11,0.0,3.0,,3,1
Cheddar Cheese Rice Snacks,Sakata,Name brand,Chips & salty snacks,C,4,425.0,3.0,0.56,1.7,7.6,0.9,1,1
Yellowfin Tuna in Springwater,Woolworths,Supermarket own brand,Meat & seafood,A,3,104.0,0.1,0.32,0.3,24.9,,,1
Cracker Puffs Sour Cream & Chive Flavoured,Arnott's,Name brand,Chips & salty snacks,C,,457.0,3.0,1.55,1.5,25.5,5.5,,1
Quick cook quinoa,Red Tractor,Name brand,"Pasta, rice & grains",B,1,392.0,1.0,0.04,1.0,14.0,2.0,,1
Grain waves,Sunbites,Name brand,Chips & salty snacks,C,,482.0,6.4,0.94,2.3,7.3,6.4,,1
Snack time black beans & charred corns with lime & herbs,Edgell,Name brand,"Fruit, veg & legumes",B,4,141.0,2.9,0.86,1.2,5.7,4.9,,1
Lowan Whole Grain Rolled Oats 1KG,Lowan,Name brand,"Pasta, rice & grains",A,,390.0,1.3,0.01,2.2,12.4,11.0,,1
Tzatziki,Fresh Fodder,Name brand,Sauces & condiments,D,,81.0,2.0,1.41,3.4,5.0,,,1
Tortillas,Woolworths,Supermarket own brand,Bread,D,4,312.0,4.1,1.83,4.1,7.8,2.2,6,1
Chips,Smiths,Name brand,Chips & salty snacks,D,,536.0,1.9,1.25,2.2,6.7,,,1
Double Espresso Iced Coffee No Sugar,Dare,Name brand,Milk & alternatives,C,,65.0,4.9,0.1,2.4,3.4,,,1
Tostitos,Tostitos,Name brand,Chips & salty snacks,E,4,,3.3,4.08,3.0,8.2,,5,1
Butter,,Unknown,Spreads,E,2,726.0,20.0,1.05,38.0,2.0,,,1
Coconut M*lk,Pico,Name brand,Confectionery,E,4,595.0,38.0,0.03,29.0,5.1,7.3,,1
Chickpeas with zesty vinaigrette,Edgell,Name brand,"Fruit, veg & legumes",B,3,157.0,2.0,0.68,0.7,7.1,4.2,,1
Colea soy sauce,Coles,Supermarket own brand,Sauces & condiments,E,,66.0,1.7,10.69,0.6,7.2,,,1
Marshmallows,Coles,Supermarket own brand,Confectionery,E,4,,68.2,0.1,1.0,2.4,1.0,3,1
just right fruit & fibre,Coles,Supermarket own brand,Breakfast cereals,C,4,373.0,25.5,0.47,1.0,9.3,7.4,5,1
Yoghurt Variety,Coles,Supermarket own brand,Yoghurt,A,4,0.0,9.8,0.1,2.1,10.0,1.0,4,1
Orange Flavour Soft Drink,Coles,Supermarket own brand,Soft drinks & juice,E,4,110.0,27.0,0.0,0.0,0.0,0.0,5,1
Wholemeal & grain soft wraps,Coles,Supermarket own brand,Bread,C,,300.0,4.4,0.5,4.1,8.4,,,1
Fried firm tofu,Fortune,Name brand,"Fruit, veg & legumes",A,3,,1.0,0.4,2.6,14.1,,,1
Tuna in Springwater,Woolworths,Supermarket own brand,Meat & seafood,A,,118.0,0.2,0.63,0.3,26.9,,,1
Lime & Black Pepper,Red Rock Deli,Name brand,Chips & salty snacks,D,,494.0,3.2,0.95,1.8,7.5,,,1
Apple & Mango Juice,Mountain Fresh,Name brand,Soft drinks & juice,E,1,,9.9,0.01,0.0,0.1,1.0,1,1
Coles Organic Pasta Sauce,Coles,Supermarket own brand,Sauces & condiments,C,,74.0,5.7,0.8,0.6,1.6,1.8,,1
Roasted NutBar Dark Choc Espresso,Carman's,Name brand,Muesli & protein bars,D,4,511.0,18.0,0.02,7.2,14.9,7.2,1,1
Maltesers 465g Bucket,Maltesers,Name brand,Confectionery,E,4,502.0,55.6,0.27,14.0,6.4,,5,1
FiT Strawberry Greek Yoghurt,Chobani,Name brand,Yoghurt,A,4,58.0,3.2,0.09,0.1,9.6,0.1,4,1
The Natural Confectionery Company Snakes,,Unknown,Confectionery,D,4,347.0,47.0,0.32,1.0,0.0,,4,1
Peanut oil,Woolworths,Supermarket own brand,"Fruit, veg & legumes",C,2,,,,,,,,1
Chicken breast,Primo,Name brand,Meat & seafood,D,4,,1.3,2.05,1.3,16.0,,4,1
Coles ricotta & spinach agnolotti,Coles,Supermarket own brand,Ready meals,D,,259.0,4.1,1.27,3.9,11.1,,,1
Essentials crumbled chicken buggers 500g,Woolworths Essentials,Supermarket own brand,Meat & seafood,C,4,251.0,2.5,0.93,3.0,11.6,,4,1
Pepsi Max,Pepsi,Name brand,Soft drinks & juice,,,0.0,0.0,,0.0,0.1,,,1
Dry ginger ale,Schweppes,Name brand,Soft drinks & juice,,,2.0,0.0,,0.0,0.0,,,1
Texan Style Rub,Masterfoods,Name brand,Sauces & condiments,,4,,22.1,27.64,0.8,6.6,,,1
Violet Crumble chunks,Robern Menz,Name brand,Muesli & protein bars,E,,442.0,60.0,0.73,16.4,2.8,,,1
Spaghetti Bolognese,Coco & Lucas,Name brand,"Pasta, rice & grains",,3,,1.4,0.3,,,,,1
Pistachio lemon dukkah hommus,Obela,Name brand,Sauces & condiments,,4,322.0,,,2.8,8.6,,2,1
Trail Mix,Woolworths,Supermarket own brand,"Fruit, veg & legumes",,,430.0,41.1,,2.4,8.9,6.3,,1
Spearmint Chewing Gum,Extra,Name brand,Confectionery,,,,0.0,0.01,0.0,0.0,0.1,,1
onion salt,Masterfoods,Name brand,Sauces & condiments,C,3,,,,,,,,1
Fruit bread,Woolworths,Supermarket own brand,Bread,,4,234.0,14.0,,1.0,5.3,9.7,2,1
HI-FIBRE SMOOTH WHOLEMEAL SANDWICH,Woolworths,Supermarket own brand,Bread,A,4,236.0,2.5,1.44,1.0,10.3,6.5,1,1
Flatbread wholemeal,Coles,Supermarket own brand,Bread,A,3,313.0,2.7,0.9,0.9,9.0,4.9,3,1
Mini naans,Simson’s Pantry,Name brand,Bread,C,,276.0,6.0,0.94,0.7,8.2,,,1
Fresh Roti,Supreme,Name brand,Bread,B,3,255.0,2.5,1.2,1.2,7.0,3.8,1,1
Tip Top Raisin Toast,Tip Top,Name brand,Bread,,4,,,,,,,2,1
Wattle Valley Foodstore,Wattle Valley Foodstore,Name brand,Bread,B,4,280.0,1.6,1.3,2.3,8.4,6.7,14,1
Cornflakes Crumbs,Kellogg's,Name brand,Bread,C,4,390.0,9.0,1.21,0.3,8.0,3.7,1,1
Super Natural Sourdough Bread,Alpine Breads,Name brand,Bread,A,4,,5.0,0.09,0.9,16.1,9.9,1,1
Traditional Bread Stone Mill Wholemeal,Lawson's,Name brand,Bread,,4,,,,,,,2,1
Ciabata loaf,Ilgranino bakery,Name brand,Bread,,3,930.0,0.1,1.46,0.4,,,,1
Organic All Natural Full Fat Yogurt,Barambah Organics,Name brand,Yoghurt,B,,84.0,3.6,0.14,2.6,5.0,,,1
Perform Build - Beef Ragu Bolognese,Coles,Supermarket own brand,Meat & seafood,A,4,113.0,1.6,0.4,0.8,11.1,2.0,5,1
Deluxe Chocolate & salted caramel smeifreddo,Sara Lee,Name brand,Ice cream & desserts,E,4,280.0,26.3,0.31,12.6,2.2,,8,1
CC's Tasty Cheese,CC's,Name brand,Chips & salty snacks,E,4,,3.3,2.22,11.0,7.6,4.4,5,1
Vege crisps,Ajitas,Name brand,Chips & salty snacks,D,3,512.0,12.6,0.62,13.6,2.4,8.3,,1
Original Chocolate Cranberries,Drakes,Name brand,Confectionery,E,,,63.7,0.07,24.4,3.6,,,1
Crunchy Chickpeas Dark Choc,,Unknown,"Fruit, veg & legumes",B,,99.0,3.0,0.14,3.0,2.3,,,1
Salad fresh greek salad,Woolworths,Supermarket own brand,Ready meals,C,4,114.0,2.9,1.08,3.1,3.4,1.6,5,1
Nutella B-ready,Ferrero,Name brand,Confectionery,E,,514.0,47.3,0.55,9.5,7.3,,,1
Caramello,Cadbury,Name brand,Muesli & protein bars,E,,495.0,53.1,0.33,15.6,5.8,,,1
Wrigleys juicy fruit,Wrigley's,Name brand,Confectionery,,,314.0,71.4,0.45,0.0,0.0,,,1
Coconut Rough,Cadbury,Name brand,Confectionery,E,,558.0,48.8,0.19,25.2,7.6,0.1,,1
Big Eat - Ravioli Bolognese,Heinz,Name brand,Meat & seafood,B,4,87.0,2.4,0.75,0.8,3.7,1.1,4,1
Turkish delight,Cadbury,Name brand,Confectionery,,4,,50.8,0.1,4.5,,,7,1
Smarties,Nestle,Name brand,Confectionery,,,478.0,67.7,,10.8,4.6,,,1
EXTRA strawberry flavour,Wrigley's,Name brand,Confectionery,,,,0.0,0.01,0.0,0.0,0.0,,1
Breakfast bakes - Honey & Almond,Uncle Tobys,Name brand,"Pasta, rice & grains",D,,403.0,11.6,0.82,1.7,8.9,,,1
Sweet Chilli Sauce,Trident,Name brand,Sauces & condiments,E,4,292.0,65.3,3.45,0.4,0.6,,1,1
Essentials Spaghetti,Woolworths,Supermarket own brand,"Pasta, rice & grains",A,1,364.0,1.1,0.02,0.3,12.7,3.2,,1
I&J Tasty Calamari,I&J,Name brand,Meat & seafood,,4,,,,,,,9,1
Bi-Carb Soda,McKenzie's,Name brand,Soft drinks & juice,,3,,,68.45,,,,1,1
Tzatziki,Black Swan,Name brand,Sauces & condiments,C,4,,7.8,0.56,3.9,5.3,,4,1
Beef stroganoff,Coles,Supermarket own brand,Meat & seafood,A,4,140.0,0.6,0.22,3.0,8.1,0.5,2,1
BBs Orange Chocolate Balls,Darrell Lea,Name brand,Confectionery,E,4,,65.0,0.17,12.7,4.2,,6,1
Sustainable Open Range Kangaroo Diced,Gourmet Game,Name brand,Meat & seafood,A,1,,0.1,0.14,0.3,21.0,,,1
Dip-VintageCheddarCaramelisedOnion,Chris',Name brand,Sauces & condiments,D,4,,4.3,0.35,15.5,7.8,0.5,13,1
Strawberries,Strawberries R Us,Name brand,"Fruit, veg & legumes",,1,,,,,,,,1
Lemonade original,kirks,Name brand,Soft drinks & juice,E,4,33.0,7.9,21.0,0.0,0.0,0.0,2,1
Heinz Beanz Creationz Spanish Style Beaz Chorizo,Heinz,Name brand,Ready meals,,4,,,,,,,4,1
rice noodles,Changs,Name brand,"Pasta, rice & grains",,,363.0,0.8,,0.8,6.7,,,1
Chewy choc chip,Uncle Tobys,Name brand,Muesli & protein bars,C,4,390.0,17.2,0.04,4.2,6.9,6.2,6,1
Lentil Chips Rock Salt,,Unknown,Chips & salty snacks,D,4,473.0,0.8,2.04,2.0,10.8,,1,1
Nut mix,Majans Bhuja Snacks,Name brand,"Fruit, veg & legumes",A,4,,3.9,1.06,4.3,19.8,8.4,,1
Oak The Max Molten Caramel,Oak,Name brand,Soft drinks & juice,E,4,,10.1,0.13,2.3,4.2,,3,1
Macadamia Hazelnut with Peanuts and Seeds Bar,Go Natural,Name brand,Muesli & protein bars,C,4,,21.7,0.04,5.7,13.4,7.0,,1
Classic Fruit and Nut Muesli Bar,Carman's,Name brand,Muesli & protein bars,A,4,183.0,7.8,0.02,1.1,4.1,3.1,,1
Freedom Foods Fruit & Seeds Muesli 500G,freedom foods,Name brand,"Pasta, rice & grains",E,4,432.0,32.0,0.5,7.3,8.9,,3,1
chunky salsa,old el paso,Name brand,Sauces & condiments,,3,,,,,,,1,1
Cucumbers - Sweet ans Sour,Always Fresh,Name brand,Sauces & condiments,B,4,65.0,11.9,0.39,0.2,1.5,,2,1
Heinz Big'N Chunky Beef Bolognese,Heinz,Name brand,Ready meals,,4,,,,,,,2,1
Milk Choc Macadamias,Patons,Name brand,Confectionery,E,4,559.0,36.4,0.49,20.4,7.2,,6,1
Tricolore Fettuccini Pasta,Golden Selections,Name brand,"Pasta, rice & grains",A,1,,0.1,0.02,0.4,6.6,3.7,,1
Humpty Dumpty,Cadbury,Name brand,Confectionery,E,4,,58.0,0.18,18.0,6.8,,8,1
Queen Imitation Vanilla Essence 200ML,Queen,Name brand,Sauces & condiments,,4,,,,,,,3,1
Lindor,Lindt,Name brand,Confectionery,E,4,,39.4,0.21,34.4,5.0,,2,1
Beef burgers,Coles,Supermarket own brand,Meat & seafood,,,210.0,1.0,,6.0,19.0,2.0,,1
Giant liquorice wheel,,Unknown,Confectionery,D,,318.0,37.5,0.14,1.4,2.8,,,1
Can Peas,Edgell,Name brand,"Fruit, veg & legumes",A,,65.0,3.5,0.52,0.1,4.5,5.1,,1
Lift,Coca-Cola,Name brand,Soft drinks & juice,,4,19.0,4.2,,0.0,1.0,,3,1
Apple and Peach Puree,Woolworths,Supermarket own brand,Ice cream & desserts,,,71.0,14.3,,0.1,0.3,1.8,,1
SPC Apple & Strawberry Puree,Spc,Name brand,Ice cream & desserts,A,,69.0,13.6,0.01,0.0,0.4,,,1
WW Muesli Bars Choc Chip,Woolworths,Supermarket own brand,Muesli & protein bars,D,4,412.0,21.2,0.1,4.2,7.1,,1,1
Macadamia Nuts,duck creek macadamia,Name brand,"Fruit, veg & legumes",E,4,,48.6,0.31,15.0,7.3,,5,1
Blueberrie superfood bars,Carman's,Name brand,Muesli & protein bars,D,4,436.0,23.0,1.2,4.6,9.6,7.4,1,1
Thick'n'rich,Heinz,Name brand,Ice cream & desserts,D,4,219.0,48.7,0.21,0.3,0.7,,4,1
Mum's sause Bolognese,Coles,Supermarket own brand,Sauces & condiments,A,3,44.0,3.9,0.86,1.0,1.5,1.9,1,1
kirks big sars,,Unknown,Soft drinks & juice,,4,,,,,,,2,1
97% Sugar Free iced funtella cakes,noshu,Name brand,Biscuits & cakes,C,4,0.0,3.0,0.62,8.0,5.3,12.5,14,1
Pasito,Kirks,Name brand,Soft drinks & juice,E,4,,10.0,0.03,0.1,0.0,,4,1
Roasted black beans,connect foods,Name brand,"Fruit, veg & legumes",A,4,421.0,9.3,0.17,2.8,43.4,17.4,,1
Condensed Vegetable & Beef,Campbell's,Name brand,Ready meals,C,4,26.0,0.9,0.82,0.1,1.1,0.8,3,1
Veal Meatballs,Chris Jarmer @ Home,Name brand,Meat & seafood,,3,,,,,,,,1
Traditional Gravy Mix,coles,Supermarket own brand,Sauces & condiments,,4,28.0,0.3,1.42,1.0,0.7,0.3,,1
Choco drops,Double D,Name brand,Confectionery,C,4,287.0,0.2,0.85,3.6,0.1,0.0,3,1
Coles Large Shells,Coles,Supermarket own brand,"Pasta, rice & grains",A,1,356.0,2.9,0.09,1.0,12.0,3.9,,1
Baby peas,Coles,Supermarket own brand,"Fruit, veg & legumes",A,3,59.0,1.2,0.43,0.1,0.7,5.9,,1
Tumeric Ground,G-Fresh,Name brand,Sauces & condiments,,1,,,,,,,,1
Beef jerky,Schmeks,Name brand,Meat & seafood,D,4,322.0,1.2,2.0,3.5,60.5,,3,1
Caramel topping,Juicy Isle,Name brand,Ice cream & desserts,C,4,296.0,28.0,0.25,0.1,0.1,,4,1
Tuna with sweetcorn and mayonnaise,Coles,Supermarket own brand,Sauces & condiments,A,4,123.0,2.6,0.85,1.1,14.3,,1,1
Thai Beef Power Bowl,My Muscle Chef,Name brand,Meat & seafood,A,4,100.0,1.9,0.18,0.3,12.2,1.6,1,1
LCMs Choc Chip 15 Bar Value Pack,Kellogg's,Name brand,Muesli & protein bars,E,,425.0,36.5,0.72,5.8,3.2,0.6,,1
Gluten Free Vegetable Gyoza,Mr Chen's,Name brand,Ready meals,A,3,175.0,1.6,0.56,1.2,3.6,,,1
Kale rocket and white bean,Fifya,Name brand,Spreads,D,3,,4.7,1.27,3.6,6.5,0.0,,1
Tortellini sun dried tomato and bacon,Heinz,Name brand,Ready meals,B,,105.0,4.8,0.48,1.0,4.1,1.4,,1
Cadbury Dairy Milk,Cadbury,Name brand,Confectionery,E,,522.0,53.6,0.26,17.6,7.1,,,1
Sticky Date & Caramel Loaf Cake,Coles,Supermarket own brand,Biscuits & cakes,,4,,26.7,0.84,,3.9,3.1,7,1
White Chocolate & Raspberry Loaf Cake,Coles,Supermarket own brand,Biscuits & cakes,,4,,25.5,0.91,,4.7,1.8,6,1
Jackfruit Massaman Curry,Hudson's,Name brand,Ready meals,,4,,5.0,0.66,,1.6,2.1,5,1
Hamburger Seasoning,Masterfoods,Name brand,Sauces & condiments,,3,,,,,,,,1
Triple chocolate muffin mix,Betty Crocker,Name brand,Biscuits & cakes,,,401.0,45.2,6.43,4.5,7.4,,,1
Apricot Coconut Slice,golden days,Name brand,"Fruit, veg & legumes",,,385.0,60.3,,5.0,1.3,,,1
Sunkist zero sugar,Sunkist,Name brand,Soft drinks & juice,B,4,2.0,0.0,0.15,0.0,0.0,,8,1
Thai Green Curry,Seven eleven,Name brand,Sauces & condiments,,,515.0,5.9,,7.3,32.2,5.0,,1
Sweet chilli & sour cream potato chips,,Unknown,Chips & salty snacks,,,488.0,5.4,,2.9,7.9,,,1
KitKat Dark Tasmanian Mint,Kit Kat,Name brand,Muesli & protein bars,,4,512.0,11.0,,14.3,5.2,,5,1
Lo Han Kuo 3 Pieces,Golden Bai Wei,Name brand,"Fruit, veg & legumes",,,,4.8,0.01,,0.7,,,1
Spelt spiral pasta,San Remo,Name brand,Ready meals,A,3,349.0,0.5,0.04,0.2,11.9,3.5,,1
Cheezels,Cheezels,Name brand,Chips & salty snacks,,4,136.0,0.3,,3.7,1.6,12.0,2,1
Original Flavour Chickpea Chips,Bains Wholefoods,Name brand,Chips & salty snacks,C,3,,2.5,1.11,2.2,16.2,8.0,,1
Brown rice crispy bars vanilla,Mighty Bellies,Name brand,Muesli & protein bars,B,4,383.0,20.0,0.2,1.8,5.3,7.5,3,1
All-in-one chutney mild,Katoomba,Name brand,Spreads,,4,,5.0,7.0,0.0,,,5,1
Chocolate Chewy Raspberry Balls,Darrell Lea,Name brand,Muesli & protein bars,E,4,432.0,49.6,0.18,10.0,4.4,,10,1
Bruschetta,The olive branch,Name brand,Sauces & condiments,B,3,62.0,2.0,0.49,0.6,0.5,,,1
Caesar Salad Kit,Woolworths,Supermarket own brand,Ready meals,C,4,144.0,2.1,0.88,2.6,4.8,,15,1
Stuffed Olives - Anchovy,Always Fresh,Name brand,Sauces & condiments,D,,127.0,0.0,3.38,2.5,1.0,,,1
Bolognese,,Unknown,Sauces & condiments,A,3,37.0,5.6,0.86,0.1,1.5,1.5,,1
Salted Caramel,Green and blacks,Name brand,Muesli & protein bars,E,4,593.0,32.2,0.5,27.7,6.0,,,1
Chicken Breast Kiev,Woolworths,Supermarket own brand,Meat & seafood,D,4,233.0,1.0,1.04,6.0,14.2,,10,1
Tonic water,Coles,Supermarket own brand,Soft drinks & juice,,,31.0,7.6,,0.0,0.0,0.0,,1
Garlic Sourdough,La Famiglia,Name brand,Chips & salty snacks,,4,,1.2,0.58,4.5,,,4,1
Pasta Sauce,Dolmio,Name brand,Sauces & condiments,C,,66.0,5.8,0.77,0.1,2.4,,,1
Coca cola classic,Coca-Cola,Name brand,Soft drinks & juice,,4,43.0,10.5,,0.0,0.0,,2,1
Pizza Pepperoni,Dr. Oetker,Name brand,Ready meals,D,,273.0,2.8,1.31,5.1,10.0,,,1
Bánh Tráng Classic Rice Paper,,Unknown,"Pasta, rice & grains",D,3,341.0,2.7,1.82,0.9,0.9,,,1
Shredded ham,Primo,Name brand,Meat & seafood,,4,145.0,,,2.2,11.6,,7,1
Tomato juice,Golden Circle,Name brand,Soft drinks & juice,B,4,14.0,2.1,0.42,0.0,0.6,0.8,1,1
French dressing 99% fat free 25% less sugar 9pcs,Praise,Name brand,Sauces & condiments,B,,10.0,2.0,0.54,1.0,1.0,,,1
Vegan Linguine,Bacci's,Name brand,"Pasta, rice & grains",A,4,,0.0,0.02,0.2,8.8,,1,1
Classic Calamari,i&j,Name brand,Meat & seafood,C,4,244.0,2.4,1.25,2.7,8.3,0.7,8,1
Natural Instant  Protein Oats,,Unknown,"Pasta, rice & grains",,,406.0,1.8,,1.8,15.1,18.7,,1
Dolmio Nonna's Bolognese pasta sauce,Dolmio,Name brand,Sauces & condiments,C,,312.0,3.0,0.67,0.4,1.2,,,1
Glace chocolat,Connoisseur,Name brand,Ice cream & desserts,E,,243.0,23.6,0.58,9.7,3.5,0.0,,1
"The Black, White & Teal Iced Donut",Balfours,Name brand,Biscuits & cakes,E,,,29.0,0.85,9.0,6.6,,,1
Double Espresso,Dare,Name brand,Milk & alternatives,B,,84.0,9.0,0.1,2.2,3.4,0.0,,1
YoPRO Plain,Danone,Name brand,Yoghurt,,,69.0,0.0,,0.0,12.0,2.9,,1
Nudie Orange W / Pulp 1L,Nudie,Name brand,Soft drinks & juice,,,43.0,7.6,,1.0,1.0,1.0,,1
Smooth hummus,Chris,Name brand,Spreads,A,4,277.0,0.3,0.38,2.5,7.4,6.5,6,1
Lactose free Chocolate milk,Fleurieu Milk Company,Name brand,Milk & alternatives,,4,80.0,5.0,,2.4,3.1,,,1
Light Smooth Ricotta,Coles,Supermarket own brand,Cheese,B,4,102.0,3.8,0.58,4.3,9.8,0.0,,1
Creamy classic real ice cream,Bulla,Name brand,Ice cream & desserts,,4,107.0,10.5,,4.2,1.7,,5,1
Australian Apricot Jam,,Unknown,Spreads,,4,201.0,48.5,,5.0,5.0,,2,1
Chicken Breast Strips Thai Style,,Unknown,Meat & seafood,B,4,,1.0,1.2,1.0,19.5,,,1
Puff pastry sheets,Simply Wise,Supermarket own brand,"Pasta, rice & grains",D,4,322.0,0.4,0.94,9.3,1.9,1.5,6,1
Red Split Lentils,Adams Apple,Name brand,"Fruit, veg & legumes",A,1,,1.5,0.01,0.3,24.5,,,1
Honey,Capilano,Name brand,Spreads,,2,338.0,82.7,,0.0,0.3,,,1
Aeroplane Lemon Flavored Jelly,Aeroplane,Name brand,Confectionery,C,,62.0,14.1,0.1,0.8,1.1,0.0,,1
Diced Italian tomatoes,Val Verde,Name brand,"Fruit, veg & legumes",A,1,25.0,3.5,0.01,0.1,0.9,1.2,,1
Chickpea baked crisps sweet potato and miso flavour,Calbee,Name brand,Chips & salty snacks,E,4,526.0,2.7,1.22,13.3,9.3,,3,1
Peanut,Mars Chocolate,Name brand,Confectionery,E,4,510.0,52.0,0.1,10.0,9.2,,8,1
,Woolworths,Supermarket own brand,Chips & salty snacks,,4,,,,,,,1,1
Moghrabieh Couscous,Chef's Choice,Name brand,Ready meals,C,3,,0.0,0.17,0.0,2.2,,,1
Sardines in tomato sauce,,Unknown,Meat & seafood,B,,105.0,1.0,1.3,0.9,17.5,,,1
Iced Coffee - Triple Espresso,Dare,Name brand,Milk & alternatives,B,4,83.0,9.0,0.11,2.2,3.4,,1,1
PURA Classic Smooth & Creamy Mocha,Pura,Name brand,Soft drinks & juice,B,4,,9.9,0.13,1.6,3.3,,3,1
yumi's roasted pumpkin and hommus,,Unknown,Spreads,,,,,,,,,2,1
Peach Slices,Coles,Supermarket own brand,Ice cream & desserts,,,54.0,9.5,,0.8,0.8,,,1
Blueberry Mega Muffin,Balfour's,Name brand,Biscuits & cakes,D,4,,27.9,1.3,2.3,4.4,,11,1
milk chocolate liquorice bullets,Coles,Supermarket own brand,Confectionery,E,,392.0,42.8,0.4,6.8,4.8,,,1
Baked beans in tomato sauce,Coles,Supermarket own brand,Ready meals,A,4,81.0,4.8,0.6,0.5,4.3,6.3,,1
Couscous,Coles,Supermarket own brand,Ready meals,A,3,357.0,2.3,0.01,1.0,11.7,4.3,,1
Butterscotch & Cream Flavour TimTam,Arnott’s,Name brand,Biscuits & cakes,E,4,488.0,43.7,0.54,13.6,4.7,1.5,6,1
Original Sea Salt,Kettle,Name brand,Chips & salty snacks,,4,,,,,,,3,1
Conrad,Woolworths,Supermarket own brand,"Fruit, veg & legumes",A,1,,,,,,,,1
Apple juice,,Unknown,Soft drinks & juice,,1,45.0,11.6,,0.3,0.3,,,1
"Wholemeal flour, strong & high protein",Lighthouse,Name brand,"Pasta, rice & grains",,1,,3.1,0.0,,12.7,10.7,,1
Shredded Coconut,McKenzie's,Name brand,"Fruit, veg & legumes",D,3,683.0,7.2,0.05,64.0,7.6,14.0,1,1
Baking 70% Cocoa Dark Chocolate,Cadbury,Name brand,Confectionery,E,4,,28.9,0.03,24.6,9.7,,,1
Pear Apple & Raspberry,Golden Circle,Name brand,Soft drinks & juice,,4,47.0,10.8,,0.0,0.2,,1,1
Caramel maple and macadamias ice cream,Bulla,Name brand,Ice cream & desserts,E,4,374.0,26.3,0.19,13.9,4.7,,8,1
Fruit & Cream Bliss,The Natural Confectionery Co.,Name brand,Confectionery,D,,,51.2,0.12,1.0,3.2,0.0,,1
Apple Cider Vinegar,Cornwells,Name brand,Sauces & condiments,,2,,,,,,,,1
Easy Mac Cheesy Chicken Flavour 4 pack,Kraft,Name brand,Ready meals,,4,,3.5,0.72,1.7,4.5,,4,1
Tuna In Springwater,Safcol,Name brand,Meat & seafood,,4,116.0,0.0,,0.5,25.5,0.0,,1
100% pure Australian raw and unfiltered honey,Nature Nate's,Name brand,Spreads,,2,,0.0,,0.0,,,,1
Special K Original,Kellogg's,Name brand,Breakfast cereals,B,,388.0,14.0,0.82,0.8,19.2,6.0,,1
Organic Milk,Pauls,Name brand,Milk & alternatives,B,,71.0,4.8,0.14,2.4,3.6,,,1
Icy Pops,Bulla,Name brand,Ice cream & desserts,,4,88.0,19.7,,1.4,1.4,,5,1
Strawberry squeeze,Golden Circle,Name brand,Ice cream & desserts,A,4,76.0,13.7,0.0,0.1,0.5,1.8,,1
Colby cheese Shredded,Devondale,Name brand,Cheese,D,4,100.0,1.0,1.55,23.2,23.7,0.8,2,1
Tasty Cheese,Devondale,Name brand,Cheese,,,414.0,0.0,,23.9,24.3,0.0,,1
"Malaysian Curry & Tuna (Special Edition, Street Asian)",John West,Name brand,Meat & seafood,,4,,3.0,1.08,3.7,,,1,1
100% Pure Australian Raw & Unfiltered Honey,Nature Nate's,Name brand,Spreads,,2,,0.0,,0.0,,,,1
Seeded Snackers Sour Cream and Chives,Olinas,Name brand,Chips & salty snacks,C,,453.0,5.6,0.86,3.2,22.0,20.4,,1
Ice cream,Hinterland,Name brand,Ice cream & desserts,D,,229.0,19.4,0.13,10.1,4.0,,,1
Roast Chicken Crispy Crackers,The Natural Cracker Co.,Name brand,Chips & salty snacks,B,,97.0,1.1,0.38,0.4,1.3,,,1
Sunbean,Sunbites,Name brand,Chips & salty snacks,,4,,,,,,,1,1
Harvest Snaps Baked pra Crisps,Calbee,Name brand,Chips & salty snacks,D,,478.0,3.0,0.45,10.3,0.0,,,1
Rosella tomato sauce,Rosella,Name brand,Sauces & condiments,D,4,124.0,22.7,1.3,1.0,1.9,,1,1
Brown rice & Riceberry,Macro,Supermarket own brand,Breakfast cereals,,,173.0,0.1,,0.3,3.8,2.2,,1
Chick Peas,Edgell,Name brand,"Fruit, veg & legumes",A,,136.0,0.5,0.52,0.3,7.2,6.0,,1
Thin Sundried tomato & basil flavoured rice cakes,Sun Rice,Name brand,Biscuits & cakes,D,4,401.0,5.0,2.1,2.1,7.5,4.2,2,1
Mozzerella,Perfect Italiano,Name brand,Cheese,,,298.0,,,13.2,26.1,,,1
Creamed honey,Capilano,Name brand,Spreads,,2,338.0,82.7,,0.0,0.3,,,1
Extra light,Devondalele,Name brand,Milk & alternatives,B,,34.0,4.9,0.11,0.1,3.2,,,1
10 regular tortillas soft and flexible,Old El Paso,Name brand,Bread,D,4,,1.4,1.33,4.3,7.9,2.2,7,1
Butternut snap cookie,Arnott's,Name brand,Biscuits & cakes,E,4,485.0,37.8,0.5,14.0,4.9,,,1
Spinach and Ricotta ravioli,McCain,Name brand,Ready meals,B,,107.0,3.5,0.55,1.0,3.0,0.7,,1
desiccated coconut,Value,Name brand,"Fruit, veg & legumes",E,,,8.0,0.14,63.0,7.0,,1,1
Uncle Toby's Plus (Apple and sultanas),Uncle Toby's,Name brand,Breakfast cereals,B,3,,23.3,0.27,0.4,8.1,17.9,,1
Thinly Cut Sweet Chilli & Sour Cream Potato Chips,Smiths,Name brand,Chips & salty snacks,D,4,,4.5,1.04,2.5,6.8,,7,1
Full cream milk,Woolworth,Name brand,Milk & alternatives,,,63.0,4.8,,2.2,3.3,,,1
Tropical Breakfast Juice,Impressed,Name brand,Soft drinks & juice,C,1,118.0,9.7,0.01,0.1,0.4,0.1,,1
boneless leg ham classic english,Don,Name brand,Meat & seafood,D,4,,1.6,2.84,0.7,18.0,,2,1
Raspberry conserve,Rose's,Name brand,Spreads,,4,127.0,27.3,,0.0,0.3,,2,1
Beans ham sauce,Heinz,Name brand,Ready meals,A,4,90.0,5.1,1.1,0.1,4.8,4.1,6,1
PLUS ™ Antioxidants,Uncle Tobys,Name brand,Breakfast cereals,B,4,,21.2,0.51,0.5,7.2,11.2,1,1
Australian pure honey,Woolworths,Supermarket own brand,Spreads,,2,,0.0,,0.0,,,,1
Mozzarella red cheddar  and colby,Perfect Italian o,Name brand,Cheese,D,,355.0,4.0,1.66,17.6,24.8,,,1
Thick & Creamy Field Strawberry Yoghurt,Dairy Farmers,Name brand,Yoghurt,C,4,119.0,11.4,0.1,4.1,3.8,,2,1
Maxibon,peters,Name brand,Ice cream & desserts,,4,,,,,,,11,1
Organic Real Leatherwood Honey,R. Stephens Golden Nectar,Name brand,Spreads,D,,334.0,82.1,0.04,0.0,0.3,,,1
Multigrain sandwich loaf,Coles,Supermarket own brand,Bread,A,4,248.0,3.0,0.95,1.0,9.7,5.0,,1
100% Raw & Unfiltered Honey,NovaFarms,Name brand,Spreads,,2,,0.0,,0.0,,,,1
Jumbo tortillas,Old El Paso,Name brand,Bread,C,4,408.0,1.9,1.38,1.6,10.3,2.8,4,1
Lime With A Hint Of Chilli,The Natural Chip Co.,Name brand,Chips & salty snacks,E,4,,3.4,1.35,14.2,6.7,3.7,,1
Hidden Centre Passionfruit & White Chocolate Mousse Dessert,Coles Finest,Supermarket own brand,Ice cream & desserts,D,4,393.0,22.4,0.14,16.1,4.4,1.5,14,1
Freshly Frozen Peas Pastizzi,Mario's,Name brand,Biscuits & cakes,D,4,311.0,3.3,1.26,7.9,8.2,3.5,13,1
Natural Yoghurt,Coco Tribe,Name brand,Yoghurt,D,4,,1.4,0.05,18.8,2.1,,1,1
Yogurt,Bekaa,Name brand,Yoghurt,B,1,68.0,1.0,0.12,2.2,4.7,,,1
Pork Hot Links Cheesy BBQ,Three Aussie Farmers,Name brand,Meat & seafood,,4,,0.8,1.53,,14.5,,9,1
Orange Juice,7 Eleven,Name brand,Soft drinks & juice,C,1,,,,,,,,1
Miso Chicken Ramen,My Muscle Chef,Name brand,Meat & seafood,A,4,91.0,2.9,0.8,0.5,9.5,1.1,2,1
Low Fat Milk,B and G,Name brand,Milk & alternatives,,1,,5.0,0.0,,3.1,,,1
Bullets milk chocolate liquorice,Darrell Lea,Name brand,Confectionery,E,4,404.0,41.2,0.19,8.0,4.0,,5,1
Sharma’s Yogurt,Sharma's Kitchen,Name brand,Yoghurt,B,3,78.0,6.0,0.12,2.4,4.6,,,1
Apricot & Almond Fruit Cheese,Mable's,Name brand,Cheese,,4,,,,,,,4,1
Tuna Herb & Garlic,Greenseas,Name brand,Meat & seafood,B,4,,0.1,1.24,1.2,16.5,,,1
Pink Coarse Himalayan Salt Grinder,gfresh,Name brand,Sauces & condiments,,,,,,,,,,1
Sunflower & Thyme Crackers,Ob finest,Name brand,Chips & salty snacks,D,3,,21.3,1.88,2.8,12.2,4.6,1,1
Traditional Hot Cross Buns,Etna Bakery,Name brand,Bread,C,4,,18.6,0.64,0.4,6.6,2.4,4,1
Grated Parmesan,Coles,Supermarket own brand,Cheese,E,3,,1.0,9.14,25.9,33.2,0.0,,1
Pitted Dates,Trident,Name brand,"Fruit, veg & legumes",C,1,346.0,68.2,0.11,1.0,1.9,,,1
Arborio Risotto Rice,Sun Rice,Name brand,"Pasta, rice & grains",A,,,1.0,0.01,1.0,7.1,1.1,,1
Light Greek Style All Natural Yoghurt,Tasmanian Tamar Valley Dairy,Name brand,Yoghurt,B,4,,6.1,0.17,2.8,6.0,,,1
Bon Apetit Super Thick Greek Natural Yoghurt,Yoplait,Name brand,Yoghurt,A,4,71.0,8.9,0.09,0.1,7.2,,5,1
Heinz Beanz Salt Reduced,Heinz,Name brand,Ready meals,A,4,,4.4,0.61,0.1,5.0,5.4,3,1
Dark Chocolate,Woolworth Select,Name brand,Confectionery,E,4,,52.6,0.08,19.1,5.7,,2,1
Coconut Drops 12pk,Woolworths,Supermarket own brand,Biscuits & cakes,E,4,,37.1,0.27,20.0,4.9,,12,1
Tomato Paste,Coles,Supermarket own brand,"Fruit, veg & legumes",B,3,,11.5,0.26,0.1,3.8,,,1
COCA COLA N/SUG CAN 10X375ML,Coke,Name brand,Soft drinks & juice,,,0.0,0.0,,0.0,0.1,,,1
Whole Potatoes,Woolworths,Supermarket own brand,"Fruit, veg & legumes",,4,67.0,,0.01,,1.4,2.4,2,1
Cheesy broccoli & potato soup,Continental,Name brand,Ready meals,,,125.0,3.2,,3.4,3.3,1.3,,1
Chunky Potato Bacon Soup,Campbell’s,Name brand,Ready meals,,,,,,,,,,1
Macro Organic Passata,Macro,Supermarket own brand,Sauces & condiments,A,1,,,,,,,1,1
Extra Peppermint,Extra,Name brand,Confectionery,,4,,,,,,,8,1
ALLENS STRAWBERRIES & CRM190GM,Allens,Name brand,Confectionery,,4,349.0,45.3,0.24,,3.4,,5,1
Cheddar Cheese,Bega,Name brand,Cheese,D,,410.0,1.0,0.74,23.8,24.8,,,1
Californian Walnuts,Mourad's Coffee & Nuts,Name brand,"Fruit, veg & legumes",B,1,,2.7,0.01,3.6,14.4,,,1
Australian Baby Gem Lettuce,Coles,Supermarket own brand,"Fruit, veg & legumes",,,,,,,,,,1
Sourdough Crispbread,Ob Finest,Name brand,Chips & salty snacks,D,,397.0,7.0,1.62,2.0,12.0,,,1
Yakitori Sauce,Obento,Name brand,Sauces & condiments,E,,207.0,33.9,8.4,0.0,5.6,,,1
Original Full Cream,PURA,Name brand,Milk & alternatives,B,1,62.0,4.4,0.11,2.3,3.4,,,1
Honey,,Unknown,Spreads,,2,,,,,,,,1
Orange Juice,Golden Circle,Name brand,Soft drinks & juice,E,4,,9.9,0.0,0.0,0.2,,1,1
Dark Chocolate Mint Crisp,well naturally,Name brand,Confectionery,C,4,,0.8,0.02,23.8,6.2,22.3,4,1
Traditional mayo,Praise,Name brand,Sauces & condiments,C,4,,20.9,0.54,1.0,1.0,,7,1
Pressed Juice,Plant Based Life,Name brand,Soft drinks & juice,D,1,,11.6,0.0,0.1,0.2,0.2,,1
Peaches Sliced in Mango Nectar,SPC,Name brand,Ice cream & desserts,A,1,56.0,10.5,0.01,0.1,0.6,1.3,,1
Nutritional yeast flakes,Wellness Road,Name brand,Sauces & condiments,,1,337.0,0.0,0.15,1.0,47.0,21.0,,1
Smoked Salmon,Superior Gold,Name brand,Meat & seafood,D,4,,1.0,2.8,2.8,25.1,,2,1
Pumpkin soup,La Zuppa,Name brand,Ready meals,B,3,31.0,2.6,0.53,0.0,0.9,,,1
"Tuna Slices, Oil Italian Style",Sirena,Name brand,Meat & seafood,A,,,0.0,0.48,1.0,28.5,0.0,,1
Club Cheddar Vintage,South Cape,Name brand,Cheese,D,3,,1.0,0.8,23.5,25.7,,1,1
ALMOND MILK,,Unknown,Milk & alternatives,,,14.0,0.1,,0.1,0.4,0.0,,1
Ginger Nut,Arnotts,Name brand,Biscuits & cakes,E,,446.0,38.0,0.63,6.0,4.8,,,1
"Nothing but carrot, apple, orange & ginger",Nudie,Name brand,Soft drinks & juice,B,1,,8.1,0.08,1.0,1.0,1.0,,1
Pomegranate juice,Chefs Choice,Name brand,Soft drinks & juice,D,1,60.0,15.5,0.03,0.0,0.7,0.0,,1
White Bread,7-Eleven,Name brand,Bread,A,4,247.0,3.4,1.0,0.5,9.2,2.9,2,1
Fruits skittles,Skittles,Name brand,Muesli & protein bars,D,4,23.0,72.0,1.0,3.0,0.0,,,1
Greek style organic coconut yoghurt,,Unknown,Yoghurt,,,171.0,1.4,,15.2,1.0,,,1
,Leggo's,Name brand,"Fruit, veg & legumes",B,3,88.0,9.2,9.5,0.2,3.6,7.8,,1
British Cheddar,The Cheese Board,Name brand,Cheese,D,,416.0,0.1,0.72,21.7,25.4,,,1
Beurre Flora Pro-active 250 gr,flora,Name brand,Spreads,C,4,569.0,1.0,0.09,15.0,1.0,,5,1
Yoplait Forme Berry Harvest Yoghurt 160g,Yoplait,Name brand,Yoghurt,A,,40.0,0.0,0.14,0.1,4.3,,,1
Champignons Whole,Coles,Supermarket own brand,"Fruit, veg & legumes",A,,17.0,0.1,0.44,0.1,2.1,,,1
Beef Bolognese,Weight watchers,Name brand,Ready meals,B,,104.0,2.6,0.62,1.5,5.3,,,1
Oven bake Lemon Pepper Crumb,Birds Eye,Name brand,Meat & seafood,A,4,210.0,3.8,0.63,0.9,12.1,1.3,,1
French vanilla cheesecake,Sara Lee,Name brand,Biscuits & cakes,E,4,344.0,19.8,0.58,11.3,3.8,,5,1
Vanilla Ice Flavour Gluten Free,Up & Go,Name brand,Yoghurt,E,4,172.0,16.1,0.41,0.5,8.7,4.0,4,1
Salt & Vinegar Rice Crackers,Peckish,Name brand,Chips & salty snacks,D,4,417.0,0.5,1.75,2.0,7.0,,3,1
Tuna chunk style in olive oil,John West,Name brand,Meat & seafood,B,,174.0,1.6,1.12,1.2,26.6,,,1
Peaches in juice,Woolworths,Supermarket own brand,Ice cream & desserts,,,65.0,,,,0.2,0.3,,1
Marshmallows,Pascall,Name brand,Confectionery,D,4,,68.0,0.15,4.0,4.0,0.0,2,1
Dried Apricots,Woolworths,Supermarket own brand,"Fruit, veg & legumes",,,283.0,58.7,,0.3,3.7,8.0,,1
Apple and Blackcurrant Juice,Woolworths,Supermarket own brand,Soft drinks & juice,C,4,44.0,10.0,0.01,0.0,0.1,0.1,1,1
Spice Mix for fajitas,Old El Paso,Name brand,Sauces & condiments,,,289.0,25.8,11.22,0.8,7.1,6.6,,1
"Soyamilk, Lite",So Good,Name brand,Milk & alternatives,A,4,45.0,2.0,0.04,0.2,3.4,0.0,3,1
Suimin Instant Noodles Bowl Tom Yum,suimin,Name brand,"Pasta, rice & grains",,,102.0,1.6,0.93,2.2,1.5,,,1
Mild American Mustard,Woolworths,Supermarket own brand,Sauces & condiments,E,4,110.0,10.0,2.98,10.0,10.0,,1,1
Garlic paste,Gourmet Garden,Name brand,Sauces & condiments,D,4,193.0,11.6,8.1,1.1,4.6,,4,1
Iodised table salt,Woolworths,Supermarket own brand,Sauces & condiments,,2,,,,,,,1,1
Orange marmelade,Gardener,Name brand,Spreads,,,260.0,62.0,,0.0,0.5,,,1
Seriously Good Original Mayonnaise,Heinz,Name brand,Sauces & condiments,D,4,621.0,2.9,0.5,5.8,1.1,,4,1
Tomato Sauce,Woolworths,Supermarket own brand,Sauces & condiments,C,4,107.0,20.4,1.69,1.0,1.0,1.0,2,1
Brownies,Noshu,Name brand,Biscuits & cakes,A,4,317.0,0.9,0.23,3.1,6.0,24.7,4,1
Vanilla cake mix,Woolworths,Supermarket own brand,Biscuits & cakes,D,,391.0,40.0,1.4,0.6,5.0,1.2,,1
Rainbow cookie mix,Betty Crocker,Name brand,Biscuits & cakes,D,,399.0,48.0,0.3,2.9,5.3,1.1,,1
HEINZ TOMATO KETCHUP,Heinz,Name brand,Sauces & condiments,C,3,,25.8,2.04,0.0,1.4,,,1
Long Grain White Rice,Woolworths,Supermarket own brand,"Pasta, rice & grains",B,1,340.0,0.1,0.02,0.1,7.3,0.9,,1
Mayonnaise,S&W,Name brand,Sauces & condiments,E,3,739.0,1.7,1.9,6.5,1.3,,1,1
Peanut cookies,Woolworths,Supermarket own brand,Biscuits & cakes,D,4,532.0,20.7,0.36,9.6,12.5,4.3,5,1
Nacho Cheese,Doritos,Name brand,Chips & salty snacks,D,4,513.0,3.5,0.38,11.8,7.6,,4,1
Lentil crackers,Always Fresh,Name brand,Chips & salty snacks,D,4,357.0,4.0,1.0,3.5,9.0,,2,1
Family Coleslaw,Coles,Supermarket own brand,Chips & salty snacks,A,,89.0,3.8,0.36,0.8,1.9,2.3,,1
Raspberry Balsamic salad dressing,Coles,Supermarket own brand,Sauces & condiments,C,4,125.0,19.1,0.17,0.0,0.7,0.5,3,1
Bulla Vanilla Icecream 2L,Bulla,Name brand,Ice cream & desserts,C,4,171.0,20.9,0.13,4.2,3.1,,6,1
Instant noodles,Ayams,Name brand,"Pasta, rice & grains",,4,218.0,1.1,0.41,4.0,5.1,,1,1
chicken style meat-free mince,coles,Supermarket own brand,Sauces & condiments,B,3,342.0,3.0,1.2,2.0,53.0,15.0,,1
satay sauce,Fountain,Name brand,Sauces & condiments,B,,50.0,5.0,0.28,0.8,1.4,0.0,,1
whole black Ligurian Olives,siena,Name brand,Sauces & condiments,,3,,,,,,,2,1
High fibre bran,Woolworths,Supermarket own brand,"Pasta, rice & grains",A,3,,13.4,0.75,0.6,13.2,42.1,1,1
Pure Australian honey,,Unknown,Spreads,D,2,337.0,72.6,0.0,0.0,0.0,0.0,,1
Cheesy rice,Continental,Name brand,"Pasta, rice & grains",D,4,402.0,3.6,1.73,2.1,13.6,0.2,2,1
Fried Shallots,Doree,Name brand,Sauces & condiments,D,1,522.0,8.5,0.12,13.5,3.7,,,1
Edgell supersweet corn,Edgell,Name brand,"Pasta, rice & grains",A,3,70.0,4.3,0.31,0.6,2.6,2.8,,1
Cold Pressed Avocado with Lime and Black Pepper,Avofresh,Name brand,"Fruit, veg & legumes",B,,169.0,0.6,0.67,3.1,0.6,,,1
Malaysian peanut satay tofu,Soyco,Name brand,"Fruit, veg & legumes",B,4,181.0,5.8,0.8,1.5,16.0,2.7,1,1
Roasted pumpkin soup,Fodmapped Foods,Name brand,Ready meals,B,4,,,,,,,,1
Atlantic Salmon,Birds Eye,Name brand,Meat & seafood,,1,219.0,0.8,,2.5,19.8,,,1
Iced donuts,The Bakery at Coles,Name brand,Biscuits & cakes,,,,,,,,,,1
Monster Tropical Muesli,Monster Health Food Co.,Name brand,Breakfast cereals,B,,355.0,18.7,0.11,2.3,9.0,10.4,,1
Australian creamy style instant oats,Red Tractor,Name brand,Breakfast cereals,A,1,375.0,1.0,0.0,1.5,12.5,12.2,,1
Yopro,Danone,Name brand,Ice cream & desserts,A,4,127.0,5.0,0.15,2.4,11.7,0.0,6,1
Italian Passata Sauce with Basil,Coles,Supermarket own brand,Sauces & condiments,,3,35.0,5.0,,1.0,1.4,2.1,1,1
Light cheese slices,Hillview,Name brand,Cheese,,,183.0,,,,17.0,,,1
Organic Salted Butter,Coles,Supermarket own brand,Spreads,E,2,720.0,2.0,1.4,54.0,2.0,,,1
,flora,Name brand,Spreads,,2,,,,,,,,1
Natural Pistachio Kernels,Macro,Supermarket own brand,"Fruit, veg & legumes",,,,6.0,,5.7,19.7,9.0,,1
Organic muesli,pure harvest,Name brand,Breakfast cereals,,,373.0,19.0,,1.3,10.9,,,1
Lite salt,Diet Rite,Name brand,Sauces & condiments,,2,,,,,,,,1
Pakistan Basmati Long Grain Rice,Riviana,Name brand,"Pasta, rice & grains",,1,357.0,,0.04,0.7,8.6,,,1
DF WHOLE MILK 2L BTL,Dairy Farmers,Name brand,Milk & alternatives,,,62.0,,,,3.4,,,1
Irresistible gluten free party mox,,Unknown,Confectionery,,4,382.0,58.7,,0.2,4.0,0.0,11,1
Basmati Rice,Coles,Supermarket own brand,"Pasta, rice & grains",,,153.0,,0.11,0.8,2.6,2.2,,1
Tim Tam Murray River Salted Caramel,Arnott's,Name brand,Biscuits & cakes,,4,485.0,,,,4.1,1.6,5,1
CAD Top Deck 180g,Cadbury,Name brand,Confectionery,,4,,58.3,0.23,,6.1,,2,1
Old Gold Dark chocolate original 180g,Cadbury,Name brand,Confectionery,,4,528.0,51.6,,18.8,6.0,0.0,2,1
Mission original tortilla strips yellow corn,Mission,Name brand,Chips & salty snacks,,3,,,,,,,,1
Stuffed Olives,Three Threes,Name brand,Sauces & condiments,D,4,,1.0,2.42,2.3,1.0,,6,1
Australian Full Cream Mill,Woolworths,Supermarket own brand,Milk & alternatives,C,,63.0,4.8,0.11,2.2,0.0,0.0,,1
white chia seeds,Macro,Supermarket own brand,"Pasta, rice & grains",,,427.0,6.7,,6.7,14.0,34.7,,1
Original,,Unknown,Chips & salty snacks,E,4,495.0,3.6,1.7,11.2,5.2,,,1
Smith’s Lightly Salted Thinly Cut,Smith's,Name brand,Chips & salty snacks,C,,550.0,1.1,0.63,2.2,6.7,,,1
Quinoa Flakes,Macro,Supermarket own brand,"Pasta, rice & grains",,,386.0,3.3,,3.3,14.3,,,1
Mild sopressa salami,,Unknown,Meat & seafood,D,,189.0,2.5,4.35,2.5,9.5,,,1
Porridge - Super Berry & Coconu,Carman's,Name brand,Breakfast cereals,A,4,399.0,13.0,0.01,3.0,12.2,9.8,,1
Apple and blackcurrant juice,spring valley,Name brand,Soft drinks & juice,D,4,52.0,11.8,0.02,0.0,0.2,0.1,1,1
Party mix,The Natural Confectionary Co,Name brand,Confectionery,D,4,,45.0,0.25,1.0,3.2,,5,1
Himalayan Pink Rock Salt 200G,Chef's Choice,Name brand,Sauces & condiments,,2,0.0,0.0,95.44,0.0,0.0,0.0,,1
Skim Milk,Dairy Farmers,Name brand,Milk & alternatives,A,,35.0,4.9,0.11,0.1,3.5,,,1
Yogurt,Chobani,Name brand,Yoghurt,A,4,76.0,9.1,0.08,0.1,8.4,,3,1
Peanut butter,The Forage Company,Name brand,Spreads,D,3,623.0,5.3,2.88,9.3,24.0,,,1
Organic Rice Original Milk,Australia’s Own Organic,Name brand,Milk & alternatives,B,3,50.0,3.1,0.17,0.1,0.4,0.5,,1
Potato salad,Woolworths,Supermarket own brand,Ready meals,B,4,147.0,4.6,0.62,0.9,2.2,1.7,5,1
Australian Salted Peanuts,Coles,Supermarket own brand,"Fruit, veg & legumes",B,3,615.0,3.3,0.4,7.3,31.5,7.2,,1
Gluten free English muffins,Coles,Supermarket own brand,Bread,A,4,232.0,3.3,0.75,1.0,6.3,6.3,2,1
Flaming hot cheese supreme,Doritos,Name brand,Chips & salty snacks,D,4,512.0,3.2,1.1,3.1,7.9,,8,1
V8 Easy Green,V8,Name brand,Soft drinks & juice,C,,37.0,8.5,0.06,0.0,0.1,0.1,,1
Tomato Paste,Black & Gold,Supermarket own brand,"Fruit, veg & legumes",A,3,,,,,,,,1
Mixed berries,Coles,Supermarket own brand,"Fruit, veg & legumes",,,60.0,11.0,,,1.0,1.0,,1
Tuna,Woolworths,Supermarket own brand,Meat & seafood,B,4,261.0,1.1,0.62,0.3,18.8,,1,1
Super Blackout 90% Cacao,Alter Eco,Name brand,Confectionery,,3,,8.9,0.0,36.8,,,,1
Oatcakes,Woolworths,Supermarket own brand,Chips & salty snacks,D,,483.0,0.8,0.95,6.4,10.3,,,1
Coles Bran Flakes with sultanas,Coles,Supermarket own brand,Breakfast cereals,C,3,342.0,27.7,0.45,1.0,8.4,16.4,,1
Tuna Spicy Chilli,Coles,Supermarket own brand,Meat & seafood,B,,212.0,1.1,0.96,2.0,19.4,1.1,,1
Mini Mallows,Coles,Supermarket own brand,Confectionery,D,4,356.0,61.1,0.06,1.0,3.3,,2,1
Mirror Glaze Mousse Belgian Chocolate & Salted Caramel,Coles Finest,Supermarket own brand,Ice cream & desserts,D,4,356.0,24.3,0.29,13.1,4.0,2.8,19,1
Danish feta,Coles,Supermarket own brand,Cheese,D,,241.0,2.5,1.2,11.0,10.8,,,1
Light Soy Sauce,Coles,Supermarket own brand,Sauces & condiments,C,,78.0,2.9,9.2,0.0,11.2,1.0,,1
Coles Vegan Vanilla Bean desert,Coles,Supermarket own brand,Ice cream & desserts,,,26.0,10.1,,6.2,1.0,,,1
Pineapple Pieces,Coles,Supermarket own brand,"Fruit, veg & legumes",A,,65.0,14.8,0.01,0.0,1.0,1.0,,1
High Fibre Low Gi 7 Seeds & Grain Toast Loaf,Coles,Supermarket own brand,Bread,A,4,,0.8,0.31,1.3,10.8,9.3,,1
Vegemite,Vegemite,Name brand,Spreads,,4,174.0,2.4,3.3,0.9,25.9,,1,1
Mayonnaise,,Unknown,Sauces & condiments,E,,705.0,2.5,1.41,9.5,0.5,,,1
Premium Muesli,The Muesli Company,Name brand,Breakfast cereals,C,,381.0,23.7,0.04,1.4,4.8,7.6,,1
Nacho Balls,Coles,Supermarket own brand,Chips & salty snacks,B,4,231.0,4.5,0.81,2.6,5.3,4.1,5,1
Corn Chips,Sonora Corn Chips  Salted 500g,Name brand,Chips & salty snacks,C,,478.0,2.0,0.76,1.8,8.4,,,1
Indulgent Vanilla Bean,Yoghurt Shop,Name brand,Yoghurt,B,3,158.0,13.2,0.14,2.5,10.5,,,1
Tim Tam slams,Arnotts,Name brand,Biscuits & cakes,E,,494.0,45.2,0.17,13.6,4.6,,,1
Tartare Sauce,Coles,Supermarket own brand,Sauces & condiments,D,4,449.0,9.1,0.69,3.1,1.0,0.0,5,1
Creamy Brie,Australian Gold,Name brand,Cheese,C,,,1.0,0.47,15.4,18.7,,,1
Corn flakes,Freedom Foods,Name brand,Breakfast cereals,B,4,372.0,7.1,0.2,0.4,7.8,,1,1
Messy monkey' pancake stack cereal,,Unknown,Breakfast cereals,,,348.0,16.3,,0.7,8.7,11.7,,1
Thick & Creamy Caramelised Fig Yoghurt,Dairy Farmers,Name brand,Yoghurt,C,4,133.0,14.5,0.1,4.1,3.7,,1,1
Mini Rice Cake Triple Berry Yoghurt,Table Of Plenty,Name brand,"Pasta, rice & grains",D,4,,29.3,0.08,13.3,6.7,6.7,1,1
Super seed & grain Crackers,Carman's,Name brand,Chips & salty snacks,D,,568.0,1.9,1.43,4.0,16.5,,,1
Macro Medium Classic Tofu,Macro,Supermarket own brand,"Fruit, veg & legumes",A,4,102.0,1.6,0.07,1.0,8.2,3.9,1,1
Salted pretzel chocolate caramel ice cream,Connoisseur,Name brand,Ice cream & desserts,E,4,350.0,27.0,0.6,14.5,4.4,,13,1
Oat milk,Inside Out,Name brand,Milk & alternatives,B,4,47.0,3.0,0.09,0.2,1.2,0.1,1,1
Choc peanut butter,Coles,Supermarket own brand,Spreads,D,,564.0,28.0,0.4,6.4,18.0,6.4,,1
Salted caramel icecream,Coyo Organic,Name brand,Ice cream & desserts,E,,210.0,19.3,0.69,10.8,1.7,,,1
Organic Corn Chips,,Unknown,Chips & salty snacks,C,3,,1.5,0.51,2.6,5.9,0.0,,1
Organic Red Kidney Beans,Coles,Supermarket own brand,"Fruit, veg & legumes",A,3,104.0,1.5,0.61,1.0,7.4,6.7,,1
Choc-Mint Cream Wafers,Corinthians,Name brand,Biscuits & cakes,D,4,,40.0,0.64,7.4,4.4,4.1,1,1
Duos gummy rings,,Unknown,Confectionery,,4,325.0,42.8,,0.4,4.0,,7,1
Classic Italian Tiramisu,Coles,Supermarket own brand,Biscuits & cakes,D,4,263.0,18.0,0.26,10.0,3.4,1.3,8,1
Gluten Free Apple & Cranberry Muesli,Food for Health,Name brand,Breakfast cereals,B,4,,15.3,0.09,2.2,11.7,8.5,,1
Thai Green Curry,Kantong,Name brand,Sauces & condiments,D,4,172.0,3.2,5.35,1.1,1.5,,,1
Orange Juice,joe’s classics,Name brand,Soft drinks & juice,C,4,,11.2,0.01,0.0,1.0,,1,1
Oriental chicken noodles,Suimin,Name brand,Ready meals,,4,,0.4,1.02,1.6,1.9,,5,1
Full Cream Pure Milk,Devondale,Name brand,Milk & alternatives,B,1,63.0,4.8,0.11,2.3,3.3,,,1
Full Cream Milk,Farmers Own,Name brand,Milk & alternatives,B,,67.0,4.8,0.09,2.5,3.5,,,1
Whole Grain Thins,Real Foods,Name brand,Biscuits & cakes,A,,392.0,1.1,0.64,1.1,10.6,6.7,,1
Cinnamon Donut,Woolworths,Supermarket own brand,Biscuits & cakes,D,4,356.0,21.3,1.38,6.7,3.6,,3,1
Whole Grain Mustard,Woolworths,Supermarket own brand,Sauces & condiments,B,4,8.0,1.0,0.26,1.0,1.0,,2,1
Frosties,Kellogg's,Name brand,Breakfast cereals,D,3,398.0,43.3,0.82,0.3,4.7,2.0,,1
Liqorice,Licorice Lovers,Name brand,Confectionery,D,4,335.0,35.0,0.28,0.5,4.3,,2,1
Almond Crispbread,Trentham Tucker,Name brand,Biscuits & cakes,D,4,353.0,35.8,0.1,0.7,8.8,,1,1
Huon Salmon to go,Huon,Name brand,Meat & seafood,A,,,0.5,0.73,0.7,12.6,,,1
Cocktail Spring Roll,Ho Mai,Name brand,Ready meals,C,3,222.0,2.4,1.22,4.1,4.1,,,1
Speculaas,The Dutch Company,Name brand,Biscuits & cakes,E,4,,32.5,1.07,8.7,5.7,,2,1
Strawberry conserve,Rose's,Name brand,Spreads,,4,127.0,26.4,,0.0,0.0,,2,1
Bircher Apple & Cinnamon Natural Muesli,Lowan Whole Foods,Name brand,Breakfast cereals,A,,,16.3,0.03,1.7,10.1,9.9,,1
Arnott's Tina Wafer,Arnotts,Name brand,Biscuits & cakes,E,4,521.0,44.2,0.05,12.9,2.8,,7,1
Australia’s Favourite Carrots,Rocky Lamattina,Name brand,"Fruit, veg & legumes",A,,31.0,5.1,0.11,0.0,0.8,,,1
Thick and creamy Rhubarb and vanilla,Dairy Farmers,Name brand,Yoghurt,,,127.0,13.5,,4.1,3.7,,,1
Danone YoPRO Plain Yoghurt,Danone,Name brand,Yoghurt,A,3,,4.4,0.1,0.2,10.6,,,1
Organic soy milk,Australia's own,Name brand,Milk & alternatives,A,,31.0,0.4,0.17,0.3,1.9,0.2,,1
Energise Korean Chicken,Strength & Meals Co,Name brand,Meat & seafood,A,4,,1.8,0.89,1.0,11.3,1.2,1,1
Filets de Maquereaux en saumure,John West,Name brand,Meat & seafood,C,,263.0,0.0,0.5,5.9,19.5,,,1
Apple mango,,Unknown,Soft drinks & juice,E,,48.0,10.5,0.18,0.1,0.2,,,1
Mini starburst chews,Starburst,Name brand,Confectionery,,4,,,,,,,4,1
Simple Batch - Honey Cinnamon Butter Biscuits,Arnotts,Name brand,Biscuits & cakes,,4,,22.5,0.91,17.5,,2.1,,1
Pop Tarts Frosted Chocotastic,Kellogg's,Name brand,Biscuits & cakes,E,,384.0,35.4,3.8,4.4,5.0,,,1
MasterFoods Barbecue Sauce Reduced Salt/Sugar,Masterfoods,Name brand,Sauces & condiments,,,148.0,27.7,0.29,,0.5,0.6,,1
Harvest snaps baked pea crisps chilli,Calbee,Name brand,Chips & salty snacks,A,,86.0,0.7,0.11,0.9,3.5,4.0,,1
Extra Sugarfree Chewing Gum,Wrigley's,Name brand,Confectionery,,,,0.0,0.0,0.0,0.0,0.1,,1
CAD Twirl bar 39g,Cadbury,Name brand,Muesli & protein bars,E,4,534.0,56.4,0.2,19.0,7.7,,2,1
Sour ugh,Woolworths,Supermarket own brand,Bread,C,3,228.0,2.6,1.1,0.3,8.6,1.2,,1
Extra lean mince,Woolworths,Supermarket own brand,Meat & seafood,B,1,131.0,1.0,0.15,2.2,20.0,,,1
Smoked Chipotle,Kooee!,Name brand,Meat & seafood,E,3,323.0,9.0,4.45,4.0,49.3,,,1
Crumbed chicken breast tenders,Steggles,Name brand,Meat & seafood,C,,189.0,4.2,1.12,1.5,13.7,2.0,,1
Beanz and Sausages,Heinz,Name brand,Ready meals,D,,100.0,4.1,2.36,1.2,5.3,3.0,,1
Snack crackers,Sunbites,Name brand,Chips & salty snacks,C,,483.0,5.4,0.76,2.1,7.5,7.1,,1
Ice break,Parmalat,Name brand,Milk & alternatives,C,,47.0,6.7,0.06,0.7,2.3,,,1
Corn kernels,Edgell,Name brand,"Pasta, rice & grains",A,3,66.0,2.9,0.6,0.4,2.4,2.4,,1
Mongolian Beef,My Muscle Chef,Name brand,Ready meals,A,,121.0,4.2,0.77,0.4,12.3,1.6,,1
Coconut milk,Vitasoy,Name brand,Milk & alternatives,C,4,25.0,0.2,0.07,2.1,0.2,0.6,3,1
Sunrice Medium Grain Rice 1kg,SunRice,Name brand,"Pasta, rice & grains",C,1,355.0,1.0,0.01,1.0,6.9,1.0,,1
Smoked Tassie Salmon,Tassal,Name brand,Meat & seafood,D,4,208.0,2.0,2.83,2.4,23.6,,2,1
Mango Chutney,Bulla MURRAY st,Name brand,Spreads,D,,210.0,21.8,0.11,8.4,2.9,,,1
cinnamon donuts,Coles,Supermarket own brand,Biscuits & cakes,D,,268.0,16.7,1.19,3.3,5.0,,,1
Chocolate flavoured cream wafers,Corinthians,Name brand,Biscuits & cakes,E,4,468.0,40.0,0.53,7.7,3.7,2.3,2,1
Sauce satay,Ayam,Name brand,Sauces & condiments,D,3,242.0,7.0,0.7,3.4,6.9,,,1
Cadbury Crunchie Sharepack 180G imp,Cadbury,Name brand,Muesli & protein bars,E,4,460.0,67.3,0.78,9.3,2.5,0.0,3,1
OvenBake 6 Original Crumb Wild Caught Fish Fillets,Birds Eye,Name brand,Meat & seafood,A,4,221.0,0.6,0.63,0.9,12.5,1.0,,1
Creamy Chicken and Veg Soup,La Zuppa,Name brand,Ready meals,C,3,32.0,0.2,0.83,0.2,2.2,1.6,,1
basmati rice,Woolworths,Supermarket own brand,"Pasta, rice & grains",C,1,339.0,1.0,0.01,1.0,7.3,1.0,,1
Tim Tam Original family pack,Arnott's,Name brand,Biscuits & cakes,E,4,524.0,45.9,0.4,15.3,4.4,1.6,4,1
wholemeal & barley Bread,Helga's,Name brand,Bread,A,4,,2.8,0.95,1.0,10.0,13.1,3,1
Super Soft Sesame Hot Dog Rolls,Coles,Supermarket own brand,Bread,C,,253.0,2.1,0.82,0.4,8.2,,,1
Countrt White Sourdough,Sonoma,Name brand,Bread,C,1,219.0,0.1,1.25,0.4,6.9,,,1
Scorched Almonds,Nestle,Name brand,Confectionery,E,4,525.0,50.0,0.16,12.9,9.6,,3,1
Southern Style Chicken Breast Burger,Steggles,Name brand,Meat & seafood,C,,188.0,2.7,1.6,1.7,12.8,1.1,,1
LeSnak,Uncle Tobys,Name brand,Chips & salty snacks,E,,391.0,4.5,1.99,12.3,11.4,2.7,,1
Colby Slices,Woolworths,Supermarket own brand,Cheese,D,3,381.0,4.8,1.63,21.9,23.8,,,1
Australian pistachio roasted ang salted,,Unknown,Chips & salty snacks,C,3,607.0,5.3,1.06,5.3,23.3,,,1
Butter Chicken,Coles,Supermarket own brand,Meat & seafood,B,4,81.0,1.7,0.19,3.1,7.3,0.3,3,1
Pepsi,Pepsi,Name brand,Soft drinks & juice,E,,44.0,10.9,0.0,0.0,0.0,,,1
soft wholemeal sandwich loaf,Woolworths,Supermarket own brand,Bread,A,4,239.0,3.0,0.95,0.2,9.5,5.9,2,1
Chobani greek yoghurt,Chobani,Name brand,Yoghurt,A,3,56.0,3.3,0.08,0.1,9.3,,,1
Sea Salt and Vinegar with cider vinegar,Kettle,Name brand,Chips & salty snacks,D,4,,1.9,1.8,2.2,5.9,4.1,,1
Chobani Fit Vanilla,Chobani,Name brand,Yoghurt,A,,58.0,3.1,0.09,0.1,9.6,,,1
Buttery natirally contains Omega 6 and vitamin e,Flora,Name brand,Spreads,D,4,598.0,1.0,0.89,16.3,1.0,,5,1
Leggos Passata Sauce Classic Tomato,Leggo’s,Name brand,Sauces & condiments,A,3,,4.0,0.59,0.1,1.6,2.3,,1
Arnott's Kingston Biscuits 200G,Arnotts,Name brand,Biscuits & cakes,E,4,500.0,43.6,1.37,16.5,4.5,3.0,4,1
Berry salad,The Natural Confectionary Company,Name brand,Confectionery,E,,347.0,59.0,0.07,,0.0,,,1
Chicken schnitzel garlic and herb crumb,Coles,Supermarket own brand,Meat & seafood,A,4,177.0,3.0,0.84,1.0,14.6,1.4,8,1
Mozzarella,La Casa Del Formaggio,Name brand,Cheese,C,3,302.0,1.0,0.85,15.0,24.8,,,1
noya cashew nut butter,Noya,Name brand,Spreads,A,,607.0,6.7,0.02,9.7,20.7,7.7,,1
Roasted Fav-va beans,the happy snack company,Name brand,"Fruit, veg & legumes",A,3,440.0,1.3,0.88,1.6,27.2,7.4,,1
Coles Australian lactose free Lite Milk,Coles,Supermarket own brand,Milk & alternatives,B,3,45.0,5.0,0.09,0.9,3.2,0.0,,1
Ramen Wok-ready noodles,Wokka,Name brand,"Pasta, rice & grains",A,,121.0,0.3,0.06,0.2,5.5,,,1
Crispy Broccoli Florets,DJ&A,Name brand,"Fruit, veg & legumes",D,,454.0,32.2,0.55,13.5,8.7,32.0,,1
YoPRO Salted Caramel,Danone,Name brand,Yoghurt,A,,59.0,3.4,0.22,0.3,10.0,,,1
Zucchini and almond flats,Fine Fettle,Name brand,Chips & salty snacks,D,,,7.1,1.39,3.1,18.4,22.1,,1
Crunchy Cornflakes,,Unknown,Breakfast cereals,C,,375.0,4.7,0.48,0.1,8.2,,,1
firm & sweet honey soy tofu,Macro,Supermarket own brand,"Fruit, veg & legumes",A,4,153.0,4.7,0.97,1.2,14.4,3.3,1,1
Bulla Creamy Classics Vanilla 2L,Bulla,Name brand,Ice cream & desserts,D,4,200.0,19.8,0.11,7.0,3.3,,4,1
Stone Baked Pani  Di Casa Toast,Coles Bakery,Supermarket own brand,Bread,C,3,228.0,2.4,1.05,0.3,8.0,2.8,,1
Finest sourdoung dark bread,Coles Finest,Supermarket own brand,Bread,B,4,236.0,3.3,1.73,0.2,9.3,7.8,1,1
Mayver's protien + peanut butter,Mayver’s,Name brand,Spreads,C,1,560.0,7.0,0.99,5.5,32.0,9.0,,1
Greek Style Fetta Sharp & Crumbly,South Cape,Name brand,Cheese,E,,320.0,1.0,3.88,18.7,19.9,,,1
Wild caught sardines in tomato sauce,Deep Cove,Name brand,Meat & seafood,A,,108.0,1.7,0.33,1.2,18.1,,,1
Vanilla Slice,Coles,Supermarket own brand,Sauces & condiments,D,4,294.0,21.0,0.26,7.3,2.6,1.5,19,1
Basa Fillets,Woolworths,Supermarket own brand,Meat & seafood,A,,66.0,0.1,0.8,0.5,12.5,0.0,,1
Hollandaise sauce,Gravox,Name brand,Sauces & condiments,C,,85.0,1.3,1.25,3.5,0.7,,,1
Munch,thinkfood,Name brand,Muesli & protein bars,E,3,564.0,22.0,0.55,5.6,24.0,2.9,,1
Black Swan Hommus Dip,Black Swan,Name brand,Spreads,C,4,237.0,3.0,1.02,1.0,6.0,,6,1
Coleslaw,Woolworths,Supermarket own brand,Chips & salty snacks,C,,105.0,9.1,0.56,0.4,1.1,2.3,,1
Birthday Cake Flavoured Yoghurt,Pauls,Name brand,Yoghurt,C,,90.0,9.1,0.11,2.0,4.0,,,1
Carmans Birthday Cake,Carman's,Name brand,Muesli & protein bars,D,,377.0,11.7,0.12,4.3,9.7,,,1
Tasty Cheddar,Coles,Supermarket own brand,Cheese,D,3,407.0,0.4,1.75,23.6,24.4,0.4,,1
Frozen Mixed Berries,Woolworths,Supermarket own brand,"Fruit, veg & legumes",A,1,41.0,6.9,0.01,0.7,0.7,3.8,,1
Go Natural Snack Bar - Almond & Cashew,Go Natural,Name brand,Muesli & protein bars,D,4,501.0,21.5,0.0,4.9,16.4,,,1
Pite Bites Sweet Chilli,Olina's Bakehouse,Name brand,Bread,D,4,,6.1,1.97,2.9,11.5,,,1
Praise 99% Fat Free mayo,Praise,Name brand,Sauces & condiments,C,1,,20.9,0.72,0.1,0.5,,,1
Heinz Garlic Aioli,Heinz,Name brand,Sauces & condiments,E,4,,,,,,,4,1
Coleslaw dressing 330ml,Praise,Name brand,Sauces & condiments,E,4,358.0,16.5,2.12,5.0,5.0,,4,1
Thousand Island sauce,Praise,Name brand,Sauces & condiments,E,4,263.0,21.5,2.38,5.0,5.0,,6,1
Masterfood Wholegrain Mustard,Masterfoods,Name brand,Sauces & condiments,E,4,168.0,4.0,5.2,2.0,8.0,,,1
Chick Peas,Coles,Supermarket own brand,"Fruit, veg & legumes",B,3,0.0,1.0,0.45,1.0,6.6,4.8,,1
Blue Ribbon 3 in 1 ice cream,Unilever,Name brand,Ice cream & desserts,D,4,178.0,17.8,0.11,4.9,3.3,,7,1
McCain Superfries,McCain,Name brand,"Fruit, veg & legumes",A,,141.0,0.2,0.07,0.3,3.3,2.2,,1
Bulla Cottage Cheese Onion & Chives,Bulla,Name brand,Cheese,B,,84.0,4.3,0.79,1.3,11.9,,,1
Garlic & Herb 4 Chicken Schnitzels,Woolworths,Supermarket own brand,Meat & seafood,C,4,202.0,3.4,1.28,1.9,11.9,2.3,,1
Chicken Breast Fillet coated with Ciabatta and Parsley Crumb,Ingham's,Name brand,Meat & seafood,A,,196.0,2.9,0.94,1.0,17.4,,,1
Chicken Breast,Don's,Name brand,Meat & seafood,D,4,108.0,1.7,2.21,1.7,15.0,0.0,8,1
Chicken tenders sweet chilli,Coles,Supermarket own brand,Meat & seafood,B,,171.0,2.4,1.09,1.0,16.0,,,1
Crumbed Chicken breast nuggets,Coles,Supermarket own brand,Meat & seafood,A,,198.0,2.3,0.38,1.3,11.6,,,1
,The Natural Confectionary Company Ltd,Name brand,Confectionery,D,,344.0,51.0,0.0,1.0,2.0,,,1
Picnic Sharepack,Cadbury,Name brand,Confectionery,E,,513.0,46.7,0.37,12.7,6.7,,,1
Great Start 5 Grain & Seeds,Woolworths,Supermarket own brand,"Pasta, rice & grains",A,4,,10.5,0.33,1.6,12.2,10.0,1,1
Red Kidney Beans,Macro,Supermarket own brand,"Fruit, veg & legumes",A,1,106.0,0.1,0.15,0.1,8.0,9.7,,1
Mini frozen yoghurt,Bulla,Name brand,Ice cream & desserts,C,4,125.0,18.1,0.13,2.2,4.2,,10,1
Macaroni Pasta,Woolworths,Supermarket own brand,"Pasta, rice & grains",A,,360.0,3.0,0.01,0.4,13.0,3.8,,1
Soup of the day,,Unknown,Ready meals,C,,41.0,3.1,0.69,0.6,1.0,1.4,,1
Rainbow shredded coleslaw,Woolworths,Supermarket own brand,Ready meals,B,,37.0,4.9,0.25,1.3,2.1,3.5,,1
Black Forest,Cadbury,Name brand,Confectionery,E,4,511.0,56.0,0.22,16.4,6.8,,8,1
Comm co Bbq sauce sqz 500ml,,Unknown,Sauces & condiments,E,4,218.0,46.5,2.45,0.5,0.5,5.0,5,1
Fount Sweet chilli sauce,Fountain,Name brand,Sauces & condiments,E,4,205.0,44.5,2.81,0.0,1.0,,1,1
Masterfood Satay merinade 375g,Masterfoods,Name brand,Sauces & condiments,E,4,,,,,,,2,1
Msterfood Mint Jelly,Masterfoods,Name brand,Sauces & condiments,E,4,,56.5,0.33,0.0,0.0,,4,1
Gravox Gravy Traditional in box 425g,Gravox,Name brand,Sauces & condiments,C,,26.0,0.1,1.54,0.0,0.8,,,1
Lightly salted,The Natural Chip Co.,Name brand,Chips & salty snacks,D,3,504.0,0.4,0.93,2.4,6.8,4.0,,1
Sour cream & Chives chips,The natural chips co,Name brand,Chips & salty snacks,E,,540.0,4.0,1.68,15.6,6.4,2.8,,1
Apple Puree,Woolworths,Supermarket own brand,Ice cream & desserts,B,,316.0,13.4,0.0,0.1,0.3,,,1
Sunrice Basmati rice 1kg,Sun Rice,Name brand,"Pasta, rice & grains",E,,359.0,1.4,17.86,1.4,8.9,1.4,,1
Fantastic Noodles Cup Beef,Fantastic,Name brand,"Pasta, rice & grains",C,4,,,,,,,10,1
CAD Old gold rhum raisin big size 315g,Cadbury,Name brand,Confectionery,E,,,56.3,0.1,15.3,6.0,,,1
CAD Caramilk Breakaway,Cadbury,Name brand,Muesli & protein bars,E,4,564.0,50.5,0.25,20.4,5.8,,3,1
Meadowlea Original Canola Butter,Meadow Lea,Name brand,Spreads,E,4,529.0,0.1,14.99,15.3,0.1,0.0,5,1
Nonna's spaghetti bolognese 300g pack,Youfoodz,Name brand,Ready meals,B,4,132.0,3.0,0.69,1.6,8.5,1.8,10,1
High in fibre sandwich loaf,Coles,Supermarket own brand,Bread,A,4,242.0,0.8,0.79,1.3,10.8,9.3,,1
Summer fruit blend,Woolworths,Supermarket own brand,"Fruit, veg & legumes",A,,67.0,13.2,0.01,0.7,0.7,2.4,,1
Clear Honey Square Jar,Capilano,Name brand,Spreads,E,2,340.0,82.7,0.04,,0.0,,,1
Creamy Tomato Soup,Heinz,Name brand,Ready meals,C,4,,5.7,0.85,0.6,0.8,,2,1
Pasta Sauce Bolognese,dolmio,Name brand,Sauces & condiments,A,4,47.0,5.5,0.78,0.1,1.7,,,1
Smooth Peanut butter,Woolworths,Supermarket own brand,Spreads,C,4,612.0,8.9,1.0,6.9,22.3,,1,1
KitKat packed with Milo,Nestle,Name brand,Muesli & protein bars,E,4,536.0,47.0,0.2,16.9,6.6,,3,1
SOLO 1.25L,Solo,Name brand,Soft drinks & juice,E,4,,11.5,0.05,0.0,0.1,,5,1
Sprite 2L,Coca-Cola,Name brand,Soft drinks & juice,D,4,21.0,4.9,0.02,0.0,0.0,0.0,4,1
TimTam - Caramel & vanille,ArnottsTimTam,Name brand,Biscuits & cakes,E,4,,46.8,0.48,13.7,4.7,0.0,4,1
Whole Peeled Tomatoes,Ardmona,Name brand,"Fruit, veg & legumes",A,,30.0,3.0,0.02,0.1,1.1,1.0,,1
Chobani Fit Raspberry Pouch,Chobani,Name brand,Yoghurt,A,,59.0,3.3,0.09,0.1,9.6,0.1,,1
CAD CARML KOALA GIANT 35GM,Cadbury,Name brand,Muesli & protein bars,E,4,501.0,53.4,0.32,16.0,6.2,,3,1
Ricotta,Perfect Italiano,Name brand,Cheese,C,3,,3.6,0.46,6.9,8.7,,2,1
LGOBL BLISS NCRML75GM,Lolly Gobble,Name brand,Confectionery,E,4,440.0,50.2,0.0,9.0,3.8,,3,1
Tasty Toobs 150g,Smith's,Name brand,Chips & salty snacks,E,,,3.4,2.75,2.6,6.4,2.7,,1
Feta & Spinach Gozleme,The Gozleme Brothers,Name brand,Cheese,D,,237.0,0.2,1.97,5.6,10.6,,,1
,Tamar Valley,Name brand,Yoghurt,C,4,93.0,3.2,0.08,4.6,3.6,,,1
Smarter white milk,Pauls,Name brand,Milk & alternatives,B,1,54.0,5.3,0.1,1.3,3.8,,,1
Australian Sweet Potato Chips,Coles,Supermarket own brand,Chips & salty snacks,B,4,150.0,8.9,0.12,1.0,1.0,4.8,5,1
Full Cream Milk Powder,Woolworths,Supermarket own brand,Milk & alternatives,C,4,,,,,,,1,1
Brioche Burger Buns,Coles,Supermarket own brand,Bread,D,,320.0,10.4,0.77,3.4,10.8,2.0,,1
Sarsaparilla,Bundaberg Brewed Drinks Pty Ltd,Name brand,Soft drinks & juice,E,4,48.0,11.8,0.03,0.3,0.3,,4,1
Sour patch kids berry flavoured sweets,Sour Patch Kids,Name brand,Confectionery,E,,366.0,62.0,0.07,0.0,0.0,,,1
Green Pea Pasta,Metro Food,Name brand,"Pasta, rice & grains",A,1,374.0,5.5,0.04,0.2,22.0,10.0,,1
Portuguese Chicken with Sesame Sweet Potato & Broccoli,Fitness Outcomes,Name brand,Meat & seafood,A,3,104.0,3.7,0.35,0.2,12.6,1.9,,1
Crunchy clusters almond & vanilla,Woolworths,Supermarket own brand,Breakfast cereals,C,4,429.0,15.1,0.22,1.8,9.3,9.3,1,1
Leggos Passata Sauce Herb and Basil,Leggos,Name brand,Sauces & condiments,A,3,,4.1,0.62,0.1,1.7,1.8,,1
Cheese and Bacon Pizza Pockets,McCain,Name brand,Ready meals,D,4,270.0,3.8,1.15,4.6,9.7,,14,1
Haloumi,Lemnos,Name brand,Cheese,E,,283.0,3.3,4.3,17.0,18.0,,,1
Cor de Coco,Cor De Coco,Name brand,Milk & alternatives,C,4,,6.5,0.1,0.9,0.5,,2,1
Mediterranean cous cous,Heart and soul,Name brand,Ready meals,A,,365.0,5.1,0.08,0.9,12.1,5.5,,1
Custard Chocolate,Pauls,Name brand,Ice cream & desserts,C,,94.0,12.3,0.07,1.1,3.6,,,1
Freddo Sharepack,Cadbury,Name brand,Confectionery,E,,536.0,55.8,0.21,18.3,8.3,,,1
Coles Organic Smooth Peanut butter,Coles,Supermarket own brand,Spreads,B,,,5.0,0.06,10.0,26.0,7.0,,1
crackers,Coles,Supermarket own brand,Chips & salty snacks,D,3,,2.8,1.63,4.4,10.3,4.9,2,1
Sliced Water Chestnuts,Coles,Supermarket own brand,"Fruit, veg & legumes",B,1,30.0,2.5,0.0,1.6,1.6,1.6,,1
Coles chicken mince,Coles,Supermarket own brand,Meat & seafood,A,,107.0,0.1,0.1,0.1,22.5,0.1,,1
Sugar Free Gummybears,Double D,Name brand,Confectionery,A,4,204.0,0.2,0.03,0.0,6.0,0.0,5,1
Soft Multigrain Sandwich Loaf,Coles,Supermarket own brand,Bread,B,4,253.0,2.9,0.23,1.0,9.1,,3,1
Macro Organic Rice Milk,Macro,Supermarket own brand,Milk & alternatives,D,3,55.0,3.6,0.17,0.1,0.6,0.5,,1
Perfect Pizza,Perfect Italiano,Name brand,Cheese,D,4,330.0,4.0,1.54,16.0,26.4,,2,1
Miranda's Delight Mylk Chocolate Bar,Health Lab,Name brand,Muesli & protein bars,E,4,,24.0,0.05,23.4,4.7,2.9,2,1
Greek Style Fetta Reduced Fat,South Cape,Name brand,Cheese,E,,275.0,0.1,4.03,13.4,25.1,,,1
gourmet clusters honey roasted nut,carmans,Name brand,Breakfast cereals,C,4,442.0,16.0,0.15,2.0,9.3,6.7,,1
Peppercorn steak,My Muscle Chef,Name brand,Ready meals,A,,164.0,2.9,0.67,2.4,14.2,1.4,,1
,,Unknown,"Fruit, veg & legumes",A,1,,,,,,,,1
,,Unknown,Muesli & protein bars,,,380.0,14.5,0.22,1.5,,13.4,,1
Australian Sweet Sliced Gherkins,Three Threes,Name brand,Sauces & condiments,D,4,378.0,17.2,1.81,2.0,2.0,,3,1
Traditional Pesto,Roza’s,Name brand,Sauces & condiments,,,520.0,1.0,,5.0,3.5,,,1
Caesar salad kit,Woolworths,Supermarket own brand,Ready meals,C,4,169.0,2.6,1.23,3.6,7.3,2.2,13,1
Plain Flour,,Unknown,"Pasta, rice & grains",,,353.0,3.5,,0.3,10.0,,,1
Lifesavers Mixed Sherbet Fizz Sticks,Lifesavers,Name brand,Confectionery,D,,352.0,45.6,0.27,4.0,10.8,,,1
Choc Hazelnut Spread Flavour Real Ice Cream,Bulla,Name brand,Ice cream & desserts,,4,199.0,19.6,,7.2,3.4,,3,1
Kelloggs Sultana Bran One Point Thirty Two Kilogram VALUE PA,Kellogg's,Name brand,"Pasta, rice & grains",C,,345.0,28.4,0.65,0.7,9.6,15.1,,1
Mars bar,Mars,Name brand,Muesli & protein bars,,4,,,,,,,1,1
Wonka's Nerds Grape and Strawberry 45G Box,Nerds,Name brand,Muesli & protein bars,D,,400.0,90.0,0.01,1.0,1.0,,,1
Pure Tassie,Pure Tassie,Name brand,Soft drinks & juice,A,4,,21.4,0.01,0.1,1.0,0.5,,1
Fettucine,Slender,Name brand,"Pasta, rice & grains",A,1,117.0,1.8,0.01,0.6,14.7,8.3,,1
Thin rice wok ready noodles,Kan Tong,Name brand,"Pasta, rice & grains",,3,137.0,,,,2.0,,1,1
Pennette Rigate Pasta,Zafarelli,Name brand,"Pasta, rice & grains",,,361.0,2.5,,0.5,11.5,4.0,,1
Sweet Snacking Tomatoes,Blueys,Name brand,"Fruit, veg & legumes",,1,,,,,,,,1
Zingy Mix,Bhuja,Name brand,Chips & salty snacks,E,,504.0,10.7,1.76,8.0,15.3,2.9,,1
Light tuna onion and tomato,John West,Name brand,Meat & seafood,,4,,,,,,,1,1
Pepsi 1.25,Pepsi,Name brand,Soft drinks & juice,,4,111.0,27.3,,0.0,0.0,,2,1
Pad Thai,Plantry,Name brand,Ready meals,C,,174.0,6.5,1.09,2.2,6.3,1.0,,1
Cup A Soup Pepper Steak & Mushroom With Croutons Serves 2,Continental,Name brand,Ready meals,,4,41.0,1.1,0.66,0.7,0.5,0.1,1,1
French Onion Soup Mix,Coles,Supermarket own brand,Ready meals,,4,,0.4,0.28,,0.4,0.4,4,1
Cadbury Favourites,Cadbury,Name brand,Confectionery,E,4,491.0,54.0,0.34,14.8,4.4,,19,1
Chocolate Bavarian,Sara Lee,Name brand,Ice cream & desserts,E,4,304.0,24.7,3.53,7.5,3.7,,7,1
Chewy chic chip,Uncle Tobys,Name brand,Muesli & protein bars,D,4,389.0,17.3,0.1,4.2,7.0,,5,1
Sshmallows,Sshmallows,Name brand,Confectionery,,4,340.0,0.0,,0.4,0.4,,2,1
Almond Unsweetened,Sanitarium,Name brand,"Fruit, veg & legumes",,,16.0,0.1,,0.1,0.6,,,1
Boysenberry Cheesecake ice cream,,Unknown,Ice cream & desserts,,,135.0,13.6,,7.3,1.1,,,1
Veg twist,Vetta,Name brand,"Pasta, rice & grains",,1,356.0,1.8,,0.4,12.6,,,1
Ginger - Lightly Dried,Gourmet Garden,Name brand,Sauces & condiments,,3,229.0,8.9,0.01,0.6,4.2,0.0,1,1
Que cola,Coles,Supermarket own brand,Soft drinks & juice,E,4,44.0,10.7,0.01,0.0,0.0,0.0,2,1
Snackles Marshy Mellow,Noshu,Name brand,Muesli & protein bars,D,,373.0,3.2,0.35,17.3,1.8,,,1
Gourmet Vegetable Korma Curry,Herbert Adams,Name brand,Ready meals,D,4,234.0,2.6,0.84,6.3,4.3,,11,1
Strawberries & Cream,fabulous savings plus,Name brand,Confectionery,,4,,,,,,,4,1
Gravox roast chiken with herb family pack,Gravox,Name brand,Sauces & condiments,,,38.0,1.9,,0.5,1.4,,,1
Gravox Gravy Traditional in can 120g,Gravox,Name brand,Sauces & condiments,,4,,3.7,0.65,0.3,2.4,2.1,2,1
O/E Paso TACO R/salt Seasoning 30g,Old El Paso,Name brand,Sauces & condiments,,4,333.0,33.3,10.0,3.3,6.7,,3,1
Gourmet porridge sachet,Garman’/,Name brand,Breakfast cereals,A,,414.0,1.2,0.01,1.8,14.2,9.9,,1
White Bread Low GI,Wonder White,Name brand,Bread,B,,710.0,1.5,0.3,1.0,7.8,7.0,,1
Stone baked pizza bases,turkish bakeries,Name brand,Bread,A,3,193.0,1.1,0.85,1.1,6.4,4.0,,1
Low GI 7 Seeds and Grains Vienna,Coles,Supermarket own brand,Bread,A,4,,2.0,0.74,1.4,13.8,8.3,,1
Turkish rolls,Helga's,Name brand,Bread,A,,246.0,3.4,1.0,1.0,8.1,3.7,,1
Whole Soybean & Linseed Sourdough,Sonoma,Name brand,Bread,B,,235.0,0.7,1.06,0.4,9.5,,,1
Gluten Free White Bread,Tiptop,Name brand,Bread,A,4,224.0,3.5,0.75,0.6,4.1,6.6,2,1
Soft white toast,Woolworths,Supermarket own brand,Bread,A,,253.0,3.1,1.0,1.5,8.9,5.0,,1
SUPER SOFT JUMBO ROUND ROLLS 6pk SC,Coles,Supermarket own brand,Bread,A,4,311.0,1.0,0.91,0.5,10.1,3.4,,1
Garlic bread,Woolworths,Supermarket own brand,Chips & salty snacks,D,4,312.0,3.6,1.49,5.2,7.3,2.8,5,1
Low Carb Loaf,Vitality Bakehouse Homestyle,Name brand,Bread,A,4,236.0,0.9,0.66,1.1,20.7,11.4,,1
Raisin toast,Mighty Soft,Name brand,Bread,C,4,297.0,19.1,0.68,1.4,8.3,3.8,3,1
Free from gluten white corn tortillas,Woolworths,Supermarket own brand,Bread,A,,234.0,10.0,0.22,0.5,5.5,4.5,,1
6 mini hot dog brioche buns,Toscano,Name brand,Bread,D,,342.0,8.2,1.17,1.6,8.2,,,1
Sprite,Sprite,Name brand,Soft drinks & juice,,,21.0,4.9,,0.0,0.0,0.0,,1
Salmon Fillets,John West,Name brand,Meat & seafood,A,,,1.0,0.08,2.5,20.5,,,1
Home style tomato sauce,Wattie’s,Name brand,Sauces & condiments,,,126.0,26.0,,,1.0,,,1
Cracked Pepper Crackers,Ritz,Name brand,Chips & salty snacks,E,,500.0,8.0,1.59,11.0,6.5,,,1
Full cream milk powder,Diploma,Name brand,Milk & alternatives,,,28.0,5.2,4.0,2.7,0.0,,,1
Cherry bocconcini,Woolworths,Supermarket own brand,Cheese,C,4,259.0,1.0,0.36,13.9,18.7,,2,1
Birds eye steam fresh fried rice,Birds Eye,Name brand,"Pasta, rice & grains",B,,133.0,2.0,0.37,0.7,3.5,,,1
Nothing but orange,Nudie,Name brand,Soft drinks & juice,B,1,,7.6,0.01,1.0,1.0,1.0,,1
Orange with Pulp,Impressed,Name brand,Soft drinks & juice,C,1,,8.5,0.0,0.1,0.6,0.1,,1
Carman’s museli cookies,,Unknown,Biscuits & cakes,C,,447.0,14.6,0.21,5.8,5.4,11.2,,1
Mint cookies and cream,Nestlé,Name brand,Muesli & protein bars,E,4,531.0,50.8,0.24,16.4,6.9,,4,1
Pink Himalayan,Saxa,Name brand,Sauces & condiments,,,,,,,,,,1
garlic,Fresh produce,Name brand,Sauces & condiments,A,1,,,,,,,,1
Activia probiotics vanilla,Danone,Name brand,Ice cream & desserts,B,4,79.0,5.1,0.18,2.5,4.9,,4,1
Salted Cashews,Woolworths,Supermarket own brand,Chips & salty snacks,,3,,5.3,1.0,,16.3,5.7,,1
Cashew Parmesan,Dairy Free Down Under,Name brand,Cheese,C,3,543.0,6.2,1.39,7.4,22.5,,,1
Spring Onion & Chive Cheese,Coles,Supermarket own brand,Cheese,D,3,329.0,3.5,0.91,20.6,8.4,1.0,2,1
skittles,Skittles,Name brand,Confectionery,D,3,,,,,,,,1
Jubes,Pascall,Name brand,Confectionery,,4,351.0,52.7,,1.0,2.2,0.0,7,1
Deli style Olive oil vinaigrette,Praise,Name brand,Sauces & condiments,D,4,299.0,5.0,2.06,5.0,5.0,,2,1
Hard set chocolate topping,Woolworths,Supermarket own brand,Sauces & condiments,,3,636.0,42.9,,33.1,3.6,,,1
Organic tri colour quinoa,Wellness Road,Name brand,"Pasta, rice & grains",,,0.0,2.1,0.01,,12.7,8.4,,1
Zesty Lemon Juice,Woolworths,Supermarket own brand,Soft drinks & juice,B,,29.0,2.0,0.03,1.0,1.0,,,1
Original Pancake Shaker,Woolworths,Supermarket own brand,Biscuits & cakes,,4,,16.7,0.0,0.1,4.0,0.0,4,1
Choc hazelnut spread,Woolworths,Supermarket own brand,Spreads,E,4,565.0,54.2,0.02,7.1,3.5,1.8,1,1
Lil’ Pizzas Ham & Cheese,McCain,Name brand,Ready meals,D,,241.0,5.0,5.0,4.5,11.7,,,1
Aussie Oat Clusters Choc Milkshake,Carman's,Name brand,Breakfast cereals,C,4,402.0,20.3,0.07,2.8,8.1,10.0,2,1
Weight Watchers Chilli Con Carne,Weight watchers,Name brand,Ready meals,B,,109.0,2.4,0.73,1.1,5.1,,,1
Certified Organic Coconut Milk,Macro,Supermarket own brand,Milk & alternatives,,,176.0,1.9,,15.4,0.7,,,1
Greek Yogurt Blueberry,Chobani,Name brand,Yoghurt,,,75.0,9.6,,0.1,7.7,,,1
Double choc biscuits,Woolworths,Supermarket own brand,Biscuits & cakes,E,4,505.0,40.0,0.11,11.0,5.0,,1,1
Seeded Snackers Chilli and Lime,Olina's,Name brand,Chips & salty snacks,C,4,450.0,3.6,1.13,3.2,22.0,20.0,3,1
Sizzling meatlovers,Arnott's,Name brand,Chips & salty snacks,D,4,457.0,7.5,2.24,2.0,9.0,4.0,3,1
Sustain Original,Kellogg's,Name brand,Breakfast cereals,A,,370.0,21.5,0.2,1.0,8.0,6.5,,1
Lactose free camembert,Unicorn,Name brand,Cheese,B,3,58.0,0.2,0.3,3.5,3.3,0.0,,1
Sliced Smoked Salmon,Ocean Blue,Name brand,Meat & seafood,B,3,82.0,,1.46,0.4,10.7,,,1
KitKat Dark with Southern Australian Orange,Nestle,Name brand,Muesli & protein bars,,,512.0,50.5,,14.8,5.2,,,1
Maltesers chocolate,Maltesers,Name brand,Biscuits & cakes,E,4,,55.4,0.27,14.1,6.3,0.0,5,1
Gluten free Lebanese bread,,Unknown,Bread,C,,275.0,6.9,1.12,0.3,5.9,,,1
M&M's,M&M,Name brand,Confectionery,E,,,66.0,0.15,12.0,4.8,,,1
Maple syrup,Queen,Name brand,Ice cream & desserts,B,4,51.0,0.0,0.5,0.0,0.0,1.0,8,1
Sultanas,sunbeam,Name brand,"Fruit, veg & legumes",,,345.0,71.2,,0.2,2.5,3.2,,1
12 Original Waffle Cones,Woolworths,Supermarket own brand,Ice cream & desserts,D,,407.0,31.4,0.01,2.9,7.1,,,1
Apple Fruit Drink,Woolworths,Supermarket own brand,Soft drinks & juice,,4,41.0,9.7,,0.0,0.0,,1,1
Organic Plain flour,Macro,Supermarket own brand,"Pasta, rice & grains",,,358.0,6.0,,0.4,9.2,2.0,,1
Black Rice,Sun Rice,Name brand,"Pasta, rice & grains",C,1,364.0,1.0,3.92,1.0,8.0,4.5,,1
Dijon Mustard,Woolworths,Supermarket own brand,Sauces & condiments,D,,148.0,2.7,2.6,1.0,7.2,0.0,1,1
Thai noodle soup - laska flavour,Trident,Name brand,"Pasta, rice & grains",,,72.0,0.6,1.3,0.4,1.4,,,1
Garlic Powder,Woolworths,Supermarket own brand,Sauces & condiments,A,1,,,,,,,,1
Cinnamon Ground,Woolworths,Supermarket own brand,Sauces & condiments,,,298.0,5.2,0.15,4.1,11.3,0.0,,1
Lite Aioli,Heinz,Name brand,Sauces & condiments,D,4,,5.8,1.86,2.7,1.5,,8,1
Choccy Caramels,Woolworths,Supermarket own brand,Biscuits & cakes,,4,,46.0,0.53,,4.6,,5,1
Choc Centre Cookie,Cadbury,Name brand,Biscuits & cakes,,4,513.0,39.2,,8.8,4.2,0.0,7,1
Concentrated Australian Tomato Paste,Woolworths,Supermarket own brand,"Fruit, veg & legumes",,,90.0,8.8,,,3.6,,,1
Dolmio Extra Pasta Sauce Italian Herb,Dolmio,Name brand,Sauces & condiments,A,4,,,,,,,1,1
Watties Tomato Sauce,Wattie’s,Name brand,Sauces & condiments,D,,135.0,29.3,2.42,0.0,0.7,,2,1
Red kidney beans,Edgell,Name brand,"Fruit, veg & legumes",,4,108.0,14.4,,0.8,10.3,1.5,2,1
Woolworths Steamed Brown Rice,Woolworths,Supermarket own brand,"Pasta, rice & grains",C,4,171.0,0.1,3.0,0.3,4.3,3.0,2,1
Organic Jasmine rice,Macro,Supermarket own brand,"Pasta, rice & grains",,,,0.5,,0.3,6.1,0.6,,1
Noodles with chicken flavor,,Unknown,"Pasta, rice & grains",,4,344.0,1.5,3.48,8.0,7.2,,4,1
Sultanas,Coles,Supermarket own brand,"Fruit, veg & legumes",C,3,267.0,59.0,0.02,0.0,2.6,3.3,,1
"Chicken Breast Steaks with Chilli, Garlic & Rosemary",Woolworths,Supermarket own brand,Meat & seafood,B,4,112.0,0.2,0.95,0.6,21.6,,3,1
Baked Beans in Tomato Sauce,Woolworths,Supermarket own brand,Ready meals,A,4,76.0,3.9,0.64,0.1,4.6,3.0,2,1
Goat Milk Whole Milk,Living Planet,Name brand,Milk & alternatives,B,1,,2.8,0.15,2.4,3.4,,,1
Oreo Golden,Oreo,Name brand,Biscuits & cakes,,4,,33.3,0.64,,4.2,,4,1
Dolmio extra garlic pasta sauce,Dolmio,Name brand,Sauces & condiments,,4,,5.2,0.79,,1.7,,,1
Halloumi,Lemnos,Name brand,Cheese,,,307.0,,,16.3,19.0,,,1
Roadhouse Steak Sauce,,Unknown,Sauces & condiments,C,4,,18.0,1.57,1.0,2.0,,1,1
,Lemnos,Name brand,Cheese,D,3,245.0,4.0,3.33,11.2,10.4,0.0,,1
OAT Crisp,Uncle Tobys,Name brand,Breakfast cereals,D,4,406.0,21.0,0.59,1.2,10.5,,,1
Farmhouse Gold Cream On Top,Paul’s,Name brand,Milk & alternatives,B,1,,4.8,0.1,3.1,3.4,,,1
San remo elbows 500g n.35,San Remo,Name brand,"Pasta, rice & grains",A,,365.0,2.5,0.03,0.5,12.0,,,1
Mud Cake Chocolate,Woolworths,Supermarket own brand,Biscuits & cakes,D,,0.0,34.2,0.62,4.8,3.8,2.2,,1
Bubblemint Extra White,Wrigley's,Name brand,Confectionery,,4,,,,,,,4,1
Marble Block,Cadbury,Name brand,Confectionery,,,544.0,,,,7.2,,,1
sweet mint,Wrigley's,Name brand,Confectionery,,,222.0,0.0,0.0,0.0,0.0,0.0,,1
Eclipse mints,Eclipse,Name brand,Confectionery,C,4,335.0,0.0,0.25,0.0,0.0,,5,1
Gluten Free Ricotta & Spinage Agnolotti,Latina Fresh,Name brand,Ready meals,C,,131.0,0.2,1.0,0.9,3.1,1.5,,1
Aeroplane Jelly - Port Wing 500g,Aeroplane Jelly Company,Name brand,Ice cream & desserts,C,4,63.0,14.3,0.08,0.8,1.1,,5,1
Cashew caramel,Pana Organic,Name brand,Spreads,E,,,44.3,0.05,6.2,7.4,,,1
Feta dairy free,Bio Cheese,Name brand,Milk & alternatives,E,,307.0,0.0,1.7,26.0,0.0,,,1
Vegan Kimchi Spicy,Keep it Cleaner,Name brand,"Fruit, veg & legumes",A,3,23.0,1.6,1.1,0.1,1.3,,,1
Creamy potato bacon,Continental,Name brand,Ready meals,,4,42.0,0.5,,0.7,0.5,,3,1
Continental Tasty Tomato Soup,Continental,Name brand,Ready meals,,4,40.0,3.1,0.66,0.2,0.5,,3,1
Harvest snaps Wasabi flavour,Carbee,Name brand,Chips & salty snacks,,,445.0,4.0,,4.5,18.5,14.0,,1
Dark choc cranberry and almond bar,Carmans,Name brand,Muesli & protein bars,C,,427.0,24.7,0.03,5.3,8.0,8.6,,1
Water chesnuts sliced,Woolworths,Supermarket own brand,"Fruit, veg & legumes",,,23.0,0.9,,0.1,0.5,,,1
Organic Tomato and Basil pasta sauce,Leggos,Name brand,Sauces & condiments,B,,40.0,1.9,0.58,0.2,1.7,,,1
Leggos organic tomato and garlic pasta sauce,Leggos,Name brand,Sauces & condiments,,,42.0,3.9,,0.2,1.7,,,1
Belgian chocolate,Woolworths,Supermarket own brand,Ice cream & desserts,D,,383.0,34.8,0.13,9.4,6.4,3.4,,1
"Bolognese with Bacon, Chunky Tomato & Herbs",Leggo's,Name brand,Sauces & condiments,,4,,,,,,,1,1
Shapes - Lamb & Rosemary,Arnott's,Name brand,Chips & salty snacks,D,4,,0.6,1.52,3.1,7.3,3.2,3,1
Pauls Chocolate Mousse,Pauls,Name brand,Ice cream & desserts,,4,,,,,,,4,1
Garamassala,G-Fresh,Name brand,Sauces & condiments,,1,,,,,,,,1
sweet mustard pickles,Three Threes,Name brand,Sauces & condiments,,4,,,,,,,1,1
Tandoori Spice Blend,Clive of India,Name brand,Sauces & condiments,,3,,,,,,,1,1
Lamb Rogan Josh,Beyond India,Name brand,Meat & seafood,B,3,,3.2,0.69,2.4,10.6,,1,1
dip,Red Rock Deli,Name brand,Sauces & condiments,,4,,,,,,,3,1
Pico Vegan Organic Hazelnut Milk,Pico,Name brand,Confectionery,E,3,588.0,38.0,0.05,20.0,5.0,10.0,,1
Tasmanian Premium Toppings Strawberry,Juicy Isle,Name brand,Ice cream & desserts,,4,296.0,73.2,,0.4,0.4,,4,1
Spanish style chicken and chorizo cooking sauce,Masterfoods,Name brand,Sauces & condiments,C,,55.0,6.4,0.95,0.1,1.7,,,1
Pitted prunes,Verity,Name brand,"Fruit, veg & legumes",,,214.0,43.6,,0.2,2.1,,,1
Creamed Corn,Edgell,Name brand,"Fruit, veg & legumes",B,4,60.0,3.9,0.52,0.1,1.0,,1,1
Sugarfree Double Choc Snackles,Noshu,Name brand,Muesli & protein bars,D,4,380.0,2.1,0.32,17.7,2.5,,6,1
Chicken & Sweet Corn Soup,Campbell's,Name brand,Ready meals,,4,,0.0,,0.1,,,,1
Impressed almond milk yoghurt,,Unknown,Milk & alternatives,B,,136.0,7.5,0.02,1.0,2.1,,,1
Large shells,San Remo,Name brand,"Pasta, rice & grains",A,,,2.5,0.07,0.5,12.0,3.0,,1
sunbeam gourmet selection mixed fruit,sunbeam,Name brand,"Fruit, veg & legumes",C,3,,64.9,0.16,1.2,2.6,5.6,,1
Choc chip muesli bars,Coles,Supermarket own brand,Muesli & protein bars,D,,410.0,20.9,0.02,3.9,7.4,,,1
Lindt Assorted,Lindt,Name brand,Confectionery,E,4,622.0,41.6,0.18,35.6,4.4,,,1
Mini Eggs,Cadbury,Name brand,Confectionery,E,4,493.0,69.4,0.17,12.3,4.1,,9,1
K-Time Twists Strawberry & Blueberry Flavour,Kelloggs,Name brand,Muesli & protein bars,C,4,,35.9,0.38,1.2,4.2,6.0,16,1
Cashnew Nuts,Oh So Natural,Name brand,"Fruit, veg & legumes",D,,583.0,6.0,12.5,8.3,19.1,1.3,,1
Iced coffee Double Espresso,Vitasoy,Name brand,Milk & alternatives,B,4,41.0,4.2,0.11,0.2,1.0,0.5,2,1
"Mozzarella, cheddar and pecorino",Woolworths,Supermarket own brand,Cheese,,,360.0,1.5,,17.0,25.9,,,1
Cheese slices,Dairylea,Name brand,Cheese,,,218.0,0.0,1.38,,18.9,,,1
Sour Patch Kids,Sour Patch,Name brand,Confectionery,D,4,368.0,61.9,0.03,1.0,1.0,,2,1
Vintage aged chedder,Brownes Dairy,Name brand,Cheese,,3,,1.0,,20.7,25.9,,,1
Mars Fun Size,Mars,Name brand,Confectionery,E,,451.0,57.5,0.31,8.1,3.1,,,1
Organic Baby Capers in brine,,Unknown,Sauces & condiments,D,,40.0,16.7,5.88,1.7,16.7,,,1
Parsley Dill and Tarragon Seafood Sauce,Birch & Waite,Name brand,Sauces & condiments,D,4,631.0,1.3,1.25,5.3,2.0,,1,1
Smoked Almonds,,Unknown,"Fruit, veg & legumes",D,,550.0,5.3,2.95,3.7,19.0,10.3,,1
Lemonade,Schweppes,Name brand,Soft drinks & juice,E,,45.0,10.8,0.05,0.0,0.0,,,1
Lemonade,,Unknown,Soft drinks & juice,,,1.0,0.0,,0.0,0.0,0.0,,1
Mars Pods,Mars,Name brand,Muesli & protein bars,E,,481.0,53.6,0.29,11.6,5.2,,,1
Middle bacon,Woolworths,Supermarket own brand,Meat & seafood,,,251.0,,,,15.1,,,1
Kiss confectionary,Kiss,Name brand,Confectionery,,,69.0,9.7,,1.0,0.4,,,1
Southern Style Wing Nibbles,Woolworths,Supermarket own brand,Meat & seafood,C,4,248.0,1.0,1.09,2.5,14.3,,4,1
Carrot Cake,Buonissimo Bakery,Name brand,Biscuits & cakes,E,4,407.0,34.5,0.57,6.8,5.3,,7,1
Thai spicy satay,Marion's Kitchen,Name brand,Sauces & condiments,,,120.0,,,2.0,2.7,,,1
Australian winter veg mix,Woolworths,Supermarket own brand,"Fruit, veg & legumes",A,,27.0,2.7,0.06,1.3,1.5,3.3,,1
Tuscan Chicken With Sauvignon Blanc,Herbert Adams,Name brand,Meat & seafood,,4,,1.5,0.73,,7.1,,11,1
Spaghetti,Heinz,Name brand,"Pasta, rice & grains",B,,61.0,3.5,0.74,0.0,1.9,,,1
Woolworths buttermilk tennessee chicken wing nibbles,Woolworths,Supermarket own brand,Meat & seafood,C,,236.0,1.0,0.84,4.2,13.3,1.2,,1
Gherkins,Royal Kerry,Name brand,"Fruit, veg & legumes",C,3,,0.6,2.28,,0.2,,,1
Strawberry jelly,Aeroplane,Name brand,Ice cream & desserts,C,,58.0,13.8,0.14,0.8,0.8,,,1
Woolworths Asian Salad Kit,Woolworths,Supermarket own brand,Ready meals,B,4,87.0,7.4,0.83,0.6,1.9,2.0,3,1
Macaroni Cheese,On The Menu,Name brand,Ready meals,C,4,,1.1,0.66,2.1,4.8,,6,1
Pear Slices in Natural Juice,Woolworths,Supermarket own brand,"Fruit, veg & legumes",A,1,,10.2,0.01,0.1,0.2,1.1,1,1
Lindit limited edition assortment,Lindt,Name brand,Confectionery,E,4,,41.1,0.15,35.0,4.8,,1,1
Pure apple,,Unknown,"Fruit, veg & legumes",,,390.0,73.0,,0.0,2.0,9.0,,1
Super Vegan Sri Lankan Curry,Super Nature,Name brand,Ready meals,A,4,77.0,2.4,0.34,1.3,3.3,2.3,4,1
Mega Minty Moments,Darrell Lea,Name brand,Muesli & protein bars,E,4,484.0,67.5,0.06,14.0,4.4,,7,1
Pineapple,Creative Gourmet,Name brand,"Fruit, veg & legumes",,,1.0,0.9,,0.1,0.5,0.4,,1
Pulse Pasta Spaghetti Peas Lentils Chickpeas,San Remo,Name brand,"Pasta, rice & grains",A,1,361.0,1.4,0.01,1.0,21.4,7.8,,1
Beef jerky original,Local Legends,Name brand,Meat & seafood,D,,258.0,21.0,19.8,1.0,35.4,,,1
KitKat Chunky Gooey Caramel,Nestle,Name brand,Muesli & protein bars,E,,514.0,52.8,0.09,17.1,6.5,,,1
Crunchie 12 Treat Size,Cadbury,Name brand,Muesli & protein bars,E,4,,65.9,0.56,11.4,3.0,,3,1
Cherry Ripe,Cadbury,Name brand,Confectionery,,4,478.0,47.9,,20.0,0.0,0.0,8,1
Vegemite,Mondelez International,Name brand,Spreads,A,4,191.0,2.2,1.65,0.1,25.4,7.8,1,1
gluten-free Spaghetti,San Remo,Name brand,"Pasta, rice & grains",A,3,354.0,2.0,0.03,0.5,8.0,1.1,,1
4 Leaf salad,Coles,Supermarket own brand,Ready meals,A,,18.0,2.0,0.18,2.0,2.4,2.0,,1
Peas,McCain,Name brand,"Fruit, veg & legumes",,1,85.0,6.0,,0.2,5.5,5.0,,1
Tomato juive,Golden Circle,Name brand,Soft drinks & juice,B,4,20.0,2.1,0.44,0.0,8.0,2.2,,1
Spiced Roasted Carrot & Turmeric Dip,Down 2 Earth,Name brand,Sauces & condiments,,4,,,,,,,4,1
Milo,Nestlé,Name brand,Soft drinks & juice,,4,69.0,8.8,0.2,0.6,4.5,,1,1
Condensed Tomato Soup,Campbells,Name brand,Ready meals,A,4,,5.1,0.86,0.1,0.5,,4,1
"Leggo's Stir Through Tomato, Olive & Chilli",Leggo's,Name brand,Sauces & condiments,B,4,,4.1,1.44,1.2,1.4,2.7,1,1
Vegemite,Vegemite,Name brand,Spreads,C,,6.0,1.0,1.0,0.0,0.0,,,1
,Mars,Name brand,Muesli & protein bars,E,4,,57.1,0.36,8.2,3.6,,1,1
Pineapple Slices in Juice,Golden Circle,Name brand,"Fruit, veg & legumes",A,1,,12.3,0.01,0.0,0.5,1.2,,1
Delightfuls Apricot Indulgence,Robern,Name brand,Confectionery,D,4,,72.4,0.01,0.6,1.7,,3,1
Schweppes Dry Ginger Ale,Schweppes Australia,Name brand,Soft drinks & juice,E,4,,7.6,0.04,0.0,0.0,,4,1
Baked mediterranean eggplant,Yumis Yumi's,Name brand,Sauces & condiments,A,3,158.0,2.8,0.66,1.2,1.4,,2,1
No.1 Grade Carrots,Harvest Moon,Name brand,"Fruit, veg & legumes",,1,,,,,,,,1
Nut bar,Carman's,Name brand,Muesli & protein bars,D,,489.0,22.0,0.07,7.3,14.4,8.2,,1
Celery Sticks,Aldi,Supermarket own brand,Sauces & condiments,,1,,,,,,,,1
Iced coffee,OAK,Name brand,Soft drinks & juice,E,4,83.0,9.0,0.1,2.4,3.2,,2,1
Chewing gum,Wrigley's,Name brand,Confectionery,,4,7.0,0.0,0.0,0.0,0.0,,11,1
Thai Green Curry Paste Shots,Five Tastes Asian Cuisine,Name brand,Sauces & condiments,C,4,,3.1,2.17,0.4,0.4,,1,1
Condensed Minestrone,Campbell's,Name brand,Ready meals,,3,,,,,,,,1
Sriracha sauce,,Unknown,Sauces & condiments,D,,134.0,22.4,3.81,0.0,2.0,,,1
Classhome cherry tomatoes,Cherry Burst,Name brand,"Fruit, veg & legumes",,,15.0,,,,,,,1
4 Bean Mix,Cannalisa,Name brand,"Fruit, veg & legumes",,3,,,,,,,,1
Honey salted cashew with sesame seeds,Sam's pantry,Name brand,Muesli & protein bars,C,4,529.0,11.7,0.7,5.3,16.5,5.9,1,1
Coca Cola vanille sans sucres,Coca-Cola,Name brand,Soft drinks & juice,E,,0.0,0.0,2.5,0.0,0.1,,,1
Kit Kat Chunky - Cookie Dough,Nestlé,Name brand,Muesli & protein bars,E,,540.0,50.5,0.1,17.6,7.7,,,1
Calippo raspberry pineapple,Streets,Name brand,Ice cream & desserts,,4,87.0,20.1,,0.0,0.0,,4,1
ocean chef flathead in crunchy batter,Ocean Chef,Name brand,Meat & seafood,,4,224.0,3.9,,2.3,,,1,1
Chive and Onion Dip,,Unknown,Sauces & condiments,E,,387.0,4.8,0.96,11.5,5.5,,,1
Beef Lasagne,,Unknown,Ready meals,C,,135.0,1.2,0.55,3.1,5.1,0.5,,1
Raspberry fanta,,Unknown,Soft drinks & juice,,,,,,,,,,1
Portuguese style chicken,Per Form (Coles),Name brand,Ready meals,A,4,129.0,2.1,0.3,0.4,10.1,3.3,4,1
KitKat Triple Choc Cookie,KitKat,Name brand,Muesli & protein bars,E,,519.0,51.4,0.23,15.7,7.0,,,1
Traditional Christmas Pudding,Newcastle's Pudding Lady,Name brand,Ice cream & desserts,E,4,,40.4,0.75,6.3,3.8,,2,1
Sprite+,Coca-Cola,Name brand,Soft drinks & juice,D,4,,6.5,0.04,0.0,0.0,0.0,7,1
Steak & Ale With Potato Top,Charlotte's Bakery,Name brand,Ready meals,C,4,,1.2,0.97,3.4,6.8,,10,1
Double chocolate slammers,,Unknown,Biscuits & cakes,E,4,525.0,40.8,0.33,20.5,2.6,1.6,10,1
Mars Bar,Mars,Name brand,Muesli & protein bars,E,,452.0,57.5,0.31,8.1,3.4,,,1
Sprite 375 mL,Sprite,Name brand,Soft drinks & juice,,4,29.0,6.9,,,0.0,,5,1
Beef Gravy,Gravox,Name brand,Sauces & condiments,,4,29.0,0.1,1.05,0.3,0.4,,3,1
Cherry Tomato's,Coles,Supermarket own brand,"Fruit, veg & legumes",,1,72.0,10.4,,,3.6,4.8,,1
Mango chunks,Crwati e Gourmet,Name brand,"Fruit, veg & legumes",,,58.0,8.7,0.01,,1.8,1.4,,1
Sushi rice,Sun rice,Name brand,"Pasta, rice & grains",,1,352.0,1.4,0.02,,6.6,1.4,,1
Japanese ramen kit,Mr Chen's,Name brand,Ready meals,,3,70.0,0.6,0.45,0.0,3.0,,2,1
Black Chia Seeds,Macro Wholefoods Market,Supermarket own brand,"Pasta, rice & grains",,,440.0,,,,24.0,33.3,,1
Hard tofu,,Unknown,"Fruit, veg & legumes",,,210.0,0.6,,1.7,24.0,,,1
Tuna Tomato and Onion,Woolworths,Supermarket own brand,Meat & seafood,,,155.0,,,,13.4,,,1
Master food Australian mustard,Masterfoods,Name brand,Sauces & condiments,,4,,1.3,3.81,,4.8,,2,1
Mega Marshmellows,,Unknown,Confectionery,,4,343.0,56.2,,4.8,4.8,,1,1
Sunrice Long grain white rice,Sunrice,Name brand,"Pasta, rice & grains",,,355.0,,,,8.0,1.3,,1
Thin corn cake with brown rice,Woolworths,Supermarket own brand,Chips & salty snacks,,3,392.0,0.5,,0.7,10.4,,1,1
Tom Yum Goong Flavour Thai Noodle Soup,Trident,Name brand,"Pasta, rice & grains",,4,70.0,0.9,1.08,1.6,1.4,,3,1
Cheese Sauce,Continental,Name brand,Sauces & condiments,,4,400.0,,,,3.0,,7,1
Orange dark choc no added sugar,Coles,Supermarket own brand,Confectionery,,4,280.0,,,,5.0,9.5,6,1
American Style BBQ Sauce,Coles,Supermarket own brand,Sauces & condiments,E,4,206.0,42.0,3.02,1.0,1.2,0.0,4,1
Potato salad dressing 9 pcs,Praise,Name brand,Sauces & condiments,E,4,,14.1,2.15,4.3,1.4,,4,1
Natural cashews,Macro,Supermarket own brand,"Fruit, veg & legumes",B,,609.0,5.5,0.0,8.4,17.0,5.9,,1
Pure Honey,Cloverdale,Name brand,Spreads,D,2,339.0,82.5,0.01,0.0,0.3,,,1
Organic full cream whole milk,Paris Creek Farms,Name brand,Milk & alternatives,B,,68.0,4.6,0.0,2.7,3.4,,,1
salt & vinegar crinkle cut chips,Coles,Supermarket own brand,Chips & salty snacks,E,4,508.0,2.0,2.13,14.4,6.6,3.8,,1
Smoked Salmon,Harris Smokehouse,Name brand,Meat & seafood,D,3,,0.5,2.75,2.0,26.0,,,1
Cheese Rice Crackers,Coles,Supermarket own brand,Chips & salty snacks,C,,415.0,1.8,0.46,1.2,7.8,,,1
100% orange juice,Coles,Supermarket own brand,Soft drinks & juice,,,27.0,5.7,,0.0,0.8,5.7,,1
Wholemeal Grain Bread,Helga's,Name brand,Bread,A,4,,2.6,0.88,1.0,8.6,6.4,3,1
Pear nectar,Golden circle,Name brand,Soft drinks & juice,E,,58.0,12.8,0.01,0.0,0.1,,,1
Rice Cream Vanilla,Parsons,Name brand,Ice cream & desserts,B,4,100.0,10.1,0.11,1.1,3.8,,,1
Corn Chips - zesty lime & chilli,Simply,Supermarket own brand,Chips & salty snacks,B,4,520.0,2.0,0.42,3.0,8.0,5.5,6,1
Honey Soy Chicken,Natural Chip Co.,Name brand,Chips & salty snacks,C,4,96.0,0.8,0.23,2.7,1.3,,1,1
Peanut butter,Kraft,Name brand,Spreads,C,3,616.0,8.4,0.59,10.3,23.7,,,1
sugar freezies,the no nasties project,Name brand,Ice cream & desserts,C,,17.0,1.0,5.0,1.0,0.0,0.0,,1
Tropical,Chobani,Name brand,Yoghurt,A,,85.0,8.6,0.07,1.0,7.9,,,1
Chobani Greek yogurt very Berry on the bottom,Chobani,Name brand,Yoghurt,,,86.0,8.9,,1.0,7.7,,,1
Smooth Dark Chocolate,green and black,Name brand,Confectionery,E,3,613.0,27.3,0.01,29.4,6.1,,,1
Wood oven pizza rice cakes,Fantico,Name brand,Chips & salty snacks,C,4,384.0,2.2,1.3,1.0,7.6,2.1,6,1
Honey Spice Granola 18g,,Unknown,Yoghurt,C,,263.0,14.9,0.12,3.1,10.6,,,1
Lactose Free Full Cream Dairy Milk,Pauls Zymil,Name brand,Milk & alternatives,B,3,64.0,4.7,0.1,2.3,3.4,0.0,,1
Classic Chocolate Tart,Coles,Supermarket own brand,Biscuits & cakes,D,4,347.0,26.9,0.15,10.0,4.9,2.2,4,1
Michelle,,Unknown,Chips & salty snacks,A,3,,3.2,0.55,2.4,10.9,6.5,1,1
TimTam Deluxe - Salted Caramel Brownie Flavour,Arnott's,Name brand,Biscuits & cakes,E,4,470.0,45.3,0.17,13.4,4.8,1.8,3,1
Diced Frozen Onions,Woolworths,Supermarket own brand,Sauces & condiments,A,,35.0,5.9,0.02,1.3,1.3,2.7,,1
Crème Choc Biscuits,Woolworths,Supermarket own brand,Biscuits & cakes,E,4,490.0,33.5,0.21,9.0,5.0,,,1
Coles Pieces & Stems Champignons,Coles,Supermarket own brand,"Fruit, veg & legumes",A,3,,1.0,0.56,0.1,2.8,,1,1
Coconut milk,Coles,Supermarket own brand,Milk & alternatives,,,212.0,1.8,,18.3,1.0,1.0,,1
Danish salami,Coles,Supermarket own brand,Meat & seafood,E,,387.0,1.0,1.28,12.6,19.1,,,1
Vanilla cup cones,Coles,Supermarket own brand,Ice cream & desserts,C,,407.0,1.8,0.66,2.5,10.1,1.0,,1
Tuna in springwater,Coles,Supermarket own brand,Meat & seafood,A,1,106.0,0.1,0.74,0.1,24.1,0.0,,1
Raisins,Coles,Supermarket own brand,"Fruit, veg & legumes",C,,333.0,73.2,0.3,1.0,2.8,,,1
Tuna chunks,Coles,Supermarket own brand,Meat & seafood,A,,100.0,0.0,0.74,0.3,22.7,,,1
Apricot jam,Coles,Supermarket own brand,Spreads,D,4,279.0,53.0,0.03,1.0,1.0,1.0,2,1
Crunchy hazelnut spread,Coles,Supermarket own brand,Spreads,E,,532.0,57.9,0.1,10.0,4.8,3.4,,1
Fruit & nut muesli,Carman’s,Name brand,Breakfast cereals,A,4,459.0,13.1,0.01,2.9,19.9,10.4,,1
Moo Protein 15G Greek Yoghurt Style & Granola,,Unknown,Yoghurt,A,4,128.0,6.5,0.11,2.2,9.3,,1,1
Sultanas,Coles,Supermarket own brand,"Fruit, veg & legumes",,,266.0,,,0.0,2.9,3.4,,1
Hazelnut Chocolate Spread,Pana Organic,Name brand,Spreads,E,4,,45.1,0.0,4.0,7.7,,1,1
Yoghurt,Five:am,Name brand,Yoghurt,B,,84.0,4.6,0.17,3.0,4.7,,,1
Peanut Butter crunchy,Bega,Name brand,Spreads,C,,26.0,5.3,0.16,10.4,25.2,,,1
watermelon frosty fruits,Peters,Name brand,Ice cream & desserts,,,90.0,17.6,,1.5,1.5,1.5,,1
Sesame Oil,Changs,Name brand,"Pasta, rice & grains",C,2,813.0,0.0,0.0,8.0,0.0,,,1
Original Vanilla,Peters,Name brand,Ice cream & desserts,D,4,183.0,22.6,0.23,5.0,1.7,,3,1
Vege Deli crisps,Ajitas,Name brand,Chips & salty snacks,D,,516.0,12.0,0.68,14.0,3.0,5.5,,1
Protein Vanilla Yoghurt,Yoplait,Name brand,Yoghurt,A,4,91.0,8.9,0.19,1.9,6.6,0.2,3,1
Fruit Tingles,,Unknown,Confectionery,E,4,379.0,83.2,2.52,4.0,4.0,,6,1
Lemon Cordial,Golden Circle,Name brand,Soft drinks & juice,E,4,,7.1,0.02,0.0,0.0,0.0,3,1
Tropical Skittles,Skittles,Name brand,Confectionery,,,402.0,72.0,,4.0,0.0,,,1
Activated Almond Milk,Nutty Bruce,Name brand,Milk & alternatives,B,,39.0,1.4,0.12,1.0,1.0,,,1
Dried Apple Slices,Coles,Supermarket own brand,"Fruit, veg & legumes",C,1,287.0,56.0,0.44,0.0,1.6,11.7,,1
Strawberry Jam,Coles,Supermarket own brand,Spreads,D,4,268.0,64.0,0.02,1.0,1.0,1.0,2,1
Baby Leaf Spinach,Woolworths,Supermarket own brand,"Fruit, veg & legumes",,,19.0,0.5,,0.0,3.0,1.6,,1
Wild alaskan salmon,Countdown,Name brand,Meat & seafood,A,4,130.0,0.2,0.53,0.8,17.4,,,1
Honey,,Unknown,Spreads,,2,102.0,24.8,,0.0,2.0,,,1
Wholemeal Spiral Pasta,Macro wholefoods market,Supermarket own brand,"Pasta, rice & grains",A,1,349.0,2.5,0.03,0.0,12.6,8.9,,1
Granola Honey Blossom Flavour,,Unknown,Breakfast cereals,B,,435.0,3.4,0.01,1.6,10.3,,,1
Full Cream Milk,Woolworths,Supermarket own brand,Milk & alternatives,B,,63.0,4.8,0.29,2.2,3.3,,,1
Frozen raspberries,,Unknown,"Fruit, veg & legumes",B,,447.0,65.0,0.14,0.0,11.0,56.0,,1
Greek yoghurt pods,,Unknown,Yoghurt,B,,147.0,12.1,0.04,2.1,9.3,,,1
Tuna mango chilli,John West,Name brand,Meat & seafood,B,,130.0,5.6,1.13,0.7,13.2,,,1
Strawberry fruit spread,Natvia,Name brand,Spreads,,,39.0,5.4,,0.1,0.4,,,1
Jasmine Rice,Coles,Supermarket own brand,"Pasta, rice & grains",A,1,364.0,0.0,0.17,2.0,7.0,2.0,,1
Sesame Seeds,Coles,Supermarket own brand,"Pasta, rice & grains",C,1,612.0,2.0,0.11,7.6,23.6,8.2,,1
Dark 85%,Green & Black's,Name brand,Confectionery,D,,600.0,14.4,0.13,30.3,10.4,13.5,,1
Chorizo,Bertocchi,Name brand,Meat & seafood,D,4,213.0,1.0,1.58,5.3,21.1,,4,1
Soy Sauce,,Unknown,Sauces & condiments,,,126.0,8.7,,0.0,7.5,0.0,,1
Full cream pure milk,Devondale,Name brand,Milk & alternatives,B,1,63.0,4.8,0.11,2.3,3.3,,,1
Boneless roast chicken,Coles,Supermarket own brand,Meat & seafood,B,4,155.0,2.6,0.95,3.2,15.1,1.1,9,1
Brown Rice Crackers,Coles,Supermarket own brand,Chips & salty snacks,B,4,408.0,1.0,0.6,1.0,7.8,2.0,,1
Just Sprouted Seeded Crispbread,Olina’s bake house,Name brand,Chips & salty snacks,B,,504.0,1.4,0.4,3.9,18.5,9.8,,1
YoPRO PERFORM Banana,Danone,Name brand,Yoghurt,A,,70.0,3.7,0.13,0.5,11.5,,,1
Sourdough Super Seed Crisbread,Carmand,Name brand,Chips & salty snacks,D,,412.0,7.9,2.41,2.9,12.1,12.9,,1
Paul’s zymil lactose free low fat milk,Paul’s,Name brand,Milk & alternatives,B,,,12.3,0.25,2.0,8.5,0.0,,1
Vita diet,Medical,Name brand,Ready meals,,4,,,,,,,3,1
Original cracker snaps,Woolworths,Supermarket own brand,Chips & salty snacks,D,,472.0,4.0,1.12,8.0,9.6,,,1
Fine desiccated coconut,McKenzies,Name brand,"Fruit, veg & legumes",,,683.0,7.2,,64.0,7.6,,,1
Lactose Free Full Cream Milk,Riverina,Name brand,Milk & alternatives,,,63.0,4.4,,2.4,3.4,,,1
Garlic Freshly Minced x1,Always Fresh,Name brand,Sauces & condiments,B,3,58.0,4.0,0.9,0.2,4.0,,2,1
Custard Cream,Arnott's,Name brand,Biscuits & cakes,,,49.0,3.2,,1.2,0.4,0.2,,1
Australian wheat bran,Woolworths,Supermarket own brand,"Pasta, rice & grains",A,1,280.0,3.3,0.08,0.7,16.0,34.7,,1
Coconut Lime Ice Cream,Coles,Supermarket own brand,Ice cream & desserts,,4,,,,,,,1,1
Always Fresh Oysters Preserved in Oil,Always Fresh,Name brand,Meat & seafood,C,3,,0.0,1.06,3.8,17.0,0.0,,1
Havarti Cheese Slices,Coles,Supermarket own brand,Cheese,D,3,,1.0,1.52,22.0,22.0,,1,1
Choc bars,Bulla,Name brand,Ice cream & desserts,D,4,300.0,24.7,0.11,16.3,2.8,,10,1
Sultanas,Coles Smart Buy,Supermarket own brand,"Fruit, veg & legumes",C,1,,60.1,0.17,0.4,2.2,3.3,,1
Whipping cream,Australia's Own,Name brand,Milk & alternatives,,,344.0,2.5,,26.0,2.0,,,1
Coconut milk,royal line,Name brand,Milk & alternatives,E,,90.0,1.2,28.8,8.3,0.8,,,1
Coles coleslaw mix,Woolworths,Supermarket own brand,Chips & salty snacks,,,,,,,,,,1
Cheese flavored corn chips,Macro,Supermarket own brand,Chips & salty snacks,D,,514.0,3.7,1.0,2.2,9.0,,,1
Hummous,Pilpel,Name brand,Spreads,C,3,258.0,0.8,1.26,3.2,9.7,4.9,2,1
sirena,Sirena,Name brand,Meat & seafood,,4,,,,,,,2,1
Cashew + Nutty Cluster,Uncle Tobys,Name brand,Breakfast cereals,,4,,18.2,0.48,1.5,,7.5,,1
Honey,B Honey,Name brand,Spreads,A,,26.0,12.4,0.01,0.0,14.3,,,1
Cracked Pepper Blend & Sea Salt,Birds Eye,Name brand,Meat & seafood,A,,193.0,1.0,0.62,0.6,13.4,0.9,,1
Farmhouse gold full cream,Pauls,Name brand,Milk & alternatives,B,,75.0,4.8,0.1,3.1,3.4,,,1
99% Fat Free Coleslaw Dressing,Praise,Name brand,Chips & salty snacks,,4,124.0,19.6,,0.0,0.0,0.0,6,1
Minis frozen yogurt strawberry,Twisted,Name brand,Ice cream & desserts,C,4,91.0,10.9,0.11,1.1,2.1,,3,1
shapes originals,ARNOTTS,Name brand,Biscuits & cakes,D,4,,0.9,1.71,5.2,7.5,3.4,5,1
Blueberry Muffin,Woolworths,Supermarket own brand,Biscuits & cakes,D,,327.0,23.4,0.5,1.6,4.2,,,1
harvest snaps,Calbee,Name brand,Chips & salty snacks,,,469.0,2.5,,10.0,16.9,2.5,,1
White Wine Vinegar,Moro,Name brand,Sauces & condiments,,2,,,,,,,,1
Greek yogurt,Chobani,Name brand,Yoghurt,A,,82.0,10.2,0.03,0.1,8.5,,,1
Chobani greek yogurt lemon,Chobani,Name brand,Yoghurt,A,4,22.0,9.7,0.1,1.0,8.0,,2,1
Choc raspberry Vienna eclairs,Kez's,Name brand,Biscuits & cakes,D,4,453.0,33.8,0.16,17.5,2.5,65.6,9,1
Gippsland Dairy Passionfruit Twist Yogurt,Gippsland Dairy,Name brand,Yoghurt,,,145.0,,,,5.0,,,1
Semi-Dried Tomatoes,Sandhurst,Name brand,Sauces & condiments,C,,,10.5,1.19,1.6,5.9,0.0,,1
Fruits of the forest jam,Cottee's,Name brand,Spreads,D,4,279.0,66.0,0.08,0.0,0.0,,2,1
Condensed Chicken Noodle Soup,Campbell's,Name brand,Ready meals,C,4,24.0,0.1,0.8,0.1,1.1,0.1,5,1
"choc Oreos 
oreo choc split",Oreo,Name brand,Biscuits & cakes,,4,,,,,,,4,1
Polenta,Marco Polo,Name brand,"Pasta, rice & grains",C,1,340.0,0.3,1.27,0.1,7.0,,,1
Organic Pure Honey,Macro,Supermarket own brand,Spreads,D,2,340.0,82.5,0.01,0.0,0.0,,,1
Butter chiken w/ rice,Woolworths Select,Supermarket own brand,Meat & seafood,A,,119.0,1.5,0.35,0.9,5.3,,,1
Gourmet Crackers Sundried Tomato And Italian Herb,Red rock deli,Name brand,Chips & salty snacks,D,4,468.0,5.1,1.51,5.8,9.2,6.6,2,1
Max charge,Woolworths,Supermarket own brand,Breakfast cereals,C,4,389.0,26.7,0.0,1.0,17.9,,1,1
Maple crunch,freedom foods,Name brand,Breakfast cereals,B,4,,15.8,0.64,0.4,6.2,7.8,1,1
Iced Vovo,Arnotts,Name brand,Biscuits & cakes,E,4,420.0,44.1,0.25,7.6,3.6,0.0,4,1
Milky bar,Nestlé,Name brand,Confectionery,E,4,,54.9,0.2,20.0,7.8,,2,1
Milk Full Cream,Pauls,Name brand,Milk & alternatives,,1,,4.8,0.1,2.5,3.4,,,1
Farmhouse gold full cream,Farmhouse,Name brand,Milk & alternatives,B,1,,4.8,0.1,3.1,3.4,0.0,,1
Super Seed & Grain crackers,Carman's,Name brand,Chips & salty snacks,D,,556.0,1.9,1.38,4.4,18.1,,,1
Madagascan Vanilla Bean,Wicked Sister,Name brand,Ice cream & desserts,C,4,,15.1,0.08,4.8,3.9,,3,1
Sugar free chocolate digestive,Gullon,Name brand,Biscuits & cakes,D,4,463.0,0.0,0.65,7.0,7.0,1.6,4,1
"Oaty Biscuits, no sugar added",Gullon,Name brand,Biscuits & cakes,C,,450.0,0.7,0.3,1.8,7.7,,,1
Ginger Nut,Arnott's,Name brand,Biscuits & cakes,D,4,,39.0,0.45,4.3,4.4,,,1
Dairymilk Chocolate,,Unknown,Confectionery,E,4,537.0,57.4,0.75,18.7,7.5,,2,1
Diced Italian Tomatoes,Woolworths,Supermarket own brand,"Fruit, veg & legumes",A,3,22.0,3.3,0.3,0.1,1.3,0.8,1,1
Creme Wafers - Chocolate,Redondo,Name brand,Biscuits & cakes,D,4,2.0,41.4,0.62,5.9,5.1,3.4,1,1
,Tweedvale,Name brand,Milk & alternatives,,,,,,,,,,1
Full Cream Milk,Ferguson Valley,Name brand,Milk & alternatives,B,1,,5.2,0.1,2.2,3.3,,,1
Margherita Pizza,Casa Bertocchi,Name brand,Ready meals,C,4,,,,,,,5,1
Freshly Frozen Curry Chicken Pastizzi,Mario's,Name brand,Chips & salty snacks,D,4,306.0,3.0,1.5,8.1,9.3,1.5,9,1
Natural Tasty Cheese Slices,Real Dairy,Name brand,Cheese,,3,,1.0,1.66,23.5,,,,1
Peas & Carrots,Woolworths,Supermarket own brand,"Fruit, veg & legumes",A,1,42.0,1.7,0.03,0.1,3.0,4.7,,1
Almond milk,Inside Out,Name brand,Milk & alternatives,A,4,52.0,1.4,0.08,0.2,3.4,0.0,1,1
Australian Roasted & Salted Chick Peas,Yummy Nuts,Name brand,"Fruit, veg & legumes",C,,,1.0,1.2,1.0,21.0,,,1
Diced Tomatos,Val Verde,Name brand,"Fruit, veg & legumes",A,1,80.0,3.0,0.1,0.0,1.1,,1,1
Australian Sardines in Virgin olive oil,Mendolia,Name brand,Meat & seafood,,,400.0,,,,,,,1
Value Raspberries,Value,Name brand,Confectionery,D,4,320.0,43.6,0.07,0.8,2.4,0.0,4,1
Dark Rye sourdough loaf,Crafted Bakery,Name brand,Bread,A,4,257.0,1.3,1.18,0.4,10.1,5.3,,1
The Creamy Colby,Warrnambool Heritage,Name brand,Cheese,,3,,,,,,,,1
Milk,Mooloo Mountain,Name brand,Milk & alternatives,B,1,63.0,4.9,0.1,2.2,3.2,,,1
Fresh natural set yoghurt,The provincial dairy,Name brand,Yoghurt,C,3,,6.8,0.38,3.1,4.9,,,1
Chobani Greek Yogurt Passion Fruit,Chobani,Name brand,Yoghurt,A,4,88.0,8.9,0.09,1.0,7.8,,4,1
Allowrie Mixed Blossom Honey,Allowrie,Name brand,Spreads,D,2,,82.5,0.04,0.0,0.3,,,1
Le Rice - Apple Cinnamon,Yoplait,Name brand,Ice cream & desserts,,4,,,,,,,4,1
organic vanilla flavoured yoghurt,mini macro,Name brand,Yoghurt,B,4,,12.8,0.15,2.7,5.0,,1,1
Organic Biodynamic Cream on Top Milk,paris creek farms,Name brand,Milk & alternatives,C,,170.0,12.0,0.23,6.8,8.5,,,1
Lactose Free Full Cream Milk,,Unknown,Milk & alternatives,,,65.0,4.7,,2.3,3.5,,,1
Orange juice,,Unknown,Soft drinks & juice,,,42.0,9.7,,0.0,1.0,,,1
Extra Strong Peppermints,Dollar Sweets,Name brand,Sauces & condiments,D,,394.0,91.0,0.12,1.0,1.0,,,1
Kellogg's Special K 535G,Kellogg's,Name brand,Breakfast cereals,C,4,,13.6,0.95,0.8,17.3,5.9,,1
Crunchy Nut Clusters,Community Co,Supermarket own brand,Breakfast cereals,,4,,,,,,,2,1
Triple Wafer,Arnott's,Name brand,Biscuits & cakes,E,4,521.0,43.4,0.05,12.7,3.0,,6,1
Falafel,Sunfresh,Name brand,Ready meals,C,,161.0,2.0,700.0,0.7,4.5,2.1,,1
IXL Strawberry jam,,Unknown,Spreads,D,,268.0,64.0,0.01,0.1,0.2,,,1
Cadbury Coco Dark Chocolate,Cadbury,Name brand,Confectionery,E,,,13.1,0.01,34.8,8.5,,,1
Dahl Spice Blend,Clive of India,Name brand,Sauces & condiments,,3,,,,,,,,1
Vietnam phone bo,Lian,Name brand,"Pasta, rice & grains",,4,422.0,,,,11.4,,2,1
French made butter,President,Name brand,Spreads,E,2,730.0,10.0,0.12,57.0,10.0,,,1
Orange Juice,Golden circle,Name brand,Soft drinks & juice,,4,42.0,7.6,0.02,,0.5,0.2,1,1
Skim milk powder,Woolworths,Supermarket own brand,Milk & alternatives,,,146.0,20.8,0.45,0.2,14.1,,,1
Liquorice Twists,Woolworths,Supermarket own brand,Confectionery,D,4,333.0,41.2,0.22,0.2,3.1,3.0,3,1
Chickpeas no added salt,Woolworths,Supermarket own brand,"Fruit, veg & legumes",C,1,64.0,0.1,0.08,0.1,4.5,4.8,,1
Tiramisu,Toscano,Name brand,Biscuits & cakes,D,4,231.0,22.8,0.26,9.5,4.2,0.8,8,1
Drumsticks,Peters,Name brand,Ice cream & desserts,E,,330.0,24.6,0.28,14.4,4.2,,,1
"Lemon, lime & bitters",Cascade,Name brand,Soft drinks & juice,E,4,33.0,7.8,0.02,0.0,0.0,0.0,7,1
Arn Shapes Variety MP15,Arnott's,Name brand,Biscuits & cakes,D,4,490.0,0.8,1.72,5.2,7.6,3.6,5,1
Red kidney beans,Woolworths,Supermarket own brand,"Fruit, veg & legumes",A,1,77.0,0.1,0.12,0.1,6.4,7.7,,1
Low fat custard,Paul’s,Name brand,Sauces & condiments,B,,75.0,10.0,0.2,0.6,4.3,,,1
Almond Butter,Coles,Supermarket own brand,Spreads,A,,666.0,5.0,0.06,5.0,19.0,7.0,,1
Dare Espresso,Dare,Name brand,Milk & alternatives,E,,82.0,8.7,0.11,2.2,3.4,,,1
CAD FREDDO GIANT D/MILK 35GM,Cadbury,Name brand,Muesli & protein bars,E,4,535.0,56.0,0.21,18.3,7.4,,2,1
Full cream milk,Brownes,Name brand,Milk & alternatives,C,,64.0,4.4,0.1,2.4,3.3,,,1
Lactose Free Yoghurt,Liddells,Name brand,Yoghurt,C,4,98.0,12.2,0.11,1.9,4.0,,5,1
Complete Protein Bread,Herman Brot,Name brand,Bread,A,,273.0,1.6,0.97,1.3,33.1,7.5,,1
Special K High fibre,Kellogg's,Name brand,Breakfast cereals,C,4,363.0,20.6,0.76,0.7,15.8,16.8,,1
โดลส์ซอสบาบีคิว,Coles,Supermarket own brand,Sauces & condiments,D,,155.0,33.0,1.04,,0.0,5.0,,1
Crumbed Chicken With Roast Potatoes,My Muscle Chef,Name brand,Meat & seafood,A,4,163.0,2.9,0.69,0.8,12.9,1.0,4,1
Organic Nature's Soy Milk No Added Caned Sugar Original imp,PureHarvest,Name brand,Milk & alternatives,B,3,57.0,1.7,0.09,0.3,3.0,1.0,,1
Dare Caramel Latte,Dare,Name brand,Milk & alternatives,E,4,82.0,8.7,0.11,2.2,3.4,,1,1
Oven roasted nut mix,Woolworths,Supermarket own brand,"Fruit, veg & legumes",C,1,623.0,4.7,0.02,6.3,16.3,7.0,,1
Essentials Tuna Chunks in Springwater,Woolworths,Supermarket own brand,Meat & seafood,A,,112.0,0.2,0.5,0.2,25.7,,,1
Finely Grated Parmesan Cheese,Woolworths Essentials,Supermarket own brand,Cheese,E,3,486.0,0.1,8.18,27.0,30.0,,,1
Haloumi Cheese,Woolworths,Supermarket own brand,Cheese,E,3,285.0,3.3,3.9,16.0,18.3,,,1
Choc chip cookies 12PK,Coles,Supermarket own brand,Biscuits & cakes,E,,426.0,31.0,1.57,8.4,6.3,3.5,,1
Roasted Fava beans,The happy snack company,Name brand,"Fruit, veg & legumes",A,4,,3.2,0.0,1.6,27.0,15.0,1,1
Turkish Rolls 4 Pack,Coles,Supermarket own brand,Bread,D,3,231.0,5.0,1.08,3.0,9.3,1.9,2,1
Lite Coconut Milk,Pandaroo,Name brand,Milk & alternatives,E,,65.0,0.6,0.08,5.8,0.6,,,1
Finger Bun Iced With Rainbow Sprinkles,Woolworths,Supermarket own brand,Ice cream & desserts,E,,,29.0,0.5,60.1,5.9,,,1
"Australian Carrot, Broccoli and Cauliflower",Birds Eye,Name brand,"Fruit, veg & legumes",A,1,26.0,2.7,0.08,0.1,1.9,2.4,,1
Tuna Tempsters zesty vinegrette,John West,Name brand,Meat & seafood,A,3,143.0,0.6,0.88,0.7,22.7,0.0,,1
Dreamy Choc Cookie,Woolworths,Supermarket own brand,Biscuits & cakes,E,4,448.0,42.3,0.57,13.0,4.4,2.3,7,1
Chocolate wafer cone,Oreo,Name brand,Ice cream & desserts,E,4,308.0,28.6,0.32,8.8,3.3,,10,1
Minced Garlic,Woolworths Homebrand,Supermarket own brand,Sauces & condiments,C,3,,19.5,1.08,0.1,5.3,,1,1
Brazil nuts,Coles,Supermarket own brand,"Fruit, veg & legumes",C,,692.0,2.2,0.06,14.9,16.7,2.3,,1
lemon pepper chicken with pea mash & carrots,Per Form (Coles),Name brand,Ready meals,A,4,32.0,2.2,0.36,0.3,9.8,3.9,3,1
Bolognese chunky pasta sauce,Macro,Supermarket own brand,Sauces & condiments,C,,48.0,7.3,0.63,0.2,1.8,,,1
Stone Baked Turkish Rolls,Coles,Supermarket own brand,Bread,C,,261.0,3.3,1.1,1.1,9.9,3.9,,1
Pasta sauce,Woolworths,Supermarket own brand,Sauces & condiments,C,,59.0,7.7,0.58,1.0,1.6,2.3,,1
Lipton Raspberry,Lipton,Name brand,Soft drinks & juice,E,4,22.0,5.2,0.0,0.0,0.0,0.0,4,1
Almond nut butter,Noya,Name brand,Spreads,A,,626.0,4.0,0.02,4.4,31.1,5.0,,1
10 regular tortillas,Old El Paso,Name brand,Bread,C,,320.0,1.2,0.87,0.8,7.5,2.0,,1
K-Roo Kangaroo Mince,K-Roo,Name brand,Meat & seafood,A,1,104.0,0.1,0.13,0.8,20.8,,,1
Mint Crisp,Pico,Name brand,Confectionery,E,3,568.0,47.0,0.01,23.0,5.0,6.0,,1
Protein Smoothie Double Espresso,Rokeby Farms,Name brand,Milk & alternatives,C,,68.0,5.9,0.06,1.1,7.1,,,1
Bastami Rice,Woolworths,Supermarket own brand,"Pasta, rice & grains",B,,363.0,1.0,0.01,0.1,8.6,1.8,,1
Spicy Chorizo,Primo,Name brand,Cheese,E,,397.0,2.0,2.44,14.0,20.2,,,1
Stir fry chinese,Bird eye,Name brand,"Fruit, veg & legumes",A,,41.0,3.5,0.05,0.1,2.1,3.1,,1
Fudgy Chocolate Flourless Brownies,Kez's,Name brand,Biscuits & cakes,E,4,506.0,36.6,0.04,18.6,7.4,6.0,,1
Fresh Lite Milk,Coles,Supermarket own brand,Milk & alternatives,B,1,44.0,4.8,0.09,0.9,3.4,,,1
Steak and Mushroom,Heinz,Name brand,Ready meals,C,4,236.0,1.3,0.68,1.0,3.0,0.7,1,1
bega farmers tasty grated cheese,Bega,Name brand,Cheese,D,4,411.0,0.0,1.8,21.3,24.2,0.0,2,1
Australian skim milk,Woolworths,Supermarket own brand,Milk & alternatives,B,,34.0,4.8,0.1,0.0,3.3,,,1
Diced beetroot,Edgell,Name brand,"Fruit, veg & legumes",B,3,,10.8,0.62,0.1,1.0,2.3,,1
Doubke thick custard,Pauls,Name brand,Sauces & condiments,C,4,113.0,12.7,0.17,2.6,3.2,,7,1
Pad thai Stir-fry Sauce,Passage to Asia,Name brand,Ready meals,D,,110.0,20.2,2.11,0.2,1.2,,,1
Classic sharp and crumbly cheddar,Mersey Valley,Name brand,Cheese,D,4,404.0,1.0,1.72,23.0,25.0,,6,1
chicken,Coles,Supermarket own brand,Meat & seafood,A,4,133.0,0.0,1.0,0.8,28.4,1.2,1,1
Mini Rice Cakes,Table of Plenty,Name brand,"Pasta, rice & grains",E,4,480.0,27.5,0.01,13.3,1.0,1.0,1,1
Smooth peanut butter,,Unknown,Spreads,A,,610.0,6.0,0.39,7.2,23.2,9.2,,1
Pure honey,Smith's,Name brand,Spreads,E,2,340.0,82.7,0.04,,0.0,,,1
Salted Pretzel Twists,Woolworths,Supermarket own brand,Chips & salty snacks,E,3,404.0,2.4,3.7,0.8,11.2,3.2,1,1
Chick peas with moroccan spices,Edgell,Name brand,"Fruit, veg & legumes",A,4,149.0,1.9,0.18,1.0,7.1,5.9,,1
Mixed Berry No Sugar Added Greek Yogurt,Chobani,Name brand,Yoghurt,A,4,79.0,3.3,0.07,2.2,7.0,0.3,,1
Hommus,Chris',Name brand,Spreads,A,4,277.0,0.3,0.96,2.5,7.3,6.5,4,1
Honey,Coles,Supermarket own brand,Spreads,E,2,336.0,82.0,0.0,,3.0,,,1
Clusters Vanilla Almond,Arnold’s Family,Name brand,Breakfast cereals,A,,436.0,10.7,0.19,1.8,12.2,7.8,,1
Coles Smart Buy Oat Bran,Coles,Supermarket own brand,"Pasta, rice & grains",A,1,368.0,6.0,0.08,6.0,16.0,16.7,,1
Wild Canadian herring fillets in tomato sauce,John West,Name brand,Meat & seafood,A,4,,0.5,0.19,3.8,14.8,,1,1
Classic tomato with chunky tomato and herb,Leggo's,Name brand,Sauces & condiments,D,,60.0,0.2,2.4,0.3,1.8,,,1
Chobani Greek Yoghurt Pouch Blueberry,Chobani,Name brand,Yoghurt,B,4,86.0,12.3,0.09,0.1,7.5,,5,1
Special Fried Rice,Ben's Original,Name brand,"Pasta, rice & grains",B,,158.0,1.1,0.54,0.3,3.8,,,1
Sugar Free Cola Bottles,Double D,Name brand,Confectionery,A,4,204.0,0.2,0.03,0.0,6.0,0.0,5,1
Killer Beans Fred’s Ballistic Tomato and Basil,F. Whitlock & Sons,Name brand,"Fruit, veg & legumes",C,,75.0,1.4,0.82,0.1,5.1,,,1
Southern fried chicken tenders,Coles,Supermarket own brand,Meat & seafood,A,,175.0,3.2,0.98,0.8,17.2,1.6,,1
Gluten free chicken breast schnitzel,Canon Foods,Name brand,Meat & seafood,C,4,244.0,1.0,1.24,1.1,11.4,,6,1
Chicken Tenders Southern Style,Ingham's,Name brand,Meat & seafood,D,4,256.0,4.1,2.05,3.6,15.5,,10,1
Maggie oyster sauce,Maggi,Name brand,Sauces & condiments,C,4,70.0,2.9,1.12,1.0,1.0,,5,1
Masterfood Teriyaki Marinade 375g,Masterfoods,Name brand,Sauces & condiments,E,4,168.0,31.9,2.87,0.3,0.3,,2,1
Cheese,Woolworths,Supermarket own brand,Cheese,D,,330.0,1.0,1.77,16.0,29.3,,,1
Lindor strawberry cream,Lindt,Name brand,Confectionery,E,4,619.0,43.2,0.23,35.2,4.8,,2,1
Chunky Irish Stew Style,Campbell’s,Name brand,Meat & seafood,C,,49.0,1.5,0.71,0.3,2.0,1.0,,1
Ben's Mexican style rice,Ben's Original,Name brand,"Pasta, rice & grains",B,4,158.0,1.8,0.53,0.1,3.1,,,1
No Added Sugar Vanilla Bean Greek Yoghurt,Chobani,Name brand,Yoghurt,A,4,79.0,3.1,0.07,2.2,7.0,0.1,4,1
Valcom Red Curry Paste,Valcom,Name brand,Sauces & condiments,E,,141.0,3.8,6.17,1.3,1.7,,,1
Tonight Honey mustard sauce 485g,Chicken tonight,Name brand,Sauces & condiments,C,4,121.0,6.7,0.88,1.3,0.9,0.8,3,1
Violet Crumble Bar 50g,,Unknown,Muesli & protein bars,E,4,,65.9,0.33,16.6,2.3,,4,1
CAD Caramilk bar 45g,Cadbury,Name brand,Muesli & protein bars,E,4,552.0,57.8,0.22,19.6,7.1,,2,1
Nes Smarties 180g,Nestlé,Name brand,Confectionery,E,,531.0,57.9,0.14,17.3,7.2,,,1
Nes Chokito 170g,Nestlé,Name brand,Confectionery,E,4,507.0,55.1,0.22,14.9,6.4,,2,1
Old Gold Cherry ripe 180g,Cadbury,Name brand,Confectionery,E,4,519.0,48.8,0.03,18.8,5.2,,8,1
CAD Dairy Milk 180g,Cadbury,Name brand,Confectionery,E,4,,55.8,0.21,18.2,7.4,,2,1
CAD Dairy milk break away,Cadbury,Name brand,Muesli & protein bars,E,4,557.0,49.5,0.23,20.0,5.9,,3,1
Big’N Chunky Ravioli With Beef & Tomato,Heinz,Name brand,Ready meals,B,4,72.0,3.7,0.66,0.8,2.7,0.8,2,1
Thin bbq sausages,Coles,Supermarket own brand,Meat & seafood,E,4,232.0,1.3,2.39,14.3,11.5,1.3,2,1
Coles corn flakes,Coles,Supermarket own brand,Breakfast cereals,C,3,383.0,4.3,0.93,,8.0,5.1,,1
Black beans,Woolworths,Supermarket own brand,"Fruit, veg & legumes",B,1,105.0,0.5,0.01,0.1,7.5,3.9,,1
Lime juice,Woolworths,Supermarket own brand,Soft drinks & juice,B,,34.0,1.0,0.04,1.0,1.0,,,1
Italian vine ripened tomatoes with red chilli,Providore series,Name brand,Sauces & condiments,C,,115.0,2.7,1.28,1.1,1.2,1.1,,1
Australian Almonds,Woolworths,Supermarket own brand,"Fruit, veg & legumes",A,,597.0,5.0,0.04,4.0,23.7,10.7,,1
Diced Tomatoes,Woolworths,Supermarket own brand,"Fruit, veg & legumes",A,,22.0,3.1,0.01,0.0,1.2,1.2,,1
Smokey bbq squce,,Unknown,Sauces & condiments,E,,287.0,45.2,1.79,0.0,0.4,,,1
Breakz,Ritz,Name brand,Chips & salty snacks,D,,456.0,9.0,1.73,0.3,8.4,,,1
Just Right,Kellogg's,Name brand,Breakfast cereals,B,,358.0,23.0,0.0,0.5,8.0,10.0,,1
Australian Oat Bran,Woolworths,Supermarket own brand,"Pasta, rice & grains",A,1,367.0,1.5,0.01,1.7,15.9,19.3,,1
Weet-Bix for Kids,Sanitarium,Name brand,Breakfast cereals,A,3,369.0,2.9,0.11,0.4,12.4,12.4,,1
Weet-Bix,Sanitarium,Name brand,Breakfast cereals,B,3,355.0,3.0,0.67,0.3,12.4,13.0,,1
Weet-Bix Go Breakfast biscuits Wild Berry burst,Sanitarium,Name brand,Biscuits & cakes,C,4,441.0,20.2,0.0,1.4,8.0,7.5,4,1
McKenzie's Australian Red Split Lentils,McKenzie's,Name brand,"Fruit, veg & legumes",A,1,,1.2,0.01,1.0,24.0,13.3,,1
Coca Cola 1.25,Coca Cola,Name brand,Soft drinks & juice,E,4,,10.6,0.03,0.0,0.0,,1,1
Lactose Free HiLo Milk,,Unknown,Milk & alternatives,B,,47.0,5.0,0.1,0.8,3.6,0.0,,1
Cashews,Woolworths,Supermarket own brand,"Fruit, veg & legumes",A,1,,,,,,,,1
Australian rasberry jam,The Beerenberg family farm,Name brand,Spreads,D,4,287.0,68.0,0.1,0.0,0.0,,2,1
Chicken Breast Tenders Original,Ingram’s,Name brand,Meat & seafood,D,4,264.0,5.4,1.37,1.9,10.2,,4,1
Woolworths taco seasoning,Woolworths,Supermarket own brand,Sauces & condiments,E,3,,,,,,,1,1
Short cut rindless bacon,Primo,Name brand,Meat & seafood,C,,152.0,2.0,0.21,3.4,16.4,2.0,2,1
Classic Cottage Cheese,Brancourts,Name brand,Cheese,C,4,104.0,4.1,0.88,3.3,10.5,,5,1
Royals milk chocolate,arnott's,Name brand,Confectionery,E,4,431.0,46.7,0.28,9.6,4.8,,6,1
original water crackers,coles,Supermarket own brand,Chips & salty snacks,D,,392.0,3.1,1.67,4.6,9.2,,,1
Pecans,Woolworths,Supermarket own brand,"Fruit, veg & legumes",A,,712.0,4.3,0.01,4.5,9.8,8.4,,1
Garlic and rosemary croutons,Calbee,Name brand,Sauces & condiments,B,,75.0,0.6,0.15,1.7,2.0,1.2,,1
Macadamia,Pana,Name brand,Confectionery,E,4,540.0,24.5,0.19,22.2,1.3,,1,1
Irresistible,Coles,Supermarket own brand,Ice cream & desserts,D,4,240.0,17.2,0.13,7.8,2.9,1.8,6,1
Angus aussie beef pies,Four'n Twenty,Name brand,Meat & seafood,D,4,272.0,0.7,1.12,8.0,7.4,,15,1
Craquelins au riz complet sans sel,,Unknown,Chips & salty snacks,C,,453.0,0.6,0.03,3.3,8.2,,,1
Baked Pretzel Minis,Parker's,Name brand,Chips & salty snacks,E,4,404.0,4.4,3.77,0.8,11.2,3.2,,1
Tortilla Strips,,Unknown,Chips & salty snacks,D,4,497.0,3.2,1.12,4.4,6.0,,,1
Sprite,Sprite,Name brand,Soft drinks & juice,E,,41.0,9.9,0.0,0.0,0.0,,,1
Pizza base,Coles,Supermarket own brand,Bread,C,4,320.0,4.6,0.94,2.8,9.1,2.8,6,1
Ricotta,,Unknown,Cheese,C,,134.0,3.6,0.48,6.5,7.6,0.0,,1
Crispbread - original,Coles,Supermarket own brand,Bread,C,3,385.0,2.3,1.02,1.0,12.4,3.6,,1
Apple sauce,Coles,Supermarket own brand,Ice cream & desserts,B,3,107.0,21.8,0.01,0.0,1.5,2.0,2,1
Organic italian tomatoes diced,Coles,Supermarket own brand,"Fruit, veg & legumes",A,1,22.0,3.4,0.07,0.0,1.2,1.6,,1
Wholemeal Raisin Bread,Tip Top,Name brand,Bread,C,,256.0,16.1,0.78,0.7,10.2,6.2,,1
Australian Tiger Prawns,Crystal Bay,Name brand,Meat & seafood,D,3,,0.0,2.33,0.4,20.2,,1,1
Banana yoghurt,Pauls,Name brand,Yoghurt,D,4,86.0,6.9,0.08,2.0,4.1,,7,1
Golden Pash,Golden Circle,Name brand,Soft drinks & juice,E,4,180.0,9.9,0.01,0.0,0.1,,1,1
Homestyle Italian Vegetable Soup,,Unknown,Ready meals,C,3,42.0,1.6,0.8,0.3,1.3,1.7,2,1
Frozen yoghurt,Bulla,Name brand,Yoghurt,C,4,119.0,16.9,0.12,2.0,4.1,,10,1
Australia's Own Barista Macadamia,Australia's Own,Name brand,Milk & alternatives,C,4,30.0,1.7,0.1,0.3,0.5,,6,1
Fruity Chews,The Natural Confectionary Company,Name brand,Confectionery,E,4,,66.4,0.01,4.0,4.0,,4,1
organic turkish apricots,Coles,Supermarket own brand,"Fruit, veg & legumes",B,1,,29.3,0.01,1.0,2.5,7.3,,1
Lemon Madeira cake,Coles,Supermarket own brand,Biscuits & cakes,E,4,394.0,43.0,0.75,3.3,3.8,1.8,14,1
Oven Bake Lightly Battered Wild Caught Fish Fillets,Birds Eye,Name brand,Meat & seafood,B,4,170.0,0.7,0.67,0.9,11.4,0.5,3,1
Veggie straws,Infuzions,Name brand,Chips & salty snacks,D,4,480.0,5.3,1.97,2.7,4.0,3.3,1,1
Rolled Oats,Red Tractor Foods,Name brand,"Pasta, rice & grains",B,,374.0,0.9,0.0,2.0,13.3,,,1
Roasted Fav-Va Beans,the happy snack company,Name brand,"Fruit, veg & legumes",A,3,425.0,2.2,0.25,1.4,27.0,,,1
Nobby’s Salted Cashews,,Unknown,"Fruit, veg & legumes",C,,1.0,5.4,1.2,9.6,20.0,3.2,,1
Cherry Ripe,Cadbury,Name brand,Muesli & protein bars,E,4,473.0,45.8,0.09,19.2,4.2,,,1
fingers,Cadbury,Name brand,Biscuits & cakes,E,,,40.0,197.0,13.5,7.3,,,1
Oven baked,Smith's,Name brand,Chips & salty snacks,D,4,452.0,5.2,1.52,1.2,5.2,,4,1
Tomato sauce,White Crow,Name brand,Sauces & condiments,D,,120.0,24.7,2.08,0.1,1.3,,,1
Milo Bars with White Chocolate,Nestle,Name brand,Muesli & protein bars,D,,407.0,24.1,0.25,4.8,6.3,,,1
Artichoke hearts,Always Fresh,Name brand,"Fruit, veg & legumes",B,,31.0,0.8,1.6,0.2,1.8,,,1
Sliced smoked salmon,Ocean Blue,Name brand,Meat & seafood,D,,164.0,0.0,2.92,1.4,21.4,,,1
Herb And Garlic Beef Sausage,Woolworths,Supermarket own brand,Meat & seafood,,4,261.0,0.7,,10.3,11.9,0.0,8,1
Calippo minis,Streets,Name brand,Ice cream & desserts,C,,87.0,20.2,0.0,0.0,0.0,,,1
Cucumber chilli,Always Fresh,Name brand,Sauces & condiments,,,50.0,1.0,,1.0,1.0,1.0,,1
Perfect Chocolate Profiteroles,White wings,Name brand,Biscuits & cakes,,,,12.1,0.34,9.8,3.4,,,1
Burger rings,Smiths,Name brand,Chips & salty snacks,D,,508.0,2.6,2.4,1.9,6.7,,,1
Eclipse Chewy Mints,Eclipse,Name brand,Confectionery,D,4,395.0,100.0,0.0,0.0,0.0,,5,1
Corned beef,Woolworths,Supermarket own brand,Meat & seafood,D,3,209.0,1.1,1.84,7.1,20.9,,1,1
Harvest snaps,Harvest,Name brand,Chips & salty snacks,D,4,459.0,3.3,1.0,8.3,15.0,10.0,4,1
Yaki Nori for Sushi Sheets,Obento,Name brand,Meat & seafood,,1,,,,,,,,1
SunRice Thin Rice Cakes Sundried Tomato & Basil,SunRice,Name brand,"Pasta, rice & grains",,4,402.0,4.9,,1.2,7.6,4.1,1,1
Oriental noods,Fantastic,Name brand,"Pasta, rice & grains",,4,73.0,0.2,0.81,1.5,1.3,0.1,4,1
ZOOPER D00PER WTR/ICE 24X70ML,Zooper Dooper,Name brand,Ice cream & desserts,,4,61.0,15.9,,0.0,0.0,,9,1
Sour Patch Kids Scuba,,Unknown,Confectionery,,,368.0,62.4,,4.0,4.3,,,1
Tic Tac Peppermint,Tic Tac,Name brand,Confectionery,,4,399.0,91.4,,0.2,0.1,,3,1
Skittles giants,,Unknown,Confectionery,,4,402.0,75.6,,2.4,0.0,,15,1
pepperoni salami,Thomson's Deli,Name brand,Meat & seafood,,,424.0,,3.47,15.2,20.2,,,1
STR MIN CALIPPO RSPBRY/PNE 10S,Calippo,Name brand,Ice cream & desserts,,,54.0,12.5,,,0.0,,,1
Honey,,Unknown,Spreads,,2,342.0,76.2,,0.0,0.0,,,1
Brisling Sardines,Safcol,Name brand,Meat & seafood,,,,1.0,1.48,3.4,,,,1
"Pop Tarts, Chocotastic",Kellogg’s,Name brand,Biscuits & cakes,,,388.0,38.1,,4.6,4.8,2.1,,1
Lamb curry pices and tomatoes Rogan Josh,Coles,Supermarket own brand,Sauces & condiments,,3,,1.7,0.69,1.7,17.6,2.7,,1
,mi mi honey,Name brand,Spreads,D,3,,,,,,,,1
pistachio halva,Osmanli,Name brand,Confectionery,D,4,,34.6,0.34,4.0,11.0,,1,1
konjac rice,Slendier,Name brand,"Fruit, veg & legumes",,1,9.0,0.8,,0.8,0.8,3.9,,1
Wrigley’s Extra Spearmint Gum,Wrigley's,Name brand,Confectionery,,4,,0.0,0.01,0.0,0.0,0.1,9,1
sticky Hoisin sauce,Rolld,Name brand,Sauces & condiments,,4,172.0,,,,1.5,,4,1
Fehlbergs Pickled onions 500g,Fehlbergs,Name brand,Sauces & condiments,,4,73.0,16.0,,,1.0,,1,1
Oat free porridge,Wallaby,Name brand,Breakfast cereals,D,3,477.0,16.8,0.04,19.3,9.8,12.3,,1
Man Size Spaghetti & Meatballs,McCain,Name brand,Ready meals,C,,34.0,3.3,0.88,3.1,5.3,,,1
Beef & Cheese Pies,Fourntwenty,Name brand,Ready meals,D,,249.0,0.7,1.23,6.7,9.4,,,1
Coca Cola Vanilla No Sugar,Coca Cola,Name brand,Soft drinks & juice,,,1.0,,,,0.1,,,1
Spaghetti durum wheat,Macro,Supermarket own brand,"Pasta, rice & grains",B,,358.0,4.0,0.8,0.3,11.5,,,1
Roll Ups Rainbow Fruit Salad,Uncle Tobys,Name brand,Muesli & protein bars,C,,337.0,26.3,0.13,1.3,0.6,,,1
Natural Pot Set Yogurt,Farmers Union,Name brand,Yoghurt,B,,66.0,4.6,0.14,2.1,4.6,,,1
Cheer colby 24 cheese slices,Cheer,Name brand,Cheese,D,,390.0,4.8,1.7,22.4,24.3,,,1
San remo Linguine No. 1 500g,San Remo,Name brand,"Pasta, rice & grains",A,1,366.0,2.5,0.08,0.5,12.0,3.0,,1
Chocolate cake,Sara Lee,Name brand,Biscuits & cakes,E,4,368.0,39.1,0.96,9.0,3.4,0.0,10,1
YoPRO Caramel,Danone,Name brand,Yoghurt,D,,394.0,15.4,0.86,3.1,32.0,,,1
Original Neopolitan Ice Cream,Peters,Name brand,Ice cream & desserts,D,,180.0,22.2,0.23,5.2,2.0,,,1
Sprouted Seesed Crispbread,Olinas,Name brand,Biscuits & cakes,D,,482.0,1.2,15.2,4.0,20.4,10.8,,1
Rich and Thick Diced Tomatoes,Ardmona,Name brand,"Fruit, veg & legumes",,,24.0,3.2,,0.1,1.2,1.2,,1
Tasty cheese COON,,Unknown,Cheese,D,,404.0,4.0,1.8,21.6,26.0,,,1
Hand picked orange juice,East Coast,Name brand,Soft drinks & juice,,,29.0,5.4,,0.0,0.8,,1,1
Chocolate breakfast puffs,Farmer Jo,Name brand,Breakfast cereals,C,,399.0,7.2,0.39,2.8,10.0,,,1
Nourish mango and coconut,Bulla,Name brand,Ice cream & desserts,D,4,115.0,10.5,26.0,3.6,0.0,0.0,3,1
Orange juice,Just Juice,Name brand,Soft drinks & juice,,4,40.0,8.3,,0.0,0.6,,1,1
Raspberry jellies,Well naturally,Name brand,Confectionery,,,224.0,0.4,,0.4,5.6,17.6,,1
Passion fruit Twist Yogurt,Gippsland Dairy,Name brand,Yoghurt,C,4,146.0,15.5,0.14,4.0,6.0,,2,1
Australian Raw Chickpeas,Galaxy,Name brand,"Fruit, veg & legumes",A,1,,10.7,0.06,0.6,19.3,,,1
Arnott's Premier Choc Chip Biscuits 310G,Arnott's,Name brand,Biscuits & cakes,E,4,507.0,38.1,0.0,14.9,5.1,1.8,3,1
Instant mashed potato x2,Continental,Name brand,Ready meals,,4,79.0,1.0,0.69,0.0,1.8,,2,1
The Ultimate Yoghurt,Danone,Name brand,Yoghurt,,,134.0,13.3,,4.5,3.3,,,1
Australian Roasted Peanuts,Nature's Delight,Name brand,"Fruit, veg & legumes",C,3,638.0,4.3,0.0,8.0,25.0,,,1
Raspberry Greek Yogurt,Chobani,Name brand,Yoghurt,A,4,193.0,16.2,0.08,0.1,13.7,,4,1
Corn kernels,Coles,Supermarket own brand,"Pasta, rice & grains",A,,66.0,3.5,0.38,0.0,2.6,,,1
Party mix,Starburst,Name brand,Confectionery,D,4,312.0,43.0,0.02,0.0,3.0,,9,1
Tuna Spicy Chilli,Coles,Supermarket own brand,Meat & seafood,B,3,163.0,0.0,1.18,1.1,15.3,1.1,,1
Shrikhand Mango,Sai Shree Foods,Name brand,Yoghurt,C,3,155.0,20.5,0.14,3.0,5.6,,1,1
John West Tuna Tempters Sweet Chilli,John West,Name brand,Meat & seafood,B,,,6.2,0.8,0.7,15.3,0.0,,1
Dare double expresso,Dare iced coffee,Name brand,Milk & alternatives,C,4,84.0,9.0,0.41,2.2,3.4,0.0,1,1
Garlic powder,Masterfoods,Name brand,Sauces & condiments,,,,,,,,,,1
Garlic powder,Masterfoods,Name brand,Sauces & condiments,A,,0.0,0.0,0.0,0.0,0.0,0.0,,1
Shapes fried chicken,Arnott's,Name brand,Chips & salty snacks,D,,471.0,1.6,1.71,3.6,7.6,3.2,,1
Australian Currants,sunbeam,Name brand,"Fruit, veg & legumes",,3,,,,,,,,1
1L GC Guava Nectar,Golden Circle,Name brand,Soft drinks & juice,E,,55.0,12.6,0.0,0.0,0.2,,,1
Butter Lettuce,Woolworths,Supermarket own brand,"Fruit, veg & legumes",A,,63.0,1.0,0.04,1.0,1.3,1.4,,1
Nacho cheese,CC's,Name brand,Chips & salty snacks,D,4,526.0,3.2,1.22,12.4,8.0,3.6,5,1
Raspberry Shortbread Ice Cream,Bulla,Name brand,Ice cream & desserts,E,4,352.0,30.4,0.17,12.9,4.2,,11,1
Kabana Minis,Don,Name brand,Meat & seafood,E,4,253.0,2.5,2.67,7.5,17.2,,8,1
Tuna w roasted capsicum & three bean mix,John West,Name brand,Meat & seafood,,1,143.0,1.2,,0.8,12.6,4.0,,1
ranch,Woolworths,Supermarket own brand,Sauces & condiments,D,4,,,,,,,5,1
Honey mustard dressing,Beerenberg,Name brand,Sauces & condiments,C,,214.0,17.0,0.11,1.0,1.1,,,1
"Almond, Brazil & Cashew Spread",Macro,Supermarket own brand,Spreads,,,640.0,,,10.0,20.0,10.0,,1
Pure organic honey,Cloverdale,Name brand,Spreads,,2,335.0,82.1,,0.0,0.2,,,1
Pure beechworth honey,Beechworth,Name brand,Spreads,D,,,82.1,0.01,0.0,0.3,0.0,,1
Italian glaze,Moro,Name brand,Sauces & condiments,,4,,,,,,,,1
macadaumia mango,Weis,Name brand,Ice cream & desserts,C,4,,,,,,,5,1
Maxibon,Peter's,Name brand,Ice cream & desserts,E,4,334.0,28.0,0.45,10.2,4.4,,7,1
Apple Puree,Spc,Name brand,Ice cream & desserts,A,,67.0,14.1,0.01,0.0,0.3,,,1
Organic Crushed Tomatoes,Ardmona,Name brand,"Fruit, veg & legumes",,,7.0,2.2,,0.1,1.8,2.3,,1
Cereals cashews nutty clusters,Nestlé,Name brand,Breakfast cereals,C,,156.0,7.3,1.4,0.6,8.1,,,1
Honey,Capilano,Name brand,Spreads,,2,338.0,82.7,,0.0,0.3,,,1
Capilano Premium Floral Honey,Capilano,Name brand,Spreads,D,,338.0,82.7,0.04,0.0,0.3,,,1
Grissini 3 Seed & Sea Salt,Always Fresh,Name brand,Chips & salty snacks,D,,463.0,2.5,2.5,2.5,10.6,,,1
Sea salt crackers,Woolworths,Supermarket own brand,Chips & salty snacks,C,,497.0,2.4,0.44,3.5,8.1,,,1
Iced Coffee Espresso,Dare,Name brand,Milk & alternatives,B,3,82.0,8.7,0.11,2.2,3.4,,,1
Tomato sauce,Masterfoods,Name brand,Sauces & condiments,D,3,,34.4,2.9,0.1,1.9,,,1
Skim Sweetened Condensed Milk,Nestle,Name brand,Milk & alternatives,D,,287.0,60.8,0.25,0.4,8.8,,,1
Sanitarium smooth peanut butter,Sanitarium,Name brand,Spreads,,3,,,,,,,1,1
Berry Valley Fresh Blueberries,Berry Valley,Name brand,"Fruit, veg & legumes",A,1,,,,,,,,1
White sandwich bread,Woolworths Essentials,Supermarket own brand,Bread,B,,229.0,2.4,0.95,1.7,7.6,2.8,,1
Tomato paste no added salt,Leggo's,Name brand,"Fruit, veg & legumes",A,1,,11.0,0.14,0.1,3.9,,,1
Dry roasted almonds,Macro,Supermarket own brand,"Fruit, veg & legumes",A,,630.0,4.8,0.0,4.4,21.3,11.1,,1
Uncle Tobys Plus Muesli Flakes,Uncle Tobys,Name brand,Breakfast cereals,C,,360.0,23.8,0.28,1.0,8.1,,,1
Free from lactose light milk,Woolworths,Supermarket own brand,Milk & alternatives,,,46.0,5.0,,0.9,3.2,,,1
Salted Peanuts,Nobbys,Name brand,Chips & salty snacks,,3,,,,,,,,1
"Peach, sultanas & Oat clusters",Milka,Name brand,Breakfast cereals,,4,,,,,,,2,1
Thick&Creamy Lemon Cream Yoghurt,Dairy Farmers,Name brand,Yoghurt,C,,113.0,14.7,0.1,4.1,3.7,,,1
Latina Beef Ravioli,Latina,Name brand,Meat & seafood,A,4,,0.7,0.69,1.7,6.4,5.2,,1
Cookies Double Choc,Cadbury,Name brand,Biscuits & cakes,E,,455.0,35.3,0.86,11.5,5.4,,,1
Butter Chicken with Saffron Pillaf,My Muscle Chef,Name brand,Meat & seafood,A,4,159.0,2.0,0.42,2.3,12.5,1.1,1,1
Heinz Beanz Salt Reduced,Heinz,Name brand,Ready meals,A,4,85.0,4.6,0.59,0.1,4.9,,3,1
Raisin & Pumpkin Seed Artisan Crackers,Olina's,Name brand,Chips & salty snacks,D,3,430.0,28.0,1.7,2.2,12.7,7.7,1,1
Honey,Capilano,Name brand,Spreads,D,,338.0,82.7,0.04,0.0,0.3,0.0,,1
Caramilk hokey pokey,Cadbury,Name brand,Confectionery,E,4,524.0,60.0,0.24,16.8,6.0,,3,1
Whole Green Lentils,Mc Kenzie’s,Name brand,"Fruit, veg & legumes",A,1,,1.3,0.01,1.0,27.6,17.3,,1
Super Choc Drumstick,Peters,Name brand,Ice cream & desserts,E,4,321.0,29.4,0.25,12.4,4.1,,15,1
Puffed Rice,Abundant Earth,Name brand,Breakfast cereals,A,,379.0,0.3,0.01,1.0,8.3,3.8,,1
Pumpkin Soup,Fresh Gurus,Name brand,Ready meals,,3,,,,,,,,1
Authentic Chicken Tikka,CommunityCo,Name brand,Meat & seafood,A,3,,,,,,,1,1
Peanut Butter Crunchy,Community Co,Supermarket own brand,Spreads,C,4,662.0,10.4,0.46,11.2,22.0,2.5,,1
Salmon Risotto,My Muscle Chef,Name brand,Ready meals,A,3,143.0,2.1,0.89,1.6,7.7,1.6,,1
M&M’s Mix ups,M&M,Name brand,Confectionery,E,4,490.0,60.8,0.2,11.2,6.0,,7,1
Gingerbread with spiced biscuits ice cream,Coles,Supermarket own brand,Ice cream & desserts,D,4,241.0,19.9,0.2,8.1,3.6,1.0,9,1
Premium Quality Frozen Chopped Spinach,Natures Nutrients,Name brand,"Fruit, veg & legumes",,,,,,,,,,1
Clive of India Authentic Curry Powder,Ward McKenzie Pty Ltd,Name brand,Sauces & condiments,,3,,,,,,,,1
butter chicken & rice,Coles,Supermarket own brand,Meat & seafood,A,4,42.0,2.0,0.38,1.4,9.8,,1,1
Shredded Coconut,Colea,Name brand,"Fruit, veg & legumes",D,3,684.0,7.4,0.04,64.0,7.4,14.0,1,1
Natural coconut milk yogurt,Nakula,Name brand,Yoghurt,C,,120.0,1.0,0.05,8.9,0.7,,,1
Goodies + Grains Coconut Granola,Goodies + Grains,Name brand,Breakfast cereals,D,3,,7.5,0.02,17.1,14.2,,,1
Apple Pie Snack Bars,Freedom Foods,Name brand,Muesli & protein bars,B,4,,29.8,0.22,0.7,8.9,16.4,3,1
Biodynamic Milk,Paris Creek Farms,Name brand,Milk & alternatives,B,,68.0,4.6,0.09,2.7,3.4,,,1
The max cool choc mint,Oak,Name brand,Soft drinks & juice,E,4,,11.3,0.14,2.4,3.5,,2,1
Abbott's Rustic White Bread,Abbots Village Bakery,Name brand,Bread,B,4,,4.1,1.02,0.4,8.0,3.1,3,1
Yoghurt Natural Indian Style,Sai Shree Foods,Name brand,Yoghurt,,3,,,,,,,,1
Strawberry Fields Organic,Yummmm!!!,Name brand,"Fruit, veg & legumes",A,1,,,,,,,,1
Adelaide Hills Dairies 100% South Australian Fresh Milk Fat ,Adelaide Hills Dairies,Name brand,Milk & alternatives,A,1,,4.4,0.1,1.1,3.5,,,1
Spring Valley pineapple juice,Spring Valley,Name brand,Soft drinks & juice,D,,,11.6,0.03,0.0,0.4,0.2,,1
Mandarin Juice,Grove Juice,Name brand,Soft drinks & juice,,,22.0,4.2,,0.1,0.5,,,1
Tastfully Original Chilled Orange Juice,Original Juice Co,Name brand,Soft drinks & juice,C,1,,8.6,0.0,0.0,0.7,0.0,,1
Old El Paso Shredded Chicken,Old El Paso,Name brand,Meat & seafood,C,,,1.9,1.12,2.2,4.3,1.6,,1
Greek Style Natural Yoghurt,Brancourts,Name brand,Yoghurt,C,4,,5.5,0.17,4.5,4.8,,1,1
Sea salt & cracked pepper chips,Natural Chip Company,Name brand,Chips & salty snacks,E,4,540.0,2.4,1.41,15.5,6.1,2.8,2,1
Organic Yogurt Blackberry & Raspberry,Gippsland Dairy,Name brand,Yoghurt,,4,,,,,,,2,1
Doritos Roulette,Doritos,Name brand,Chips & salty snacks,E,4,,2.4,1.62,13.0,8.7,3.6,9,1
Devondale Our Creamy Colby Cheese,Devondale,Name brand,Cheese,D,3,,1.0,1.55,23.2,23.7,,,1
Breakfast Marmalade,Home Brand,Name brand,Spreads,D,4,273.0,54.0,0.05,0.5,0.5,0.9,2,1
Coles Tomato Paste,Coles,Supermarket own brand,"Fruit, veg & legumes",A,1,,13.6,0.17,0.1,4.9,,,1
Krummies,TipTop,Name brand,Bread,C,4,387.0,4.8,1.39,0.6,13.6,10.7,8,1
Sourdough Cobb,Woolworths,Supermarket own brand,Bread,,3,,,,,,,,1
Coke,Coke,Name brand,Soft drinks & juice,,,43.0,10.6,,0.0,0.0,,,1
black olives sliced,Always Fresh,Name brand,Sauces & condiments,,4,146.0,,1.78,2.4,1.2,,1,1
Multigrain Sandwich Loaf,Coles,Supermarket own brand,Bread,,,247.0,2.4,1.01,,9.6,4.1,,1
Soft White Bread,Woolworths,Supermarket own brand,Bread,,,249.0,3.6,0.95,,8.6,4.8,,1
Khobz White Pita,Khobz,Name brand,Bread,A,,278.0,1.7,0.65,0.3,10.4,1.9,,1
Mini wraps,,Unknown,Bread,D,4,288.0,2.7,2.16,4.4,10.0,,9,1
Lebanese bread,,Unknown,Bread,B,,249.0,0.2,0.46,0.2,8.8,,,1
Sourdough original crispbread,Carman's,Name brand,Bread,D,,421.0,7.5,2.49,2.9,12.5,,,1
Organic sourdough spelt,Healthybake,Name brand,Bread,A,3,279.0,0.2,1.1,0.6,10.8,7.0,,1
soft multigrain,Woolworths,Supermarket own brand,Bread,D,,255.0,2.5,4.0,1.0,10.5,,,1
Barista oat milk,Coles,Supermarket own brand,Milk & alternatives,,,59.0,2.1,,0.4,1.1,0.0,,1
Specialty Crackers Cashew & Rosemary,Ob Finest Specialty Crackers,Name brand,Chips & salty snacks,E,,435.0,21.3,1.82,3.3,11.3,,,1
Arnott's mini Scotch Finger,Arnott's,Name brand,Biscuits & cakes,E,,488.0,19.0,0.48,12.2,5.7,,,1
Crunchy Clusters,Carman's,Name brand,Breakfast cereals,E,,423.0,19.0,8.0,1.8,10.4,,,1
Oat Slice - Belgian Chocolate Brownie,Carman's,Name brand,Biscuits & cakes,D,4,452.0,23.3,0.15,15.0,6.3,5.7,3,1
Mexican Style Brown Rice,Uncle Ben's,Name brand,"Pasta, rice & grains",C,4,,3.2,0.81,0.4,3.8,,,1
original,Jarlsberg,Name brand,Cheese,D,,349.0,0.0,1.1,17.3,27.3,,,1
Vegan Mayo,Celebrate Health,Name brand,Sauces & condiments,D,4,533.0,0.0,1.33,3.3,0.0,0.0,1,1
Smoked Ocean Trout,Ocean Blue,Name brand,Meat & seafood,D,,156.0,0.0,2.92,1.6,22.6,,,1
Dates,,Unknown,"Fruit, veg & legumes",,,289.0,66.0,,0.0,2.0,,,1
Slow cooked roast beef,Woolworths Cook,Supermarket own brand,Meat & seafood,B,4,,2.1,0.99,2.2,18.3,,7,1
White Vinegar,Cornwell's,Name brand,Sauces & condiments,,2,,0.0,,0.0,,,,1
Corn Puffs Smokey BBQ,For goodness snacks,Name brand,Chips & salty snacks,D,4,480.0,4.6,2.54,5.7,9.1,70.6,3,1
Double Choc Chip Biscuits Free from gluten,Woolworths,Supermarket own brand,Biscuits & cakes,D,4,465.0,23.5,0.59,8.2,7.6,5.9,2,1
sparkling red grape juice,grapetiser,Name brand,Soft drinks & juice,E,4,,12.0,0.03,0.0,0.0,,1,1
Lime Juice,Bickfords,Name brand,Soft drinks & juice,B,,30.0,7.3,0.02,0.0,0.0,0.0,,1
Mozzarella cheese,Devondale,Name brand,Cheese,D,4,315.0,1.0,1.39,15.9,25.9,,2,1
Orange & Mango Juice,Nippy's,Name brand,Soft drinks & juice,D,4,43.0,8.2,0.01,1.0,0.7,,3,1
Omega 3 yoghurt raspberry,Westhaven,Name brand,Yoghurt,C,4,106.0,9.2,0.09,2.7,3.9,,1,1
Edam,South Cape,Name brand,Cheese,C,,335.0,4.0,0.14,17.2,25.6,,,1
Persian Fetta Dill & Chives,Yarra Valley Cheese,Name brand,Cheese,D,,304.0,7.2,1.05,14.4,15.6,,,1
Heinz lite mayonnaise,Heinz,Name brand,Sauces & condiments,C,4,0.0,6.8,0.68,2.4,0.8,0.0,6,1
Full cream milk,Devondale,Name brand,Milk & alternatives,B,,62.0,0.6,0.09,2.3,3.5,,,1
Ginger Beer,Kirk's,Name brand,Soft drinks & juice,E,4,46.0,11.2,0.01,0.0,0.0,,3,1
Allen's Party Mix,Allen's,Name brand,Confectionery,,4,,,,,,,4,1
Fruit Chews,Spar,Name brand,Confectionery,,4,,,,,,,6,1
Manuka Multifloral Honey,Maruka,Name brand,Spreads,E,2,347.0,71.0,0.12,10.0,10.0,0.0,,1
Orange Fruit Juice Drink,Fresha,Name brand,Soft drinks & juice,E,4,45.0,10.7,0.0,0.0,0.2,1.2,5,1
Salad dressing,Praise,Name brand,Sauces & condiments,D,4,191.0,7.5,1.81,2.5,2.5,0.0,5,1
Cinnamon donut 12 pk,Woolworths,Supermarket own brand,Biscuits & cakes,D,,354.0,21.6,1.25,8.0,4.2,2.0,,1
No Nasties Butter Chicken,Hart & Soul,Name brand,Spreads,D,4,272.0,15.7,1.65,3.7,2.6,,1,1
Apple crumble,Nanna's,Name brand,Biscuits & cakes,C,4,204.0,19.3,0.26,3.9,2.2,,13,1
Yakult,Yakult,Name brand,Yoghurt,C,,46.0,4.3,40.0,0.1,1.3,,,1
Probiotic Drink,Yakult,Name brand,Yoghurt,C,,77.0,17.2,0.04,0.1,1.3,,,1
Pineapple lumps,Pascall,Name brand,Confectionery,E,4,,67.4,0.07,12.0,2.9,,5,1
Free from gluten ginger nut biscuits,Woolworths,Supermarket own brand,Biscuits & cakes,E,4,427.0,34.5,0.21,50.0,50.0,2.2,2,1
Almond original,So Good,Name brand,Milk & alternatives,B,,29.0,3.4,0.08,0.1,0.6,0.3,,1
Vine tomatoes & basil,Peckish,Name brand,Chips & salty snacks,D,,423.0,3.3,1.01,2.2,7.2,,,1
Choc Bombs 50% less sugar,The No Nasties Project,Name brand,Breakfast cereals,A,4,378.0,13.4,0.37,1.5,9.2,5.8,2,1
Fruity  50% less Sugar Loops,The No Nasties Project,Name brand,Breakfast cereals,,4,,,,,,,7,1
Nestle Kit Kat Chocolate Bar Share Pack 185g,Kit Kat,Name brand,Muesli & protein bars,C,,88.0,8.6,0.01,2.9,1.1,,,1
Fruity stackers,The Natural Confectionery Co.,Name brand,Confectionery,,,343.0,46.4,,4.0,4.0,,,1
Skittles Slueshies,Skittles,Name brand,Confectionery,,,404.0,73.0,,2.6,0.0,0.0,,1
Sugar free jellies,Double D,Name brand,Confectionery,B,4,250.0,0.2,0.01,1.0,3.8,,6,1
Pure Orange Juice Pulp Free,Coles,Supermarket own brand,Soft drinks & juice,C,1,41.0,8.5,0.01,0.0,0.9,0.0,,1
Fried shallot,Dragon And Phoenix,Name brand,Sauces & condiments,,,47.0,1.9,,1.1,0.7,,,1
So Good Oat extra creamy,Sanitarium,Name brand,Milk & alternatives,,,54.0,2.4,,0.2,0.7,0.4,,1
Oriental Cup Noodles,Supreme,Name brand,"Pasta, rice & grains",,,90.0,0.6,,1.7,1.7,,,1
Popcorners sea salt,Sea Salt,Name brand,Chips & salty snacks,C,,425.0,0.5,1.29,2.0,8.5,3.0,,1
Arnotts Obsession Mint Choc,Arnott's,Name brand,Biscuits & cakes,E,,514.0,50.5,0.29,14.6,4.7,3.6,,1
Butter Shortbread,Arnott's,Name brand,Biscuits & cakes,E,,519.0,16.4,0.38,15.6,4.8,,,1
Vanilla Bean greek style yoghurt,,Unknown,Yoghurt,C,4,135.0,13.8,0.1,3.1,5.2,,,1
Spaghetti in Tomato Sauce,Woolworths,Supermarket own brand,Ready meals,B,4,47.0,3.5,0.33,0.1,1.2,,2,1
Vegan fruity flavoured jellies,,Unknown,Confectionery,,4,334.0,54.0,,4.0,4.0,,2,1
Tomato Paste,Homebrand,Supermarket own brand,Sauces & condiments,A,3,88.0,12.4,0.4,0.4,4.0,4.0,,1
Big Mick,,Unknown,Sauces & condiments,D,4,432.0,9.5,1.79,1.0,42.6,,9,1
Sourdough Wraps,Wattle Valley Foodstore,Name brand,Bread,B,4,,1.2,1.19,2.5,6.7,5.7,14,1
Peanut butter smooth,Coles,Supermarket own brand,Spreads,,4,627.0,7.6,,8.8,27.5,6.0,1,1
Cheddar shred,BIO,Name brand,Cheese,E,4,,,,,,,4,1
Goat cheese fresh chevre Originial,Meredith Dairy,Name brand,Cheese,D,3,265.0,1.5,1.05,15.0,15.0,,,1
Hazelnuts cashew and cacao butter,Mayvers,Name brand,Spreads,A,1,,10.6,0.06,5.0,15.5,9.7,,1
Lemnos Cheese Haloumi Org 180GM,Lemnos,Name brand,Cheese,D,,313.0,3.3,4.05,17.3,19.3,,,1
Mini oreos,Oreo,Name brand,Biscuits & cakes,E,4,488.0,38.3,1.34,10.0,4.3,,1,1
Australian Brown Rice,Sun Rice,Name brand,"Pasta, rice & grains",A,1,,,,,,,,1
Marinated Fetta Classic,South cape,Name brand,Cheese,D,,288.0,4.0,2.2,17.2,12.4,,,1
Heinz Beanz,Heinz,Name brand,Ready meals,B,4,85.0,5.1,1.1,0.1,4.4,3.7,4,1
Strawberry yoghurt 98% fat free,Woolworths,Supermarket own brand,Yoghurt,B,4,91.0,12.4,0.11,1.2,4.2,0.0,2,1
Super crunchy peanut butter,Vegemite,Name brand,Spreads,E,,616.0,8.4,0.57,10.3,23.7,,,1
Gingerbread with a Caramel Ripple Ice Cream Sticks,Coles,Supermarket own brand,Ice cream & desserts,D,4,300.0,28.1,0.12,11.2,3.6,1.0,8,1
Maple Flavoured Syrup,Woolworths,Supermarket own brand,Ice cream & desserts,D,,269.0,50.0,0.27,0.7,6.7,,,1
Tuna chunks,Coles,Supermarket own brand,Meat & seafood,B,,222.0,0.0,0.9,2.4,22.2,,,1
Coles Lactose Free Milk Full Cream,Coles,Supermarket own brand,Milk & alternatives,B,,,5.0,0.12,2.2,3.1,,,1
Blueberry Yoghurt,Coles,Supermarket own brand,Yoghurt,,,69.0,12.0,,1.4,37.1,,,1
Organic blueberry yogurt,five:am,Name brand,Yoghurt,C,4,114.0,8.8,0.16,3.4,4.5,,2,1
Chicken rice,Rice A Riso,Name brand,"Pasta, rice & grains",,4,39.0,1.3,,1.0,4.2,,1,1
Greek Natural Yoghourt,Jalna,Name brand,Yoghurt,C,3,129.0,4.8,0.33,7.1,3.8,0.0,,1
Immunity hit,Nudie,Name brand,Soft drinks & juice,,,37.0,7.0,,0.4,0.5,0.4,,1
Honey soy chicken crispy crackers,The Natural Cracker Co.,Name brand,Chips & salty snacks,D,4,492.0,6.2,1.97,2.3,6.2,1.8,2,1
mild indian curry tuna,john west,Name brand,Meat & seafood,,4,,,,,,,1,1
Jasmine rice,Coles,Supermarket own brand,"Pasta, rice & grains",A,4,150.0,0.0,0.01,0.8,2.8,1.2,1,1
Natural Set Yoghurt,Chtaura Dairy Products,Name brand,Yoghurt,,1,66.0,1.0,0.12,,3.5,,,1
Loaded Mexican Chicken,Youfoods,Name brand,Ready meals,A,4,91.0,4.5,0.92,1.1,8.2,3.0,13,1
Cherry ripe chocolate bunny,Cadbury,Name brand,Muesli & protein bars,E,4,600.0,50.4,20.0,18.8,4.8,0.0,9,1
Sticky Date Pudding,Sara Lee,Name brand,Biscuits & cakes,E,4,332.0,38.6,1.04,6.9,2.7,,12,1
Raw peanuts skin on,Coles,Supermarket own brand,"Fruit, veg & legumes",B,1,569.0,5.1,0.0,8.2,24.7,8.2,,1
Berries & Yoghurt Aussie Oat Bars,Carman's,Name brand,Muesli & protein bars,B,4,368.0,14.2,0.03,3.0,7.7,15.1,4,1
GLOW Dragonfruit and Lychee,naked life,Name brand,Soft drinks & juice,C,4,9.0,0.0,0.01,0.0,1.0,0.2,2,1
Capers in Vinegar,Sandhurst,Name brand,Sauces & condiments,,3,,,,,,,1,1
Black beans,Chef's Choice,Name brand,"Fruit, veg & legumes",A,3,57.0,0.0,0.98,0.0,4.1,5.1,,1
Mexican style salad,woolworths,Supermarket own brand,Ready meals,A,4,125.0,4.9,0.49,0.6,1.8,2.1,2,1
Eat well Bolognese pasta sauce,Leggo's,Name brand,Sauces & condiments,A,3,50.0,4.8,0.6,0.1,1.9,4.3,,1
Corned beef,Hamper,Name brand,Meat & seafood,C,,117.0,0.1,1.02,4.2,9.8,0.0,,1
Sausage Roll,Four N Twenty,Name brand,Ready meals,D,4,,1.0,0.61,7.2,8.5,,10,1
Corned beef,Hamper,Name brand,Meat & seafood,E,,235.0,0.1,2.06,8.4,19.6,,,1
Salsa Chunky Medium,Mission,Name brand,Sauces & condiments,,,,4.3,0.99,0.1,,,,1
TimeOut,Cadbury,Name brand,Muesli & protein bars,E,,500.0,47.5,0.22,18.0,5.0,,,1
Miso Soup with spinach and mushrooms,Pandaroo,Name brand,Ready meals,D,,283.0,17.7,2.37,1.0,22.5,,,1
Passage Toindia Korma sauce simmer,Passage To,Name brand,Sauces & condiments,D,,104.0,4.3,2.99,2.6,2.8,2.3,,1
Coca cola energy,Coca-Cola,Name brand,Soft drinks & juice,B,,1.0,0.0,0.0,0.0,0.0,,,1
bacon,Primo,Name brand,Meat & seafood,D,,229.0,1.0,1.09,7.3,14.5,,,1
Beetroot relish,Beerenbery,Name brand,Sauces & condiments,,,660.0,34.0,,0.0,0.0,0.0,,1
Sunbites Grain Waves Sour Cream & Chives,Smith's,Name brand,Chips & salty snacks,D,,481.0,6.6,0.46,2.1,7.1,,,1
Benning's  Australian Blueberries,K.S. Benning and Sons,Name brand,"Fruit, veg & legumes",,,,,,,,,,1
Coco2 Hazelnut Spread 240GM,Pure Harvest,Name brand,Spreads,D,,360.0,37.4,0.0,3.2,4.6,4.2,,1
Rockmelon,Woolworths,Supermarket own brand,"Fruit, veg & legumes",,,,12.5,0.09,,1.3,2.6,,1
Vanilla custard,Parmalat,Name brand,Ice cream & desserts,C,4,103.0,14.9,0.16,1.7,3.2,0.0,6,1
Shortcut Bacon,Mayfair,Name brand,Meat & seafood,,,77.0,,1.48,2.2,,,,1
Roasted fav-va beans,The Happy Snack Company,Name brand,"Fruit, veg & legumes",A,3,425.0,2.2,0.64,1.4,27.0,15.0,,1
Dairy milk hazelnut,Cadbury,Name brand,Muesli & protein bars,D,4,304.0,27.3,0.1,9.4,4.7,,2,1
Beef stroganoff with spinach fettuccine,My Muscle Chef,Name brand,Meat & seafood,A,4,,1.0,0.56,1.4,11.8,1.4,3,1
Tepache,Remedy,Name brand,Soft drinks & juice,,4,,,,,,,2,1
Sesame snaps,Golden Days,Name brand,Muesli & protein bars,E,4,519.0,35.3,0.15,8.3,11.3,,2,1
Fruit Cup,Golden Circle,Name brand,Soft drinks & juice,E,4,,7.4,0.01,0.0,0.0,,6,1
Turmeric Powder,Pattu,Name brand,Sauces & condiments,,1,,,,,,,,1
Halloumi,Bio Cheese,Name brand,Milk & alternatives,E,4,260.0,0.2,3.5,14.0,1.3,,4,1
Lime and Soda water,,Unknown,Soft drinks & juice,,,,,,,,,,1
Coca-Cola Vanilla Flavour,Coca-Cola,Name brand,Soft drinks & juice,E,,44.0,10.9,25.0,0.0,0.0,,,1
kettle Chunky,Kettle,Name brand,Chips & salty snacks,,3,,,,,,,,1
Garlic Paste,MACRO,Supermarket own brand,Sauces & condiments,A,4,,,,,,,2,1
Tomato Sauce,White Crow,Name brand,Sauces & condiments,A,4,18.0,3.7,0.25,0.0,0.2,,,1
Beef Tortellini,Pozza,Name brand,Meat & seafood,,4,,0.5,0.2,,5.3,1.9,1,1
Vanilla up and go,Sanitarium,Name brand,Sauces & condiments,,,51.0,4.2,0.64,1.5,3.2,,,1
Supreme pizza,Street Pizza,Name brand,Ready meals,,4,195.0,6.1,,7.0,7.9,,6,1
Roasted Chickpeas Chocolate Salted Caramel,,Unknown,Confectionery,E,,495.0,17.5,0.46,13.0,9.0,,,1
Smarties,Nestle,Name brand,Muesli & protein bars,E,4,478.0,67.3,0.12,10.3,4.8,,8,1
Australian Baby Spinach,Coles,Supermarket own brand,"Fruit, veg & legumes",,1,,,,,,,,1
Carrots,Woolworths Select,Supermarket own brand,"Fruit, veg & legumes",,,,,,,,,,1
Thin Sausages 24 Pack,Homebrand,Supermarket own brand,Meat & seafood,,,,,,,,,,1
Chili Beef,Heinz,Name brand,Ready meals,A,4,76.0,3.2,0.72,0.6,4.7,2.2,3,1
Cherry Ripe,Cadbury,Name brand,Muesli & protein bars,E,,,48.8,0.09,20.0,4.2,,,1
Wok Ready Noodles,Kantong,Name brand,"Pasta, rice & grains",A,,143.0,0.5,0.42,0.2,7.9,,,1
Honey soy chicken chips,Red Rock Deli,Name brand,Chips & salty snacks,D,4,490.0,5.4,0.52,2.9,7.7,,2,1
Pasta Spirals,San Remo,Name brand,"Pasta, rice & grains",,,365.0,2.5,,0.8,0.0,3.0,,1
Seacrown Crab Meat in Brine,Seacrown,Name brand,Meat & seafood,B,4,,0.8,1.29,0.1,13.8,,4,1
Australian Baby Carrots,Coles,Supermarket own brand,"Fruit, veg & legumes",,1,,,,,,,,1
Soda Water,Coles,Supermarket own brand,Soft drinks & juice,B,,0.0,0.0,0.01,0.0,0.0,0.0,,1
Lemon Lime & bitters,Schweppes,Name brand,Soft drinks & juice,E,4,42.0,10.1,0.03,0.0,0.0,,2,1
Prawn Gyoza,KBs,Name brand,Ready meals,B,4,222.0,2.5,0.41,3.1,8.5,0.0,1,1
Fresh Pineapple,King of Fruit,Name brand,"Fruit, veg & legumes",,1,,,,,,,,1
Scone Buttermilk Homestyle,Woolworths,Supermarket own brand,Biscuits & cakes,D,,303.0,10.5,2.23,3.6,6.9,,,1
Vegemite,Mondelez Australia Foods,Name brand,Spreads,C,4,,2.2,8.76,1.0,25.4,7.8,2,1
Calippo Minis Tropical 10 Pack,Streets,Name brand,Ice cream & desserts,,4,,,,,,,5,1
"Birds Eye Deli Choices Peri Peri Pulled Chicken with Corn, C",Birds Eye,Name brand,Ready meals,B,4,,2.9,0.85,0.4,5.9,0.8,2,1
Sushi Seasoning,Obento,Name brand,Sauces & condiments,D,3,154.0,32.9,7.0,0.1,0.1,0.4,,1
Traditional Chicken & Vegetable Pies,Sargents,Name brand,Ready meals,B,4,,2.8,0.86,4.2,8.5,4.6,7,1
Fresh Green Asparagus,Fresh,Name brand,"Fruit, veg & legumes",,1,,,,,,,,1
pizza speciale,Dr Oetker,Name brand,Ready meals,D,4,250.0,2.6,1.32,4.5,9.9,,5,1
Nutino nutella,Nutino,Name brand,Spreads,E,,543.0,52.3,0.1,9.0,4.7,0.0,,1
FruChocs,Menz,Name brand,Confectionery,E,4,450.0,66.4,0.09,11.6,3.6,,7,1
Diet indian tonic water,Schweppes,Name brand,Soft drinks & juice,B,4,7.0,0.0,0.03,0.0,0.0,0.0,4,1
Vindaloo simmer sauce,Passage To,Name brand,Sauces & condiments,C,,68.0,3.6,1.8,0.4,1.9,,,1
French Onion Dip,Willow Farm,Name brand,Sauces & condiments,,4,,,,,,,3,1
Protein muffin banana,macro Wholefoods market,Supermarket own brand,Ready meals,A,4,373.0,13.2,0.78,1.6,16.2,16.4,,1
Pepsi MAX. Vanilla,Pepsi,Name brand,Soft drinks & juice,,,1.0,0.0,,0.0,0.1,,,1
Strawberry Flavoured Jelly Crystals,Woolworths,Supermarket own brand,Ice cream & desserts,,4,,,,,,,4,1
Boost chocolate,Cadbury,Name brand,Muesli & protein bars,E,,539.0,29.0,2.0,17.0,2.3,,,1
Kalamata Olives-Pitted,Always fresh,Name brand,Sauces & condiments,,,242.0,7.0,,2.5,1.0,,,1
Sliced beetroot,Golden Circle,Name brand,"Fruit, veg & legumes",A,3,49.0,9.1,0.53,0.0,1.1,,1,1
French Onion,,Unknown,Sauces & condiments,E,,246.0,3.9,1.9,9.6,5.0,,,1
Sesame bar,Edens,Name brand,Muesli & protein bars,,,174.0,20.8,,1.9,5.7,,,1
San remo,San Remo,Name brand,"Pasta, rice & grains",,,87.0,2.4,,1.6,12.5,3.0,,1
Woolworths stoneless black cherries in syrup,Woolworths,Supermarket own brand,Ice cream & desserts,A,3,94.0,15.1,0.01,0.5,0.5,4.6,,1
Oyster sauce,Chang’s,Name brand,Sauces & condiments,,,81.0,9.7,,0.0,2.3,,,1
,Ingham's,Name brand,Meat & seafood,C,,241.0,4.0,1.36,1.6,12.1,,,1
ozesauce,Ozesauce,Name brand,Sauces & condiments,,3,,,,,,,,1
Avocado with Sea Salt,Yumi's,Name brand,Sauces & condiments,,4,500.0,1.5,,4.5,1.5,,7,1
Yellowfin Tuna & Rice: Spicy Thai,Woolworths,Supermarket own brand,Meat & seafood,B,3,168.0,1.0,0.89,0.6,10.8,,,1
White Beans,Marco Polo,Name brand,"Fruit, veg & legumes",,1,,,,,,,,1
Chicken mushroom fettuccine,Weight Watchers,Name brand,Ready meals,B,,88.0,2.5,0.72,0.8,4.9,,,1
bitter lemon,Schweppes,Name brand,Soft drinks & juice,,,53.0,12.7,,0.0,0.1,,,1
Chocolate desert sauce,Birch & Waite,Name brand,Ice cream & desserts,D,,285.0,31.2,0.19,7.3,2.7,,,1
Fruit salad in juice,Coles,Supermarket own brand,"Fruit, veg & legumes",,,53.0,9.4,,0.8,0.8,0.8,,1
Mafalde Corte,,Unknown,Ready meals,,3,,4.0,,1.0,,,,1
Harvest snaps baked pea crisps,Calbee,Name brand,Chips & salty snacks,D,4,,2.9,1.69,5.0,17.9,14.7,8,1
Angus Beef & Ale Premium Sausages,Small Batch,Name brand,Meat & seafood,D,4,,3.4,1.26,6.3,18.1,,2,1
Lentil Bites: Pumped Up Pumpkin,Macro,Supermarket own brand,Chips & salty snacks,A,3,,3.1,0.36,1.5,15.1,7.8,,1
Swiss Slices,Mainland,Name brand,Cheese,D,,392.0,4.4,0.79,18.9,26.7,0.0,,1
Mango and blood irange twist yogurt,Gippsland Dairy,Name brand,Yoghurt,C,4,147.0,16.5,0.14,4.0,5.9,,5,1
Splits,Bulla,Name brand,Ice cream & desserts,C,4,143.0,21.0,0.06,3.6,1.4,,7,1
Miel Australien de Forêt Sauvage,Wescobee,Name brand,Spreads,D,2,,,,,,,,1
Saxa Iodised Table Salt,Saxa,Name brand,Sauces & condiments,,,0.0,,,,,,,1
Riverina fresh milk,,Unknown,Milk & alternatives,,,63.0,4.4,,2.4,3.4,,,1
Protein peanut spread,Bega,Name brand,Spreads,D,,556.0,9.5,1.02,8.6,30.0,10.0,,1
Australian white quinoa,Coles,Supermarket own brand,"Pasta, rice & grains",,,360.0,4.4,,2.0,12.6,10.8,,1
Beef lasagne,On the Menu,Name brand,Ready meals,C,,145.0,2.2,0.69,3.1,5.3,,,1
Black and white chia seeds,,Unknown,"Pasta, rice & grains",,,425.0,6.7,,6.7,14.0,,,1
Soy Barista Edition,Sanitarium,Name brand,Milk & alternatives,A,4,143.0,4.8,0.25,0.9,8.5,,3,1
Sardines in Organic Extra Virgin Olive Oil,Good Fish,Name brand,Meat & seafood,A,3,184.0,1.0,0.42,2.0,23.5,,,1
Helga's Traditional Wholemeal,Helga's,Name brand,Bread,D,,290.0,2.1,1.0,4.3,7.6,,,1
Wholemeal lower carb,Helga's,Name brand,Bread,C,,292.0,4.4,1.12,4.3,13.5,8.7,,1
Dark Chocolate Drops 70% cocoa,,Unknown,Confectionery,E,,596.0,31.3,0.0,25.7,8.8,0.0,,1
Manuka Active Honey,Calipano,Name brand,Spreads,,2,338.0,82.7,,0.0,0.3,,,1
Yoghurt Shop Belgian Triple Choc,The Yoghurt Shop,Name brand,Yoghurt,C,4,,18.0,0.15,5.2,9.8,,,1
Soy milk,Community Co,Supermarket own brand,Milk & alternatives,A,4,62.0,1.6,0.0,0.2,3.1,,2,1
Chobani Greek yogurt,Chobani,Name brand,Yoghurt,A,,74.0,8.8,0.03,0.1,8.2,,,1
Maya gold,Green & Black's,Name brand,Confectionery,E,4,551.0,38.7,0.01,22.0,7.2,,1,1
Curtis Stone’s Caramel Slice,Cadbury,Name brand,Confectionery,E,4,523.0,50.7,0.38,17.5,5.5,,3,1
Chicken breast tenders gluten free,Ingham's,Name brand,Meat & seafood,B,4,184.0,1.3,1.05,1.0,14.9,,11,1
Tropical fruit juice,Mountain Fresh Fruit Juices,Name brand,Soft drinks & juice,C,1,51.0,10.2,0.02,0.0,0.1,1.0,1,1
grissini italian breadsticks,val verde,Name brand,Bread,D,3,,2.8,1.2,1.3,11.9,,,1
The Greek (Honey),Brownes Dairy,Name brand,Yoghurt,C,4,,12.4,0.12,4.9,4.6,1.0,,1
Classic Chocolate,Dairy Farmers,Name brand,Milk & alternatives,B,4,73.0,8.8,0.17,1.6,3.2,,2,1
Monster Health Food Monster Muesli Sports Muesli,Monster,Name brand,Breakfast cereals,,4,359.0,10.2,,1.1,11.7,12.2,2,1
Tuna chunks,Coles,Supermarket own brand,Meat & seafood,B,,223.0,0.0,0.9,2.5,22.2,,,1
Light Tasty Cheddar,Coles,Supermarket own brand,Cheese,E,,336.0,0.0,1660.0,16.8,29.6,0.0,,1
Full cream milk,Coles,Supermarket own brand,Milk & alternatives,B,,65.0,5.1,0.1,2.2,3.3,,,1
Apple juice,Coles,Supermarket own brand,Soft drinks & juice,C,4,46.0,9.5,0.01,1.0,1.0,,2,1
Chocolate Celebration Cake,Coles,Supermarket own brand,Biscuits & cakes,,4,,26.6,0.61,,4.3,1.6,16,1
Fruit salad in syrup,Coles,Supermarket own brand,"Fruit, veg & legumes",,3,65.0,14.0,,0.0,0.8,,2,1
Apple & mango juice,Coles,Supermarket own brand,Soft drinks & juice,C,,45.0,9.6,0.0,0.5,0.0,,,1
Pure honey,Coles,Supermarket own brand,Spreads,,2,335.0,82.0,,0.0,0.0,0.0,,1
Coles Italian Grana Padano,Coles,Supermarket own brand,Cheese,D,3,391.0,0.0,1.5,18.0,33.0,,,1
ALLSORTS Raspberry,Darrell Lea,Name brand,Confectionery,D,4,385.0,58.9,0.05,4.0,2.3,0.0,7,1
Tuna with zesty vinaigrette,Coles,Supermarket own brand,Meat & seafood,,4,166.0,1.7,,1.2,19.5,1.1,3,1
Dark chocolate mousse,Yalla,Name brand,Ice cream & desserts,,4,,18.8,0.06,12.4,,,6,1
Harvey Fresh Milk,,Unknown,Milk & alternatives,B,,69.0,4.6,0.1,2.6,3.3,,,1
Salted corn chips,,Unknown,Chips & salty snacks,D,,,0.8,0.39,9.5,7.8,6.3,,1
Light Greek yoghurt,Jalna,Name brand,Yoghurt,B,,84.0,6.7,0.23,1.9,5.7,,,1
Scotch finger salted caramel tart,Arnotts,Name brand,Biscuits & cakes,,4,,,0.11,,,,4,1
Natural Smooth Peanut Butter,Sanitarium,Name brand,Spreads,C,,615.0,4.5,12.5,6.0,29.5,6.0,,1
Life-changing Organic Coconut Milk Powder,,Unknown,Milk & alternatives,,,674.0,10.0,,60.0,10.0,,,1
Tocchetti,Always Fresh,Name brand,Chips & salty snacks,D,3,,1.9,2.0,1.5,9.6,1.6,,1
Gluten Free Shortbread Cream,Arnott's,Name brand,Biscuits & cakes,E,4,499.0,30.0,0.78,12.8,3.9,3.9,5,1
CC’s tasty cheese 45g,CCs,Name brand,Chips & salty snacks,E,4,492.0,3.3,2.22,11.1,7.6,44.4,6,1
The Ranch Dressing,Beerenberg,Name brand,Sauces & condiments,E,4,354.0,10.7,2.1,6.7,6.7,,1,1
Chicken Mozzarella and Rocket Premium Sausages,Small Batch,Name brand,Meat & seafood,B,4,170.0,0.0,0.49,3.9,15.9,,2,1
Coleslaw salad dressing,Woolworths,Supermarket own brand,Sauces & condiments,E,4,370.0,26.5,2.36,5.0,5.0,,5,1
Protein mango yogurt,Yoplait,Name brand,Yoghurt,C,,89.0,8.7,0.59,5.9,1.9,0.5,,1
Greek style yoghurt,,Unknown,Yoghurt,,,106.0,5.0,,4.7,3.6,0.0,,1
Tomato sauce (30% Sugar Reduced),Coles,Supermarket own brand,Sauces & condiments,C,4,,14.3,0.47,1.0,1.1,1.0,3,1
Welsh Recipe Pork Sausages,The British Sausage Co.,Name brand,Meat & seafood,D,4,,1.3,1.32,8.2,12.0,,5,1
Fruity chews,,Unknown,Confectionery,,4,383.0,66.0,,4.0,4.0,,4,1
Original Oat milk,Dirty Clean Food,Name brand,Milk & alternatives,A,,54.0,2.0,0.07,0.2,0.6,1.0,,1
Soy Milk Calci-Plus,Vitasoy,Name brand,Milk & alternatives,B,3,26.0,1.3,0.06,0.2,1.3,0.2,,1
Clusters - Berry bliss,,Unknown,Breakfast cereals,A,4,432.0,15.5,0.15,2.0,10.0,8.2,2,1
Soya Sauce For Sushi and Sashimi,Obento,Name brand,Sauces & condiments,D,4,109.0,9.7,15.0,0.1,9.1,1.4,2,1
Linseeds,Macro,Supermarket own brand,"Pasta, rice & grains",A,,495.0,1.6,0.2,3.7,23.0,27.3,,1
Spelt & Chia wholemeal bread,Macro,Supermarket own brand,Bread,B,,233.0,1.5,0.8,1.2,13.8,,,1
Salted Pistachios,,Unknown,Chips & salty snacks,C,,617.0,6.3,2.24,6.3,25.7,9.0,,1
Chicken Cacciatore with Polenta,Strength Meals Co,Name brand,Meat & seafood,A,,99.0,3.0,0.61,1.5,8.7,0.5,,1
Tim Tam,Arnott's,Name brand,Biscuits & cakes,E,,519.0,42.6,0.16,14.6,4.4,,,1
Tim Tam,Arnott's,Name brand,Biscuits & cakes,E,,485.0,43.7,1.38,12.3,3.9,,,1
Tartare Sauce,,Unknown,Sauces & condiments,D,,229.0,14.7,0.24,6.7,6.7,,,1
country light tasty,Bega,Name brand,Cheese,D,,272.0,1.0,1.5,9.0,34.4,,,1
Chilli Con Carne,Unilever,Name brand,Meat & seafood,D,,317.0,30.0,10.5,1.0,17.0,13.0,,1
Tomato basil & lentils Real soup,Campbells,Name brand,Ready meals,A,4,28.0,3.9,0.22,0.0,10.0,1.5,1,1
Peanut butter,Woolworths Select,Supermarket own brand,Spreads,D,4,612.0,9.0,0.69,7.0,22.5,,1,1
Donut,Noshu,Name brand,Biscuits & cakes,C,,118.0,1.4,0.08,6.2,4.0,,,1
Fruit Loops,Kelloggs,Name brand,Breakfast cereals,D,4,392.0,38.0,0.34,0.5,6.4,2.4,5,1
chobani fit banana peanut punch,Chobani,Name brand,Yoghurt,B,,112.0,3.8,0.04,1.3,4.2,,,1
Skim milk lactose free,,Unknown,Milk & alternatives,B,1,35.0,4.8,0.11,0.1,3.2,,,1
Natural Muesli apple apricot macadamia,Brookfarm,Name brand,Breakfast cereals,,,430.0,10.4,,5.2,11.8,,,1
Full cream milk,,Unknown,Milk & alternatives,C,,158.0,12.0,0.25,5.7,8.3,,,1
Tasty Cheese,Coon,Name brand,Cheese,D,3,405.0,4.8,1.66,21.4,25.7,,,1
TimTam Slams,Arnotts,Name brand,Biscuits & cakes,,,,46.0,0.0,14.0,5.0,,,1
Mini cream cookies,cream,Name brand,Biscuits & cakes,,,679.0,8.0,,5.0,,,,1
Australian blueberry jzm,beerenberg,Name brand,Spreads,D,4,,65.0,0.03,0.0,0.0,,2,1
Choc Peanut Brittle,Kellys Candy Co.,Name brand,Confectionery,E,4,,50.0,0.46,8.2,9.0,,4,1
Old El Paso,Old El Paso,Name brand,Bread,B,,,1.5,1.0,1.4,9.1,4.7,,1
Raspberry Beret Cold Pressed Juice,Impressed,Name brand,Soft drinks & juice,,,53.0,9.9,,0.0,0.2,0.3,,1
Ally Pink Salmon,Ally,Name brand,Meat & seafood,,,147.0,1.0,,1.0,22.9,0.0,,1
Greek style yogurt apple & pear,Tamar Valley Dairy,Name brand,Yoghurt,C,4,,16.4,0.14,2.9,5.2,,1,1
Our Extra Soft,Devondale,Name brand,Spreads,,4,,,,,,,4,1
Up&Go Protein Energize,Sanitarium,Name brand,Milk & alternatives,,4,85.0,,,,7.1,,4,1
Chicken Noodles,Fantastic,Name brand,"Pasta, rice & grains",,,84.0,0.2,0.92,1.7,1.5,0.2,,1
Firm Tofu,Nature’s Kitchen,Name brand,"Fruit, veg & legumes",,4,140.0,,0.01,1.0,15.9,3.2,1,1
Pure Harvest organic rice unsweetened imp,,Unknown,Milk & alternatives,,3,48.0,3.1,,0.1,0.6,,,1
Parmesan Cheese Block,Woolworths,Supermarket own brand,Cheese,,,372.0,0.0,,18.8,32.0,,,1
Turkey breast thinly sliced,Primo,Name brand,Meat & seafood,,,122.0,,,,12.7,,,1
Australian Mozzarella Shredded Cheese,Woolworths,Supermarket own brand,Cheese,,4,264.0,,1.12,10.0,25.6,,2,1
Coco Pops,Kellogg's,Name brand,Breakfast cereals,,4,390.0,,0.82,0.3,5.7,1.7,,1
Wholegrain Smooth White,Wonder,Name brand,Bread,A,,174.0,1.5,0.65,1.0,6.4,5.4,,1
Organic orange juice,Sunzest Organic,Name brand,Soft drinks & juice,C,1,45.0,10.0,0.03,0.0,0.4,,,1
Naked Paramigiana,Core Powerfoods,Name brand,Ready meals,A,4,101.0,1.1,0.27,2.4,11.4,,3,1
White pitta,Meb,Name brand,Bread,B,1,266.0,1.5,0.61,0.2,9.6,4.6,,1
Protein Cookies & Cream Bars,Carman's,Name brand,Muesli & protein bars,D,4,470.0,18.0,0.59,8.5,25.0,8.2,3,1
"Smokey BBQ Brisket With Sweet Potato, Kale & Fetta Mash",My Muscle Chef,Name brand,Ready meals,C,4,146.0,5.4,0.69,2.2,11.5,1.1,2,1
Pulp free orange juice,Daily Juice,Name brand,Soft drinks & juice,C,4,40.0,8.2,0.01,0.0,0.6,0.2,3,1
Chicken Breast Tenders - Sweet Chilli,Ingham,Name brand,Meat & seafood,C,4,249.0,5.3,1.12,1.7,10.4,,6,1
Tamar valley dairy mangos and cream,Tamar Valley,Name brand,Yoghurt,C,4,139.0,9.5,0.15,3.2,5.2,,1,1
YoPRO Banana,Danone,Name brand,Yoghurt,A,4,60.0,3.7,0.1,0.2,10.0,,2,1
Jelly beans,Allen's,Name brand,Confectionery,E,4,347.0,58.0,0.15,0.0,0.0,,2,1
Chocolate Hazelnut Mousse Slice,Woolworths,Supermarket own brand,Biscuits & cakes,E,4,350.0,15.8,0.29,14.3,5.1,,18,1
Mm's Crispy 145gm,m&m,Name brand,Confectionery,E,4,464.0,60.8,0.34,9.6,5.2,,9,1
Kitkat Milo bar,Nestle,Name brand,Muesli & protein bars,E,,563.0,41.1,0.16,21.1,6.0,,,1
Tarama Dip,Gaganis,Name brand,Spreads,D,4,,0.1,1.35,0.9,0.5,,2,1
Light & creamy raspberry ripple,Peters,Name brand,Ice cream & desserts,C,,163.0,10.0,0.09,0.8,3.1,,,1
Rice thins whole grain imp,Real Foods,Name brand,"Pasta, rice & grains",C,3,411.0,0.6,0.44,0.6,8.3,,,1
Coco Pops imp,Kellogg's,Name brand,Breakfast cereals,D,4,390.0,32.3,0.82,0.3,5.7,1.7,,1
No sugar added vanilla low fat ice cream,Peters,Name brand,Ice cream & desserts,A,4,119.0,7.6,0.12,2.0,4.7,6.7,8,1
Australian Tasty Cheddar Shredded - Mature Strength,Coles,Supermarket own brand,Cheese,D,4,404.0,0.0,1.8,21.6,26.0,,2,1
Sugar free fruit drops,,Unknown,Confectionery,C,4,10.0,0.1,0.75,0.0,0.0,0.0,8,1
MONTE,ARNOTT'S,Name brand,Biscuits & cakes,E,4,501.0,36.8,0.68,15.2,4.8,,1,1
Minced garlic,Woolworths,Supermarket own brand,Sauces & condiments,A,1,,,,,,,1,1
Chicken Breast Sweet Chilli Tenders,Woolworths,Supermarket own brand,Meat & seafood,C,4,203.0,3.3,1.32,1.3,13.4,0.6,12,1
Black Beans,Macro Wholefoods Market,Supermarket own brand,"Fruit, veg & legumes",B,,95.0,0.1,0.02,0.1,5.3,5.5,,1
Gluten free soy & linseed,Abbott's Bakery,Name brand,Bread,C,4,263.0,4.5,0.82,0.7,6.6,4.5,2,1
Drumstick Boysen Berry Swirl,Peters,Name brand,Ice cream & desserts,E,4,277.0,29.1,0.17,10.0,3.3,,9,1
Vanilla Yoghurt,Danone,Name brand,Yoghurt,A,4,63.0,3.4,0.1,0.2,10.0,,2,1
spinach nicotta ravioli,,Unknown,Ready meals,C,4,151.0,2.2,0.71,2.8,5.9,1.2,3,1
Passionfruit pulp in syrup,Coles,Supermarket own brand,Soft drinks & juice,E,4,117.0,24.2,0.04,0.0,1.0,1.8,2,1
"Carbonara with Fresh Cream, Onion and Cheese Pasta Sauce",Leggos,Name brand,Sauces & condiments,C,4,71.0,1.9,0.87,3.1,1.4,,3,1
GRAINWAVES S/CRM&CHIVES 40GM,Sunbites,Name brand,Chips & salty snacks,C,4,480.0,6.5,0.97,2.0,7.0,6.5,6,1
Caramello dairy milk,Cadbury,Name brand,Confectionery,E,4,501.0,53.6,0.32,16.4,6.0,0.0,3,1
Baking Melts dark chocolate imp,Cadbury,Name brand,Confectionery,E,4,530.0,53.2,0.01,18.0,5.6,,1,1
Solo,Solo,Name brand,Soft drinks & juice,E,4,48.0,11.5,0.04,,0.0,,4,1
Brown rice,Coles,Supermarket own brand,"Pasta, rice & grains",B,4,231.0,0.0,0.0,0.4,4.2,3.1,1,1
Smoky Jalapeño Spiced Bites,Greens & Goodness,Name brand,Chips & salty snacks,C,4,218.0,3.2,1.55,1.2,8.2,4.4,10,1
"Snack Time Chickpeas with olive oil, garlic & rosemary",Edgell,Name brand,"Fruit, veg & legumes",B,3,229.0,1.0,0.64,1.9,7.4,,,1
Natural Goat’s Milk Yoghurt,Tasmania’s Westhaven,Name brand,Yoghurt,C,,,3.7,0.15,3.3,5.0,,,1
Almond Frozen Dessert sticks plant based,Pana Organic,Name brand,Milk & alternatives,E,4,,19.7,0.04,17.4,2.2,,3,1
Peanut butter,,Unknown,Spreads,D,,623.0,5.3,1.22,9.3,24.0,,,1
Beef lasagna,Latina,Name brand,Ready meals,C,3,135.0,3.0,0.57,3.2,5.3,,3,1
Extra Strong Romano,Perfect Italiano,Name brand,Cheese,D,3,376.0,0.1,2.11,16.3,32.1,,,1
YoPRO Mango,Danone,Name brand,Yoghurt,A,,63.0,3.6,0.1,0.2,10.0,,,1
Sun dried,Sandhurst,Name brand,"Fruit, veg & legumes",D,,227.0,6.8,3.0,1.3,4.5,,,1
Yellowfin Tuna in Springwater,Woolworths,Supermarket own brand,Meat & seafood,A,3,104.0,0.1,0.55,0.1,24.9,,,1
Nuttelex original,Nuttelex,Name brand,Spreads,D,4,574.0,,0.85,16.0,0.0,,2,1
Hommus zesty jalapeno,Obela,Name brand,Spreads,D,,221.0,5.0,1.9,5.0,6.5,,,1
Beetroot,Whoolies,Name brand,"Fruit, veg & legumes",A,3,,8.7,0.22,0.0,1.2,,1,1
Strong & Bitey Vintage Natural Cheese Slices,Bega,Name brand,Cheese,D,3,,1.0,1.8,21.3,24.2,,,1
Arnott’s Savoy crackers,Arnott's,Name brand,Chips & salty snacks,D,4,471.0,1.2,2.12,4.0,8.0,,2,1
Heins Macaroni & cheese,heinz,Name brand,Ready meals,C,,85.0,0.4,0.82,1.8,2.2,,,1
Sourdough Loaf Kalamata Olive,Woolworths,Supermarket own brand,Bread,C,4,258.0,1.9,1.58,1.0,9.8,2.9,1,1
Tasty slides,Coles,Supermarket own brand,Cheese,D,3,414.0,1.0,1.69,25.3,24.6,1.0,,1
Bonsoy Almond Milk,Bonsoy,Name brand,Milk & alternatives,C,4,,2.1,0.16,0.4,0.6,,3,1
Stir through sauce,Leggo's,Name brand,Sauces & condiments,B,3,85.0,6.1,0.9,0.7,1.7,1.6,,1
SMITHS CRINKL ORIGINAL 45GM,Smiths,Name brand,Chips & salty snacks,D,3,547.0,0.9,1.14,2.4,6.7,,4,1
Peanut Butter,,Unknown,Spreads,D,,639.0,10.0,0.66,14.0,26.0,,,1
Hearty beef and vegetable,Campbell's,Name brand,Ready meals,C,4,44.0,1.2,0.82,0.2,2.5,1.2,2,1
Caramelised onion and balsamic chutney,Coles,Supermarket own brand,Spreads,E,,270.0,53.0,0.45,1.0,1.0,1.0,,1
Tim Tam Choc Mint Biscuits,arnott's,Name brand,Biscuits & cakes,E,4,516.0,41.9,0.16,15.0,4.5,0.0,3,1
6 Hot Dog Rolls,Tiptop,Name brand,Bread,C,,265.0,3.1,1.33,0.5,9.6,3.1,,1
Lite Milk,Woolworths,Supermarket own brand,Milk & alternatives,B,,45.0,4.9,0.11,0.9,3.4,,,1
Vanilla Caramel Brownie Gourmet Ice Cream,Connoisseur,Name brand,Ice cream & desserts,D,4,242.0,24.1,0.14,7.4,3.4,,9,1
Mini bannana muffins,Woolworths,Supermarket own brand,Biscuits & cakes,D,,345.0,26.0,0.66,1.5,5.2,2.2,,1
Wholemeal Sandwich Slice Bread,Woolworths,Supermarket own brand,Bread,B,,239.0,2.9,0.95,1.7,9.5,6.3,,1
sweet potato and roasted cashews,Yumi's,Name brand,Sauces & condiments,D,3,277.0,8.3,0.98,2.7,3.7,,2,1
Chilli jam mayo,Praise,Name brand,Sauces & condiments,E,,,18.5,2.1,3.9,1.0,,,1
Sour fruit pastilles,Life savers,Name brand,Confectionery,E,4,355.0,52.0,0.05,0.4,0.4,,11,1
Smart Sweets,Double D,Name brand,Confectionery,A,4,151.0,5.6,0.29,0.0,0.0,42.9,5,1
Cont Macaroni cheese 105g,Continental,Name brand,Ready meals,E,4,375.0,42.8,2.5,1.1,8.9,2.5,3,1
Spaghetti Bolognese,Woolworths,Supermarket own brand,Ready meals,B,4,101.0,3.1,0.54,1.0,6.6,1.0,1,1
Chicken Sweet Chili,Woolworths,Supermarket own brand,Meat & seafood,B,4,122.0,6.1,1.13,1.2,18.0,,2,1
roses chocolate,Cadbury,Name brand,Confectionery,E,,476.0,55.5,0.25,12.8,4.5,,,1
Iced donut,Woolworths,Supermarket own brand,Biscuits & cakes,E,,356.0,27.3,1.57,9.4,2.9,,,1
NES Crunch bar 45g,Nestle,Name brand,Muesli & protein bars,E,4,526.0,50.7,0.22,16.9,6.9,,1,1
PRAISE DELI AIOLI CHIPOTL250ML,Praise,Name brand,Sauces & condiments,D,4,,,,,,,3,1
Roasted Garlic with Chunky Tomato & Onion,Leggos,Name brand,Sauces & condiments,A,4,39.0,4.4,0.82,0.1,1.2,1.4,1,1
Sodaly,,Unknown,Soft drinks & juice,C,4,8.0,0.0,0.0,0.1,0.1,0.1,2,1
Dairy free coconut yoghurt,Coles,Supermarket own brand,Yoghurt,C,3,135.0,1.2,0.01,11.6,1.3,1.0,,1
BBQ Chicken & Rice,Strength Meals Co,Name brand,Ready meals,B,4,137.0,6.9,0.4,0.4,10.1,0.7,2,1
Shapes flame grilled chicken,Arnotts,Name brand,Chips & salty snacks,D,,459.0,5.5,2.25,2.0,9.0,4.0,,1
San Remo Pasta No23 Bowties,San Remo,Name brand,"Pasta, rice & grains",A,,152.0,1.0,0.12,0.0,5.2,,,1
Chicken popcorn bites,Coles,Supermarket own brand,Meat & seafood,C,,258.0,1.3,1.09,3.0,14.3,1.3,,1
Glucojel,,Unknown,Confectionery,E,4,356.0,58.2,0.14,1.0,1.0,,8,1
Smart sweets,,Unknown,Confectionery,A,,146.0,5.6,0.29,0.0,0.0,44.0,,1
"Apricot, Almond & Date Muesli",Woolworths,Supermarket own brand,Breakfast cereals,A,4,373.0,9.8,0.05,2.0,11.6,12.5,3,1
Fruit Loops Cinnamon Donut,Kellogg's,Name brand,"Pasta, rice & grains",E,4,390.0,40.0,0.9,0.3,5.3,2.7,,1
Slow cooked king island beef in reach gravy,Herbert Adams,Name brand,Meat & seafood,D,4,263.0,0.6,1.04,7.5,8.8,,12,1
Granolaah,Brookfarm,Name brand,Breakfast cereals,E,3,480.0,13.0,7.0,6.5,12.0,9.0,,1
nutella & go,Nutella,Name brand,Muesli & protein bars,E,4,500.0,42.5,0.65,9.0,7.3,,1,1
American slaw kit,Woolies,Name brand,Ready meals,B,,70.0,4.0,0.32,0.9,1.7,2.8,,1
MasterFoods BBQ Sauce 250ml,Masterfoods,Name brand,Sauces & condiments,E,4,229.0,46.0,2.83,0.7,0.7,,4,1
Indian Style Spiced Rice,Ben's Original,Name brand,"Pasta, rice & grains",B,3,159.0,1.3,0.56,0.2,3.2,,,1
Atlantic Salmon,Just Caught,Name brand,Meat & seafood,A,,200.0,1.0,0.3,2.2,19.0,,,1
Chicken and vegetable soup,Woolworths,Supermarket own brand,Ready meals,B,,45.0,1.7,0.55,0.3,3.7,0.8,,1
Sultana Bran,Kellogg's,Name brand,Breakfast cereals,D,4,452.0,28.9,0.67,0.7,9.6,,1,1
Beef Lasagne,Coles,Supermarket own brand,Ready meals,C,,153.0,2.6,0.58,4.4,5.9,1.3,,1
Mountain Dew Energised,Mountain Dew,Name brand,Soft drinks & juice,C,4,9.0,2.5,0.01,0.0,0.0,,5,1
Old El Paso Tortillas regular 6pk,Old El Paso,Name brand,Bread,C,,320.0,1.2,0.88,0.8,7.5,2.0,,1
Minestrone,Campbells,Name brand,Ready meals,C,3,39.0,2.1,0.7,0.0,2.1,1.6,2,1
CAD Fruit and Nut big block 360g,Cadbury,Name brand,Confectionery,E,4,,54.4,0.17,15.5,8.0,,2,1
CAD Caramilk Marvellous Creations 190g,Cadbury,Name brand,Confectionery,E,,528.0,60.0,0.19,16.8,6.0,0.0,,1
B/EYE FISH BIMUNDI CRMBD 270GM,Birds Eye,Name brand,Meat & seafood,A,,207.0,2.0,0.22,1.2,11.1,1.4,,1
Burger Thins,Tip Top,Name brand,Bread,A,4,,4.7,0.39,0.6,9.4,5.3,,1
Cinnamon Swirl,Coles,Supermarket own brand,Biscuits & cakes,E,4,459.0,15.7,0.7,14.0,6.9,2.3,12,1
BAKING CHOCOLATE MILK,Cadbury,Name brand,Confectionery,E,4,537.0,56.0,0.2,19.2,7.6,,2,1
Drumsticks,Peters,Name brand,Ice cream & desserts,E,4,335.0,30.7,0.2,12.4,4.2,,4,1
Scotch Finger,Woolworths,Supermarket own brand,Biscuits & cakes,E,4,,17.8,1.03,10.3,6.9,2.6,4,1
Cheese & Onion Chips,Thins,Name brand,Chips & salty snacks,E,4,,4.0,1.84,14.3,6.3,2.5,3,1
Apple and raspberry fruit drink,Woolworths,Supermarket own brand,Soft drinks & juice,E,4,42.0,9.9,0.01,0.0,0.0,,1,1
Tortillas,Woolworths,Supermarket own brand,Bread,D,4,312.0,4.2,1.82,4.2,7.9,2.2,6,1
Penne Rigate Pasta,Woolworths,Supermarket own brand,"Pasta, rice & grains",A,,357.0,2.2,0.06,0.4,13.1,4.2,,1
Colourful Rainbow Rings,Woolworths,Supermarket own brand,Breakfast cereals,D,4,380.0,15.7,0.53,3.3,8.0,3.7,4,1
Twisties chicken,Twisties,Name brand,Chips & salty snacks,D,4,,2.7,1.98,1.8,6.6,0.0,2,1
Organic cheddar,,Unknown,Cheese,D,,397.0,4.8,1.64,21.5,25.4,,,1
Weet-Bix Go,Sanitarium,Name brand,Biscuits & cakes,C,4,433.0,16.2,0.36,1.7,6.4,8.5,2,1
Australian Unsalted Peanuts,Coles,Supermarket own brand,"Fruit, veg & legumes",A,,617.0,3.5,0.04,7.2,31.2,7.8,,1
Heinz big red soup for one,Heinz,Name brand,Ready meals,C,4,,4.9,0.81,0.0,0.6,,2,1
Kinder Chocolate,Ferrero,Name brand,Muesli & protein bars,E,4,,53.6,0.3,22.4,8.8,,1,1
CAD CHOC ROLL DIMILK,Cadbury,Name brand,Muesli & protein bars,E,,540.0,55.4,0.2,19.7,7.5,,,1
Golden Blondie,Connoisseur,Name brand,Ice cream & desserts,E,4,352.0,29.4,0.19,18.9,4.4,,11,1
OvenBake Lemon Crumb Fish,Birds Eye,Name brand,Meat & seafood,A,,220.0,0.6,0.65,0.9,12.7,0.9,,1
Fusilli 17,Zafarelli,Name brand,"Pasta, rice & grains",A,1,150.0,1.0,0.04,0.2,4.8,1.7,,1
Quinoa & Chia Seed Wraps,Bfree,Name brand,Bread,C,4,240.0,2.1,1.12,0.8,7.3,,10,1
3 cheese blend,Devondale,Name brand,Cheese,D,4,360.0,0.4,1.6,20.0,25.2,,3,1
GICIRC JCE PINE U/S PET,Golden Circle,Name brand,Soft drinks & juice,D,4,52.0,10.6,0.4,0.0,0.4,0.2,3,1
Corn Flakes Mini Package,Kellogg's,Name brand,Breakfast cereals,D,3,370.0,8.3,1.12,0.3,17.0,2.7,,1
Sundried tomato strips,Woolworths,Supermarket own brand,"Fruit, veg & legumes",C,3,201.0,8.1,1.69,1.3,4.3,7.0,2,1
Shredded Parmesan Cheese,Perfect Italiano,Name brand,Cheese,D,4,368.0,1.0,2.12,19.3,31.9,,1,1
PRAISE MAYO WHOLE EGG SQZ335GM,Praise,Name brand,Sauces & condiments,E,4,,5.0,1.44,9.0,5.0,,5,1
Nestle Carnation Light & Creamy Evaporated Milk,Nestle,Name brand,Milk & alternatives,E,1,,12.6,0.25,1.1,8.0,,,1
Light Milk,A2,Name brand,Milk & alternatives,B,,45.0,5.2,0.12,0.9,3.3,,,1
Bacon Wrapped Chicken Parcels,Coles,Supermarket own brand,Meat & seafood,C,4,209.0,1.0,0.53,6.0,15.4,0.6,6,1
Bolognese with mushrooms,Leggo's,Name brand,Sauces & condiments,A,4,52.0,5.0,0.88,0.2,1.8,1.8,1,1
Greek Yogurt Passion Fruit Chobani,Chobani,Name brand,Yoghurt,A,,88.0,9.3,0.1,1.0,7.6,,,1
Minty crunchy chocolate balls,Darrell Lea,Name brand,Confectionery,E,,484.0,68.8,0.14,14.0,4.0,,,1
Black Beans,McKenzie's,Name brand,"Fruit, veg & legumes",A,,,2.7,0.01,1.0,22.4,19.3,,1
Coca cola Diet,Coca-Cola,Name brand,Soft drinks & juice,B,,0.0,0.0,0.01,0.0,0.0,,,1
Toasted Original Muesli,Coles,Supermarket own brand,Breakfast cereals,C,,450.0,16.7,0.02,3.0,11.6,7.3,,1
Barbecue Sauce,Fountain,Name brand,Sauces & condiments,D,,167.0,34.7,1.33,,0.7,,,1
"Snap Frozen baby beans, carrot, corn & broccoli",Birds Eye,Name brand,"Fruit, veg & legumes",A,,53.0,2.8,0.04,0.1,2.3,2.9,,1
Digestive Biscuit,Gullon,Name brand,Biscuits & cakes,C,4,433.0,0.0,0.86,1.5,6.3,,4,1
Organic Unsweetened oat milk,Macro,Supermarket own brand,Milk & alternatives,C,3,44.0,3.9,0.11,0.4,1.5,0.4,,1
Brisling sardines,Brunswick,Name brand,Meat & seafood,B,,176.0,,1.2,2.0,21.0,,,1
snack bars original,Nestle,Name brand,Muesli & protein bars,C,,341.0,18.6,0.2,1.4,6.7,10.5,,1
Jelly Lite,Aeroplane,Name brand,Ice cream & desserts,A,4,6.0,0.0,0.05,0.0,1.2,,6,1
unsalted cashews,Woolworths,Supermarket own brand,"Fruit, veg & legumes",A,3,,,,,,,,1
MandMs brownie chocolate M&M,M&m's,Name brand,Confectionery,E,,432.0,65.2,0.17,9.6,3.2,,,1
Peanut Butter,Kraft,Name brand,Spreads,C,3,619.0,8.5,0.0,10.3,23.8,,1,0
Cooked tuna,7/11 sushi,Name brand,Meat & seafood,,,195.0,,,,5.8,,,0
Chicken kofta,,Unknown,Meat & seafood,D,,229.0,0.8,2.59,4.8,13.3,,,0
Full cream milk,,Unknown,Milk & alternatives,B,,66.0,4.7,0.1,2.5,3.8,,,0
Full Cream Jersey Milk,,Unknown,Milk & alternatives,,,68.0,4.4,,2.7,3.0,,,0
Tomato ketchup,,Unknown,Sauces & condiments,C,,100.0,18.2,1.35,0.0,1.5,,,0
Chocolate flavoured milk,Liddell's,Name brand,Milk & alternatives,B,,75.0,7.9,0.11,2.3,3.0,,,0
Toasted muesli cranberry macadamia,Brookfarm,Name brand,Breakfast cereals,C,,451.0,17.4,0.01,4.0,10.6,10.4,,0
Special K Nourrish,Kellogg's,Name brand,Breakfast cereals,A,,392.0,13.8,0.28,2.0,15.7,10.7,,0
honey,,Unknown,Spreads,D,2,,,,,,,,0
Organic yoghurt,,Unknown,Yoghurt,B,,73.0,4.7,0.12,2.7,4.1,,,0
baked beans,,Unknown,Ready meals,,4,,,,,,,3,0
Falafel,Monkey Mezze,Name brand,Ready meals,D,,86.0,1.9,2100.0,0.2,6.2,,,0
Rowie's snacckie bites chia rice & rainbow veggies,Rowie's Cakes,Name brand,"Pasta, rice & grains",,3,,,,,,,,0
Premium Chunky Beef Royale,Sargents,Name brand,Sauces & condiments,,4,,,,,,,6,0
Organic 5 Grain Muesli,Honest To Goodness,Name brand,Breakfast cereals,,,368.0,0.7,,0.8,15.2,13.3,,0
custard creams,,Unknown,Biscuits & cakes,E,,503.0,27.0,0.16,12.6,5.6,,,0
Tortilla corn ancient grain chips,,Unknown,Chips & salty snacks,C,,481.0,0.0,0.32,2.8,8.1,,,0
Yoghurt Black Swan Greek Style,Black Swan,Name brand,Yoghurt,,,108.0,5.6,,2.6,8.3,0.0,,0
Divine Vanilla Creme Yoghurt,SKI,Name brand,Yoghurt,,,136.0,14.6,,4.3,4.6,,,0
Almond choc protein cookie,,Unknown,Biscuits & cakes,B,,259.0,11.3,0.13,1.9,14.9,,,0
Reduced fat milk,,Unknown,Milk & alternatives,B,,49.0,4.8,0.04,1.2,3.5,,,0
Low Fat Milk,,Unknown,Milk & alternatives,A,,47.0,4.9,0.0,1.0,3.4,,,0
Strawberry Greek yogurt,Chobani,Name brand,Yoghurt,,4,90.0,9.9,,0.1,7.2,1.6,2,0
Long Grain Rice,Swords,Name brand,"Pasta, rice & grains",B,,103.0,0.0,0.0,0.0,2.2,,,0
Fettuccine Carbonara,McCain,Name brand,Ready meals,C,,159.0,1.0,0.65,4.7,4.8,,,0
choc salted caramel pretzel,,Unknown,Muesli & protein bars,,4,,,,,,,9,0
Champignon whole,Woolworths,Supermarket own brand,"Fruit, veg & legumes",,,15.0,0.3,,0.1,1.5,,,0
Oven Bake fish fillets,Birds Eye,Name brand,Meat & seafood,A,4,147.0,3.2,0.66,0.9,11.6,,,0
Garlic bread,Gluten Free Bakehouse,Name brand,Chips & salty snacks,D,4,339.0,0.7,3.33,4.0,2.0,,9,0
Fish Fillets Moroccan,Birds Eye,Name brand,Meat & seafood,A,,88.0,1.0,0.78,0.5,16.8,,,0
Fruit salad in juice,Woolworths,Supermarket own brand,"Fruit, veg & legumes",,,79.0,15.0,,0.1,0.2,0.5,,0
Lindor milk,Lindt,Name brand,Confectionery,E,4,619.0,43.0,0.23,35.0,4.9,,1,0
Eclipse gum,,Unknown,Confectionery,,,154.0,0.0,0.0,0.0,0.0,0.0,,0
Vege Spread,Freedom Foods,Name brand,Spreads,B,,15.0,1.1,0.39,0.2,0.7,,,0
Pea And Pinto Bean Snacks,Off the Eaten Path,Name brand,Chips & salty snacks,,,411.0,2.4,,1.3,8.7,4.7,,0
Family Chicken Nuggets Original,Ingham's,Name brand,Meat & seafood,D,,260.0,1.1,2.0,4.6,9.8,,,0
Strawberry yoghurt,Pauls,Name brand,Ice cream & desserts,,,762.0,5.5,,1.9,40.0,,,0
English style leg ham,,Unknown,Meat & seafood,B,,106.0,2.2,1.09,0.1,15.7,,,0
Coca-Colas Vanilla No Sugar,Coca-Cola,Name brand,Soft drinks & juice,B,,2.0,0.0,0.0,0.0,0.0,,,0
Twirl bites,,Unknown,Confectionery,E,,525.0,57.8,0.0,16.9,7.0,,,0
White chocolate and raspberry cheesecake - Sara Lee,,Unknown,Ice cream & desserts,,,335.0,,,,18.0,,,0
Tricolore Tagliatelle,Guzz's Golden Pasta,Name brand,"Pasta, rice & grains",A,,133.0,0.1,0.0,0.2,5.3,2.6,,0
Sweet Chilli Chicken Brest tenders,Steggles,Name brand,Meat & seafood,C,1,208.0,9.7,1.57,1.9,11.7,2.5,,0
Raspberry flavoured jelly,Woolworths,Supermarket own brand,Ice cream & desserts,B,4,64.0,14.1,0.11,0.1,0.1,1.4,9,0
100s & 1000s,Dollar Sweets,Name brand,Confectionery,D,4,385.0,65.0,0.12,0.0,0.0,,7,0
all purpose blend,Masterfoods,Name brand,Sauces & condiments,D,4,106.0,2.0,22.0,2.0,2.0,,1,0
Steak spice blend,Masterfoods,Name brand,Sauces & condiments,D,4,268.0,10.0,24.85,2.0,8.0,,,0
Coca Cola Zero Sugar,Coca Cola,Name brand,Soft drinks & juice,,,0.0,,,,0.0,,,0
Country Style Risotto,Belladotti,Name brand,Ready meals,D,3,336.0,3.7,3.4,1.7,8.0,3.6,,0
Savoury Sour Cream and Chives Pasta and Sauce,Continental,Name brand,Ready meals,C,,166.0,1.1,0.99,1.1,5.2,1.0,,0
Macro Organic Lasagne Sheets,Macro,Supermarket own brand,"Pasta, rice & grains",,,361.0,2.6,,0.3,11.5,2.6,,0
Tomato and sweet basil pasta sauce,Heinz,Name brand,Sauces & condiments,,,88.0,9.2,,0.4,2.6,2.7,,0
Pink salmon,Coles,Supermarket own brand,Meat & seafood,B,4,97.0,2.9,1.09,1.1,12.3,1.4,3,0
Block cheddar dairy-free,Made with plants,Name brand,Milk & alternatives,,,,0.5,,11.0,,2.3,,0
Classic chicken dinner with gravey - Strength Meal And Co,,Unknown,Ready meals,C,4,84.0,1.8,24.3,0.3,8.8,1.0,9,0
Use me on everything all natural seasoning,Mingle,Name brand,Sauces & condiments,,3,313.0,4.6,4.95,0.9,13.3,19.3,,0
Beurre de cacahuètes,Casino,Name brand,Spreads,,,628.0,6.0,,5.0,29.0,2.6,,0
Light tasty cheese & crackers,Woolworths,Supermarket own brand,Cheese,,,283.0,,,12.3,21.3,,,0
Fruity gummy bears,Funday Natural Sweets,Name brand,Confectionery,,,206.0,6.2,,0.0,0.8,15.4,,0
Strawberry Slices,Coles,Supermarket own brand,"Fruit, veg & legumes",,,25.0,3.8,0.0,,0.7,2.5,,0
Easy melt Colby cheese,Bega,Name brand,Cheese,,,402.0,,,,23.5,,,0
Orange Fruit Drink,,Unknown,Soft drinks & juice,,,32.0,7.3,,0.0,0.4,,,0
sugar free fruit jellies,Double D,Name brand,Confectionery,,4,11.0,0.0,,1.0,1.0,,6,0
The Natural; Fruity Chews,The Natural Confectionery Co.,Name brand,Confectionery,,4,383.0,66.0,,4.0,4.0,,2,0
Dinosaurs,The Natural Confectionery Co,Name brand,Confectionery,,,351.0,46.8,,4.0,4.0,,,0
Cannellini Beans,Woolworths,Supermarket own brand,"Fruit, veg & legumes",,,60.0,0.1,,0.1,4.3,5.1,,0
Bee creamy,,Unknown,Spreads,,2,346.0,78.2,,0.4,0.7,,,0
Tuart Honey,,Unknown,Spreads,,2,334.0,82.0,,0.0,0.0,,,0
Mild Cheddar Cheese,Bega,Name brand,Cheese,,,412.0,4.0,,24.0,24.8,,,0
Kit Kat Gold Crush,Kit Kat,Name brand,Muesli & protein bars,,,544.0,50.3,,17.2,6.9,,,0
Sour Patch Kids,Sour Patch Kids,Name brand,Confectionery,,,363.0,62.2,,1.0,1.0,,,0
Tomango ketchup,,Unknown,Sauces & condiments,,,12.0,1.8,,0.1,0.1,0.1,,0
Organic White Quinoa,Coles,Supermarket own brand,"Pasta, rice & grains",,,368.0,2.2,,2.0,12.8,8.4,,0
,Woolworths,Supermarket own brand,Yoghurt,,,,,,,,,,0
Lightly flavoured chilli rice,Ben’s,Name brand,Ready meals,,,870.0,,,,3.1,,,0
East Coast Mini Apple Juice,,Unknown,Soft drinks & juice,,,38.0,8.9,,0.0,0.1,,1,0
,,Unknown,Bread,,3,,4.5,,1.0,,,,0
Basil pesto with spinach kale cashews,Macro,Supermarket own brand,Sauces & condiments,C,,431.0,5.0,0.71,5.0,8.5,5.0,,0
Pesto al Basilico,Coles,Supermarket own brand,Sauces & condiments,E,,488.0,3.4,1.73,6.5,5.0,,,0
Sundried tomato pesto,,Unknown,Sauces & condiments,D,,321.0,5.5,0.99,3.6,3.6,,,0
Lactose free milk,,Unknown,Milk & alternatives,,,65.0,4.7,,2.3,3.5,0.0,,0
Australian Medium Grain White Rice,Woolworths Select,Supermarket own brand,"Pasta, rice & grains",A,1,,1.0,0.01,1.0,7.0,1.0,,0
Munchi Muesli Cookies Brownie Chomp Muesli,Naturally Good,Name brand,Biscuits & cakes,D,4,453.0,21.9,0.44,9.2,8.3,8.3,5,0
Im free from gluten beef brown rice noodles,Coles,Supermarket own brand,"Pasta, rice & grains",,4,70.0,1.0,0.95,1.0,1.2,1.0,4,0
Indian chicken curry,Coles,Supermarket own brand,Ready meals,A,,130.0,1.2,0.62,1.0,5.2,1.0,,0
Instant noodles,Coles,Supermarket own brand,"Pasta, rice & grains",,4,394.0,3.2,3.29,7.8,8.7,2.3,4,0
Wakame Sea Vegetable,,Unknown,Meat & seafood,D,,130.0,0.0,19.45,0.0,12.1,,,0
Naturally Smoked Oysters,Coles,Supermarket own brand,Meat & seafood,B,,231.0,0.0,0.64,3.1,23.4,0.0,,0
Cholesterol lowering porridge,Carmans,Name brand,Breakfast cereals,,,150.0,3.6,,0.6,4.5,37.0,,0
Roasted & salted macadamia,Woolworths,Supermarket own brand,"Fruit, veg & legumes",E,,740.0,4.1,0.35,11.9,7.8,,,0
Macadamia Nuts,Coles,Supermarket own brand,"Fruit, veg & legumes",,,723.0,4.5,,10.0,9.2,,,0
Quick Oats Sachets,Coles,Supermarket own brand,Breakfast cereals,,,389.0,16.9,,2.9,11.4,8.6,,0
Prawn Cocktail Chips,Smith's,Name brand,Chips & salty snacks,D,,535.0,4.1,1.34,2.2,6.7,,,0
Pink Salted Peanut Butter Crunchy,,Unknown,Spreads,E,,631.0,5.5,0.62,9.4,24.3,,,0
Omega-3 Peanut Butter,Mayver's,Name brand,Spreads,D,,583.0,4.0,0.65,8.0,24.5,7.5,,0
Berry Peanut Butter,Mayver's,Name brand,Spreads,,,557.0,10.0,,6.0,22.5,7.5,,0
Simply nuts,Bega,Name brand,Spreads,D,,602.0,5.3,0.39,6.1,27.5,,,0
Italian Crushed Tomatoes Mixed Herbs,Coles,Supermarket own brand,"Fruit, veg & legumes",A,3,25.0,3.2,0.1,0.5,1.4,1.4,1,0
Australian Manuka Honey Lozenges,,Unknown,Spreads,D,2,400.0,80.0,0.0,0.0,0.0,,,0
Australian Eucalyptus Honey,Perfect honey company,Name brand,Spreads,,2,333.0,82.0,,,,,,0
Australian Quinoa,,Unknown,"Pasta, rice & grains",,,349.0,6.9,,0.5,13.0,,,0
Organic White Quinoa,Coles,Supermarket own brand,"Pasta, rice & grains",,,362.0,4.8,,2.0,13.4,,,0
Hungarian salami style,,Unknown,Meat & seafood,C,,160.0,0.2,3.0,1.4,4.4,3.0,,0
Mild Hungerian Salami Sliced 100g,,Unknown,Meat & seafood,E,,397.0,2.0,4.08,13.5,20.2,,,0
Mild Tuscan Salami,,Unknown,Meat & seafood,E,,318.0,1.0,3.75,11.0,23.0,,,0
Portuguese chilli peanuts,,Unknown,"Fruit, veg & legumes",,,531.0,41.8,,6.2,16.0,,,0
Soy Sauce,,Unknown,Sauces & condiments,D,,52.0,5.0,17.38,0.0,9.5,,,0
Sweet Soy Sauce,Coles,Supermarket own brand,Sauces & condiments,D,,221.0,46.0,16.43,0.0,6.0,6.0,,0
Sweet honey bbq glaze,,Unknown,Sauces & condiments,E,,210.0,50.0,1.95,10.0,10.0,,,0
Beef Lasagne,7-Eleven,Name brand,Ready meals,B,,35.0,3.3,0.93,3.5,7.2,1.3,,0
Beef Lasagne,,Unknown,Ready meals,B,,115.0,3.0,0.43,1.2,6.0,,,0
Tassal Fresh Tassie Salmon (Skin-Off),,Unknown,Meat & seafood,B,,232.0,0.7,0.12,3.1,20.9,,,0
Chia seed,,Unknown,"Pasta, rice & grains",,1,466.0,0.7,,5.0,19.7,0.0,,0
Chicken Breast Bites,bayview,Name brand,Meat & seafood,B,,180.0,0.4,0.99,0.8,12.8,,,0
Chicken bites,Woolworths,Supermarket own brand,Meat & seafood,A,,219.0,1.6,0.76,1.9,14.4,2.1,,0
Black chia,,Unknown,"Pasta, rice & grains",,,460.0,0.0,,3.2,16.8,40.0,,0
Moo lemon yoghurt,,Unknown,Yoghurt,,,151.0,18.1,,3.9,5.8,,,0
Primavera pasta sauce,keep it cleaner,Name brand,Sauces & condiments,A,3,30.0,4.4,0.34,0.1,2.0,2.5,,0
Tomato sauce,Celebrate Health,Name brand,Sauces & condiments,B,4,10.0,5.5,0.4,0.1,1.6,,1,0
Certified Organic Honey,My Dad's Honey,Name brand,Spreads,,2,,0.0,,0.0,,,,0
Australian raw honey,Honest to Goodness,Name brand,Spreads,,2,335.0,82.0,,0.0,0.0,,,0
Honey,Winn,Name brand,Spreads,,2,,0.0,,0.0,,,,0
100% PURE AUSTRALIAN HONEY,Superbee,Name brand,Spreads,,2,342.0,76.2,,0.0,0.0,,,0
Chunky Almond Milk Chocolate,Chokolata,Name brand,Confectionery,D,4,,23.1,0.11,21.0,7.1,22.7,2,0
Flame grill bbq sauce,Masterfoods,Name brand,Sauces & condiments,E,,250.0,50.0,3.17,0.7,1.3,,,0
Birthday Cake White Chocolate,Chokolata Moreish,Name brand,Confectionery,D,4,,24.1,0.1,21.1,4.2,31.9,6,0
sliced bamboo shoots,Riviana,Name brand,"Fruit, veg & legumes",A,1,68.0,0.5,0.1,0.7,1.1,0.0,1,0
Barbeque sauce,Coles,Supermarket own brand,Sauces & condiments,C,4,158.0,33.3,1.05,1.0,1.0,1.0,4,0
Lactose Free Full Cream Milk,,Unknown,Milk & alternatives,B,,64.0,4.8,0.11,2.3,3.4,,,0
Paleo Gluten Free Granola Cacao,,Unknown,Breakfast cereals,E,,593.0,11.2,0.11,15.8,23.4,,,0
Tempura chicken nuggets,Coles,Supermarket own brand,Meat & seafood,B,,227.0,1.0,0.97,1.5,16.4,1.2,,0
Cracked pepper crackers,Coles,Supermarket own brand,Chips & salty snacks,D,,514.0,0.0,1.73,5.0,10.0,0.0,,0
Select Marmalade English Breakfast,Woolworths,Supermarket own brand,Spreads,D,4,274.0,62.2,0.02,1.0,0.5,0.0,3,0
Butter Chicken with rice,Woolworths,Supermarket own brand,Meat & seafood,A,,114.0,2.2,0.49,0.9,6.0,1.6,,0
Frooty rings,Coles,Supermarket own brand,Breakfast cereals,B,,385.0,15.6,0.57,1.0,7.2,4.3,,0
Yellow curry tempeh,Coles,Supermarket own brand,"Fruit, veg & legumes",C,4,8.0,8.1,2.05,1.6,12.8,6.9,3,0
Gingernut,Coles Smart Buy,Supermarket own brand,Biscuits & cakes,E,4,,32.1,1.02,6.2,5.9,,4,0
Entertaining Chipotle Hommus,Coles,Supermarket own brand,Spreads,C,,228.0,0.0,1.16,0.0,6.2,,,0
Responsibly fished tuna,Coles,Supermarket own brand,Meat & seafood,B,,166.0,0.0,0.88,1.3,18.3,1.1,,0
Marinated mussels,Coles,Supermarket own brand,Meat & seafood,,,206.0,,,3.4,19.7,,,0
Peaches,Coles,Supermarket own brand,Ice cream & desserts,,,51.0,10.1,,0.7,0.7,,,0
Coles ORGANIC BROWN RICE CRACKERS WITH CHIA Gluten Free,Coles,Supermarket own brand,Chips & salty snacks,C,,435.0,5.0,1.02,5.0,8.5,7.5,,0
Apricot jam,Coles,Supermarket own brand,Spreads,,,270.0,50.0,,5.0,5.0,5.0,,0
Roasted & Salted Cashews,Coles,Supermarket own brand,Chips & salty snacks,C,,603.0,4.3,0.75,8.6,20.3,5.7,,0
Australian Chicken Schnitzel,Coles,Supermarket own brand,Meat & seafood,A,,235.0,1.8,0.8,1.1,11.9,2.2,,0
Coles salted cashews,Coles,Supermarket own brand,Chips & salty snacks,C,,123.0,1.0,4.36,1.7,4.0,1.0,,0
Thai coconut milk,Coles,Supermarket own brand,Milk & alternatives,,,240.0,3.2,,24.0,25.0,,,0
coconut milk,Coles,Supermarket own brand,Milk & alternatives,,,176.0,1.0,,16.4,1.0,0.0,,0
Kalamata & roasted garlic tapenade,,Unknown,Spreads,D,,203.0,0.0,3.41,2.5,2.5,,,0
Rice wine vinegar,,Unknown,Sauces & condiments,,2,1.0,0.0,0.0,0.0,0.0,,,0
Sesame Cream Chese,Made With Plants,Name brand,Spreads,D,,289.0,1.0,0.61,9.2,6.2,,,0
Australian currants,Macro,Supermarket own brand,"Fruit, veg & legumes",B,,293.0,63.0,0.12,0.3,3.3,6.0,,0
Pistachio Baklava,,Unknown,Biscuits & cakes,E,,466.0,33.8,0.82,13.1,5.8,,,0
Basil Pesto - Free From Dairy,,Unknown,Sauces & condiments,C,,366.0,3.0,1.45,3.4,6.4,4.3,,0
Crankt Premium Protein Shake,Crankt,Name brand,Milk & alternatives,A,,40.0,2.2,0.15,0.6,5.3,,,0
Liddell probiotic blueberry yoghurt,Liddells,Name brand,Yoghurt,B,4,90.0,11.8,0.12,1.9,4.1,0.0,6,0
Tamari,Lotus,Name brand,Sauces & condiments,C,,66.0,0.0,13.25,0.0,10.4,,,0
,Praise,Name brand,Sauces & condiments,D,4,,,,,,,4,0
Vegan mayo,Praise,Name brand,Sauces & condiments,E,4,,9.3,1.64,6.0,1.0,,6,0
Truffle Mustard,Ogilvie,Name brand,Sauces & condiments,D,,120.0,20.0,4.6,0.0,20.0,,,0
Life savours 5 flavours,Peters,Name brand,Ice cream & desserts,,,61.0,14.2,,0.2,1.5,,,0
Real dairy choclate,Bulla,Name brand,Ice cream & desserts,C,,170.0,9.3,0.14,1.9,3.4,,,0
Puff pastry,Pampas,Name brand,Ice cream & desserts,D,4,335.0,2.6,0.88,7.8,6.2,,5,0
Arnott's Mint Slice Value Pack,Arnott's,Name brand,Biscuits & cakes,E,,,42.6,0.34,16.2,4.1,,,0
Lactose free milk,,Unknown,Milk & alternatives,,,65.0,2.3,,2.6,3.3,,,0
Farmhouse custard,Pauls,Name brand,Sauces & condiments,C,,128.0,14.3,0.1,3.2,3.2,,,0
Chocolate Soy Milk,Vitasoy,Name brand,Milk & alternatives,B,4,65.0,7.1,0.23,0.3,3.0,0.6,,0
Soup in a cup Tomato and Basil with croutons,Coles,Supermarket own brand,Ready meals,C,,91.0,9.7,0.77,0.6,0.7,0.6,,0
Chilli lemon hummous,,Unknown,Sauces & condiments,C,,145.0,1.0,1.26,1.5,5.0,,,0
Orange & Mango With Natural Mineral Water,Deep Spring,Name brand,Soft drinks & juice,E,4,,7.3,0.02,0.0,1.0,,4,0
Winter Vegetable Mix,Woolworths Select,Supermarket own brand,"Fruit, veg & legumes",A,1,,1.9,0.06,0.1,1.7,,,0
Sweet & Juicy Blueberries in Syrup,Coles,Supermarket own brand,Ice cream & desserts,,,90.0,1.9,,1.0,1.0,,,0
Continental Cup a Soup Pumpkin,Continental,Name brand,Ready meals,,4,46.0,3.0,0.27,0.4,0.5,,1,0
Soup Pea and ham with croutons,Continental,Name brand,Ready meals,,4,,,,,,,3,0
Steam Fresh Broccoli Cauliflower & Carrot,Watties,Name brand,"Fruit, veg & legumes",,,28.0,2.6,0.07,,2.4,2.9,,0
Traditional Noodles,Chang's,Name brand,"Pasta, rice & grains",,1,10.0,,0.0,,0.1,,1,0
Creamy cheese bacon sause,Chicken tonight,Name brand,Sauces & condiments,,,100.0,,,,0.9,,,0
Jelly Lite low calorie jelly crystals Mango Passionfruit,Aeroplane,Name brand,Ice cream & desserts,,,6.0,0.0,,0.0,1.2,,,0
Garlic Naan Bread,Bazaar,Name brand,Bread,,,258.0,5.3,,0.8,6.6,3.0,,0
Middle Eastern Flatbread,Trader Joe's,Name brand,Bread,,,286.0,,1.09,,8.9,1.8,,0
Sorj Wholemeal wrap,,Unknown,Bread,D,,282.0,5.5,2.5,2.1,8.9,,,0
Black Sesame Buns,Ho’s Did Sim Kitchen,Name brand,Bread,,,341.0,24.7,,4.7,5.9,0.0,,0
Crunchy panko breadcrumbs,Mr Chen's,Name brand,Bread,,3,383.0,2.0,0.92,,12.2,,,0
Pinsa pizza base,,Unknown,Bread,,,287.0,42.5,,0.5,8.3,,,0
Garlic bread,Creative Foods,Name brand,Chips & salty snacks,D,4,,1.2,1.26,4.0,6.6,,7,0
Pita Pockets Classic,Bubeleh,Name brand,Bread,C,,,2.3,1.46,0.2,8.6,,,0
Super Soft Hamburger Rolls,Coles,Supermarket own brand,Bread,A,4,,0.6,0.72,0.4,8.1,2.7,,0
Yiros bread,,Unknown,Bread,B,,280.0,3.0,1.25,0.5,8.8,2.7,,0
Roti bread,Mission,Name brand,Bread,D,,369.0,4.1,1.34,7.0,7.9,2.7,,0
Wholegrain wraps,The Simply Fine Food Company,Name brand,Bread,C,4,293.0,2.4,1.3,5.8,8.4,4.4,6,0
Wholemeal Loaf,Gold Coast Bakery,Name brand,Bread,C,4,244.0,1.1,1.28,0.6,8.1,,2,0
Organic Wholemeal Kamut,ancient grains,Name brand,Bread,C,3,,0.6,1.46,0.6,9.2,,,0
Taco Sauce,Woolworths,Supermarket own brand,Sauces & condiments,,4,,4.3,,0.0,0.9,,2,0
Pitted cherries,Woolworths,Supermarket own brand,"Fruit, veg & legumes",,,61.0,10.9,,0.7,0.8,1.5,,0
100% Natural Fruit Mango,Woolworths,Supermarket own brand,"Fruit, veg & legumes",,,55.0,11.2,,0.7,0.9,,,0
Shredded chicken breast with Mustard Mayonnaise,Woolworths,Supermarket own brand,Meat & seafood,B,,136.0,2.4,1.05,1.2,18.0,,,0
Crown Mints,Woolworths,Supermarket own brand,Confectionery,,,406.0,90.0,,1.7,1.7,0.0,,0
M&M’s crunchy caramel,,Unknown,Confectionery,E,,457.0,71.2,0.39,8.0,3.2,,,0
Macadamia & lemon sponge mug cake,,Unknown,Biscuits & cakes,E,,894.0,5.4,2.24,41.0,18.4,,,0
Lamington Sponge Cake,,Unknown,Biscuits & cakes,E,,320.0,26.0,0.42,11.2,4.0,,,0
Sponge cake fresh cream caramel,,Unknown,Biscuits & cakes,D,,244.0,23.0,0.67,1.9,5.0,0.3,,0
Tuna pasta Sicilian,Woolworths,Supermarket own brand,Ready meals,,,270.0,4.9,,,16.7,3.7,,0
Hart & Soul Veg Panang,,Unknown,Ready meals,C,,183.0,4.6,0.71,2.6,4.2,3.2,,0
Black Beans,,Unknown,"Fruit, veg & legumes",,,113.0,0.5,,0.2,8.2,6.4,,0
Roast Chicken with Farm Picked Vegetables,Mccain,Name brand,Ready meals,B,,88.0,1.2,0.75,0.9,6.4,,,0
Baby Peas,Edgell,Name brand,"Fruit, veg & legumes",,,56.0,3.9,,0.3,3.5,,,0
Sweetcorn Kernals,Field fresh,Name brand,"Pasta, rice & grains",,,108.0,2.7,,0.3,3.1,3.5,,0
Cashew bar mix,,Unknown,"Fruit, veg & legumes",C,,538.0,6.3,1.67,5.1,8.0,4.8,,0
Vanilla classic ice cream sandwhiches,Woolworths,Supermarket own brand,Ice cream & desserts,D,,267.0,23.8,0.59,6.2,3.8,,,0
John West,John West,Name brand,Meat & seafood,C,4,209.0,1.2,1.13,1.6,17.6,,1,0
YoPRO Blueberry,Danone,Name brand,Yoghurt,,,,,,,,,,0
Easter Marshmallows,Woolworths,Supermarket own brand,Confectionery,,4,356.0,59.2,,4.0,4.4,,2,0
Lollipop,,Unknown,Confectionery,,,390.0,67.7,,1.0,1.0,,,0
Bbq pork dumplings,Mr Chens,Name brand,Ready meals,B,3,173.0,1.5,0.73,1.4,9.2,,,0
Mozzarella slices,Cheer,Name brand,Cheese,D,,338.0,4.8,1.27,17.6,27.1,,,0
Garlic aioli + Kombucha,Made With Kombucha,Name brand,Sauces & condiments,D,,631.0,3.3,1.5,5.5,0.9,,,0
Rose Harissa,,Unknown,Sauces & condiments,B,,9.0,9.5,0.21,0.4,1.7,,,0
Zymil lait écrémé,Pauls,Name brand,Milk & alternatives,,,15.0,2.1,,0.4,1.4,,,0
coffee indulgent ice cream,Woolworths,Supermarket own brand,Ice cream & desserts,D,,230.0,21.7,0.15,8.4,3.9,,,0
Hershey’s Cookies ‘n’ creme ice cream cones,Hershey's,Name brand,Ice cream & desserts,D,,285.0,27.2,0.19,8.6,3.6,,,0
mango & vanilla half and half sorbet ice cream,Weis,Name brand,Ice cream & desserts,,4,149.0,24.5,,3.8,1.4,,4,0
Mint choc chip icecream,Bulla,Name brand,Ice cream & desserts,D,,217.0,21.5,0.11,8.3,3.3,,,0
Keens Traditional Curry Powder,,Unknown,Sauces & condiments,,3,300.0,0.1,14.5,0.8,10.0,,,0
Barbecue Sauce,Masterfoods,Name brand,Sauces & condiments,E,4,260.0,53.3,2.82,0.7,0.7,,1,0
Barney banana,Peters,Name brand,Ice cream & desserts,D,,181.0,19.2,0.11,5.9,2.2,,,0
Jasmine rice,Sunrice,Name brand,"Pasta, rice & grains",,,187.0,0.8,,0.8,4.4,,,0
Creamy Blue Cheese,Thomas Dux,Name brand,Cheese,,,398.0,,,,3.8,,,0
Singles,Fropro,Name brand,Ice cream & desserts,D,,217.0,4.3,0.45,10.4,8.4,,,0
Full Cream Milk,,Unknown,Milk & alternatives,,,67.0,4.8,,2.5,3.5,,,0
"Soup of the day, spanish style chicken paella",Heinz,Name brand,Meat & seafood,B,,54.0,3.1,0.52,0.1,2.6,1.6,,0
Stir Fry kit,Woolworths,Supermarket own brand,Meat & seafood,B,4,94.0,5.3,0.87,0.5,14.5,,4,0
Orange juice,,Unknown,Soft drinks & juice,,,39.0,8.6,,0.1,1.3,1.0,,0
Ritz Snackz Smoky Bacon Flavour,Ritz,Name brand,Chips & salty snacks,E,4,,7.8,2.92,10.3,8.0,,7,0
Extra Tasty Cheese Slices,Woolworths,Supermarket own brand,Cheese,,,395.0,0.5,,,25.7,,,0
Shapes,Arnott's,Name brand,Chips & salty snacks,,,464.0,4.0,,20.0,12.0,8.0,,0
Organic crushed garlic,Justfoods,Name brand,Sauces & condiments,,,124.0,10.0,,10.0,10.0,,,0
Peanut butter,Sanitarium,Name brand,Spreads,E,,623.0,10.5,1.41,10.0,25.0,5.9,,0
Ice-cream,Peters,Name brand,Ice cream & desserts,C,,159.0,21.7,0.24,2.0,3.3,,,0
Auvitis Count Sparkling White Grape Juice,Auvitis Count,Name brand,Soft drinks & juice,,,,,0.02,,0.4,,,0
Blue Cheese Dressing,Beerenberg,Name brand,Sauces & condiments,D,,239.0,7.3,2.18,6.7,6.7,,,0
Greek Lemon Dressing,Birch & Waite,Name brand,Sauces & condiments,D,,421.0,0.8,1.67,4.0,0.4,,,0
Choc bombs,The no  nasties   Project,Name brand,Breakfast cereals,C,,377.0,15.7,0.89,1.3,9.0,6.0,,0
Low gi pure honey,Capilano,Name brand,Spreads,,2,338.0,76.0,,0.0,0.2,,,0
Pure beechworth honey,Beechworth,Name brand,Spreads,,2,,0.0,,0.0,,,,0
Crumbed Chicken Nuggets,Woolworths,Supermarket own brand,Meat & seafood,B,,227.0,1.0,1.12,1.8,14.1,,,0
Sliced Smoked Ocean Trout,Ocean Blue,Name brand,Meat & seafood,D,,156.0,0.0,2.92,1.6,22.6,,,0
Swiss cheese block,Woolworths,Supermarket own brand,Cheese,D,,345.0,5.0,1.38,18.5,25.0,,,0
Roar Protein,Roar,Name brand,Cheese,D,,352.0,3.4,1.54,11.1,23.1,,,0
Cheesy Kabana Pretzels & Tasty Cheese,Primo,Name brand,Cheese,D,,318.0,1.9,2.71,10.9,16.8,,,0
Tasty,Cheer,Name brand,Cheese,D,,404.0,4.0,1.8,21.6,26.0,,,0
Cornwell's White Vinegar,Cornwell's,Name brand,Sauces & condiments,,2,,,,,,,,0
Dare iced coffe,Dare,Name brand,Milk & alternatives,B,,81.0,8.7,0.0,2.2,3.4,,,0
Sweet chilli and lime sauce,Red kelly,Name brand,Sauces & condiments,,,212.0,2.1,,,0.1,,,0
Honeycomb crunch icecream,Woolworths,Supermarket own brand,Ice cream & desserts,E,,331.0,28.1,0.14,10.1,4.3,,,0
S’mores,Peters,Name brand,Ice cream & desserts,E,,278.0,27.1,0.27,9.1,2.9,,,0
Golden gaytime birthday cake,Streets,Name brand,Ice cream & desserts,D,,288.0,21.2,0.2,7.4,3.1,,,0
Cabanossi bites,Primo,Name brand,Cheese,,,,0.0,,0.8,,,,0
Roasted Pumpkin and Goats Cheese,Thomas Dux,Name brand,Cheese,,,,,,,5.0,7.5,,0
Truffle triple cream brie,Maggie Beer,Name brand,Cheese,D,,311.0,4.0,1.63,16.4,17.6,,,0
Halloumi Cyprus Style,Lemnos,Name brand,Cheese,D,,290.0,3.3,4.0,15.3,19.0,,,0
Gourmet ice cream,Connoisseur,Name brand,Ice cream & desserts,D,,245.0,22.2,0.2,8.2,3.2,,,0
Australian Tasty Shredded Cheese,Woolworths,Supermarket own brand,Cheese,,,395.0,0.5,,21.8,25.5,0.0,,0
Cheddar Cheese Snack,Woolworths,Supermarket own brand,Cheese,D,,396.0,5.6,2.75,12.0,11.6,3.6,,0
Roasted and salted pistachios,Woolworths,Supermarket own brand,Chips & salty snacks,C,,581.0,7.7,1.07,5.6,21.1,,,0
Apple and strawberry juice,Sunraysia,Name brand,Soft drinks & juice,,4,90.0,21.0,,0.0,0.0,,,0
Cheese bites,Charlie's,Name brand,Chips & salty snacks,E,,518.0,5.0,2.5,15.5,15.5,,,0
Crackers,Tuckers,Name brand,Chips & salty snacks,D,,454.0,3.0,2.08,8.0,11.0,3.0,,0
Cheddar & Chives,Sunbites,Name brand,Chips & salty snacks,C,,479.0,5.4,0.76,2.1,7.5,7.1,,0
Mini toasts classic,Always Fresh,Name brand,Chips & salty snacks,D,,429.0,6.0,1.13,0.7,12.7,,,0
Rosemary Wheaten Crackers,Woolworths,Supermarket own brand,Chips & salty snacks,D,,455.0,9.0,1.69,1.5,6.0,2.5,,0
Silky Salted Caramel Guilt Free Frozen Dessert,Tilly's,Name brand,Ice cream & desserts,C,,103.0,7.3,0.4,2.3,4.5,,,0
cadbury dairy milk icecream,Cadbury,Name brand,Ice cream & desserts,,,223.0,6.8,,7.5,4.5,,,0
first press,First Press,Name brand,Milk & alternatives,,4,,,,,,,,0
Mocha,Dare,Name brand,Milk & alternatives,C,,88.0,10.2,0.11,2.2,3.3,,,0
Vanilla Bean Coconut Yougurt,Nakula,Name brand,Yoghurt,,,162.0,7.1,,12.1,1.3,,,0
5 hoisin chicken kebabs,Woolworths,Supermarket own brand,Meat & seafood,B,4,121.0,4.0,0.77,1.3,13.1,,6,0
Assorted Creams,Woolworths,Supermarket own brand,Biscuits & cakes,E,4,,35.0,0.59,10.1,5.1,,10,0
Arnott's Assorted Creams Pack 500G,ARNOTT'S,Name brand,Biscuits & cakes,E,4,497.0,35.0,0.87,12.5,4.0,0.0,12,0
Safcol Salmon,Safcol,Name brand,Meat & seafood,,,121.0,2.2,,0.8,17.8,0.0,,0
Apricot Coconut Macadamia Toasted Muesli,,Unknown,Breakfast cereals,,,476.0,16.6,,5.6,11.2,,,0
Thai Green Curry Pie,,Unknown,Ready meals,D,,263.0,1.6,1.49,6.9,7.9,,,0
Champignons pieses and stems,Coles,Supermarket own brand,"Fruit, veg & legumes",A,,15.0,0.1,0.24,0.1,1.4,11.0,,0
Hakka Fish Balls,Hakka,Name brand,Meat & seafood,,,97.0,2.3,,0.1,12.0,0.0,,0
Barambah  organic sweetened Greek yoghurt,Barambah,Name brand,Yoghurt,,,108.0,21.0,,,5.5,,,0
Sweetened Greek Yogurt,,Unknown,Yoghurt,C,,118.0,9.6,0.25,2.4,6.0,,,0
Cottage cheese,,Unknown,Cheese,C,,85.0,4.7,3.0,1.5,10.0,,,0
Tweedvale Pasteurised Milk,Tweedvale,Name brand,Milk & alternatives,B,,,4.7,0.1,2.5,3.3,,,0
Pure Honey,Mc MAHON'S,Name brand,Spreads,,,,82.1,0.0,0.0,,0.0,,0
Great Southern Chocolates Peanut Clusters,Great Southern Chocolates,Name brand,Confectionery,E,4,,29.4,0.12,12.7,15.5,,2,0
Pot Set Arabica Bean Cafe Latte Creamy Yoghourt,Jalna,Name brand,Yoghurt,C,,,10.0,0.17,3.5,5.3,0.4,,0
Pacific West Frozen Yum Cha Selection Mega Value Pack 52 Pie,Pacific West,Name brand,Ready meals,,4,,,,,,,5,0
Baby Red Potatoes,SA Potato Co,Name brand,"Fruit, veg & legumes",A,1,,0.2,0.05,0.1,2.1,1.4,,0
Prawn Crackers Light and Crunchy,Majans,Name brand,Chips & salty snacks,,4,,,1.6,3.1,0.7,,1,0
"Juice of Apple, Mandarin & Passionfruit",Grove Juice,Name brand,Soft drinks & juice,C,1,,9.6,0.01,0.1,0.6,,,0
Fireball 700ml,Gananis,Name brand,"Fruit, veg & legumes",A,1,,,,,,,,0
Cashew Nut Crusted Fish Fillets 6 Pack,Ocean House,Name brand,Meat & seafood,D,4,,3.1,0.67,7.2,14.4,,4,0
Shortbread Selection,Heather Brae,Name brand,Biscuits & cakes,D,4,,,,,,,10,0
Soft Jellies Fruit Salad,The Natural Confectionery Co.,Name brand,Confectionery,D,4,,62.6,0.03,1.0,3.6,,5,0
Pure Organic Homogenised Full Cream Milk,Pauls,Name brand,Milk & alternatives,B,1,,4.7,0.15,2.4,3.6,,,0
Ritz Crackers,Ritz,Name brand,Chips & salty snacks,,4,,,,,,,5,0
Doritos Cool Ranch flavoured corn chips,Doritos,Name brand,Chips & salty snacks,E,4,,2.2,1.79,12.5,7.5,3.5,12,0
Australian Grown Peaches Sliced in Syrup,SPC,Name brand,Ice cream & desserts,B,3,,15.4,0.01,0.1,0.4,1.0,,0
Natural Yoghurt,Bornhoffen,Name brand,Yoghurt,,3,,,,,,,,0
M&M's Pineapple,M&M's,Name brand,Confectionery,E,4,,64.3,0.15,13.4,4.8,,9,0
Mixed Blossom pure & natural honey,Allowrie,Name brand,Spreads,,2,,82.5,0.04,0.0,,,,0
Homebrand Asparagus Spears,Homebrand,Supermarket own brand,"Fruit, veg & legumes",A,3,,1.6,0.7,0.1,1.6,1.6,1,0
Champignons Mushrooms Pieces and Stems,Homebrand,Supermarket own brand,"Fruit, veg & legumes",A,3,,0.2,0.82,0.1,3.0,,1,0
Homebrand  Whole Champignons Mushrooms,Homebrand,Supermarket own brand,"Fruit, veg & legumes",A,3,,0.2,0.84,0.1,3.0,,1,0
Coles Patisserie Rich Chocolate Cake,Coles Patisserie,Supermarket own brand,Biscuits & cakes,D,4,,17.0,0.53,9.2,3.9,,7,0
Coles Smart Buy Pineapple Slices in Syrup,Coles,Supermarket own brand,Ice cream & desserts,,3,,,,,,,1,0
Coles Prawns in Brine,Coles,Supermarket own brand,Meat & seafood,C,4,,0.4,2.0,0.2,19.3,,5,0
Blueberry Muffins,7-Eleven,Name brand,Biscuits & cakes,D,,,22.3,1.12,1.4,4.7,,,0
Frozen yoghurt,,Unknown,Ice cream & desserts,C,,139.0,17.9,0.12,2.7,4.9,,,0
Tofu,Tofu,Name brand,"Fruit, veg & legumes",,,43.0,0.3,,0.4,3.6,0.0,,0
Bircher muesli,O&G,Name brand,Breakfast cereals,,,176.0,,,,5.0,4.0,,0
Havarti,,Unknown,Cheese,D,,385.0,4.0,1.42,23.2,18.4,0.0,,0
Shredded Tasty Cheese,,Unknown,Cheese,D,,335.0,4.0,1.75,15.2,30.0,,,0
French style Madeleines,,Unknown,Biscuits & cakes,E,,433.0,23.3,0.83,6.5,5.1,,,0
BBQ Sauce,Heinz,Name brand,Sauces & condiments,D,,159.0,32.0,1.83,0.0,0.7,,,0
Pitta toasties,,Unknown,Bread,C,,237.0,3.4,1.62,0.4,7.1,,,0
full cream milk,,Unknown,Milk & alternatives,B,,65.0,4.8,0.11,2.4,3.3,,,0
Creamy pumpkin soap,Woolworths Select,Supermarket own brand,Ready meals,B,4,60.0,1.4,0.55,2.1,3.1,,1,0
Vegetable Lasagne,On the menu,Name brand,Ready meals,B,4,97.0,2.0,0.71,1.0,2.7,,4,0
Black chia seeds,Macro,Supermarket own brand,"Pasta, rice & grains",,,320.0,5.0,,5.0,10.5,26.0,,0
Grape Juice,Golden Circle,Name brand,Soft drinks & juice,,,65.0,14.6,,0.0,0.0,,,0
Dried clove,,Unknown,Sauces & condiments,,1,,,,,,,,0
Turmeric powder,,Unknown,Sauces & condiments,,1,,,,,,,,0
Cinnamon powder,,Unknown,Sauces & condiments,,1,,,,,,,,0
Berries yogurt,Danone,Name brand,Yoghurt,B,,79.0,5.4,0.18,2.5,4.9,,,0
Gourmet Porridge,Carmen’s,Name brand,Breakfast cereals,,,392.0,9.0,,1.7,10.5,3.8,,0
Chicken Schnitzel,Macro,Supermarket own brand,Meat & seafood,B,,171.0,0.9,0.84,0.8,17.5,,,0
Blueberries,Harvest Time,Name brand,"Fruit, veg & legumes",,,224.0,11.1,,0.1,0.6,3.6,,0
Nothing but honey,,Unknown,Spreads,,2,,,,,,,,0
Strawberries,,Unknown,"Fruit, veg & legumes",A,,39.0,5.6,0.03,0.0,0.6,3.8,,0
Honey Beechworth,,Unknown,Spreads,,2,335.0,82.1,,0.0,0.4,,,0
Mixed Blossom Honey,Gardener,Name brand,Spreads,,2,335.0,82.1,,0.0,0.2,,,0
Paradise Punch Juice,,Unknown,Soft drinks & juice,C,,45.0,10.1,0.0,0.0,0.2,,,0
Mango sorbet,,Unknown,Ice cream & desserts,,,125.0,25.6,,0.1,0.1,,,0
Beef bourguignon,Gourmet kitchen co,Name brand,Meat & seafood,,,109.0,,,,11.5,,,0
Cloudy Apple Juice,The Juice Brothere,Name brand,Soft drinks & juice,C,,45.0,10.2,0.0,0.0,0.1,0.1,,0
Sparkling apple juice,,Unknown,Soft drinks & juice,C,,,8.7,0.07,0.0,0.0,,,0
Orange Juice,,Unknown,Soft drinks & juice,,,44.0,9.5,,0.0,0.1,,,0
Beef mince,CW Farms,Name brand,Meat & seafood,D,,,0.9,0.09,8.3,23.2,,,0
Unsalted cashews,,Unknown,Chips & salty snacks,,,581.0,5.7,,8.7,16.7,,,0
Mango sorbet,Gelativo,Name brand,Ice cream & desserts,,,113.0,22.9,,0.0,0.4,,,0
Middie esstern homnus,,Unknown,Spreads,B,,181.0,4.8,1.0,0.0,10.8,,,0
Anchovies - Extra Virgin Olive Oil,Always Fresh,Name brand,Meat & seafood,D,3,,,,,,,,0
MC Yee Noodles - Hokkein Noodles,MC Yee Noodles,Name brand,"Pasta, rice & grains",A,4,,1.0,0.47,0.2,7.6,1.4,2,0
Pure honey,,Unknown,Spreads,,2,,,,,,,,0
Fruity chews,The Natural Confectionery Co.,Name brand,Confectionery,E,4,800.0,65.9,0.1,1.0,1.0,,1,0
Premium BBQ sauce,,Unknown,Sauces & condiments,D,,160.0,33.2,8.52,0.4,4.0,,,0
honey,,Unknown,Spreads,,2,,,,,,,,0
Honey,,Unknown,Spreads,,2,,0.0,,0.0,,,,0
Comb in raw honey,,Unknown,Spreads,,2,,,,,,,,0
Creamed Honey,,Unknown,Spreads,,2,335.0,,,0.0,0.7,,,0
Austrailian manuka active honey,,Unknown,Spreads,C,2,338.0,15.3,0.25,0.0,0.3,,,0
Certified Organic Raw Honey,,Unknown,Spreads,,2,338.0,72.6,,0.0,0.3,,,0
100% Natural Australian Honey - Organic,,Unknown,Spreads,,2,320.0,79.5,,0.0,0.5,,,0
Honey,,Unknown,Spreads,,2,,0.0,,0.0,,,,0
Manuka Honey MGO 60+,,Unknown,Spreads,,2,340.0,82.7,,0.0,0.0,,,0
Satay Tofu,Macro,Supermarket own brand,"Fruit, veg & legumes",B,4,172.0,5.9,1.09,1.5,14.8,3.0,1,0
Basmati Rice,Mercado,Name brand,"Pasta, rice & grains",B,,351.0,0.2,0.01,0.0,6.4,,,0
Chicken Kiev and chips,Youfoodz,Name brand,Meat & seafood,B,,127.0,4.1,1.0,1.7,9.2,1.9,,0
Chilli Jam,Beerenberg,Name brand,Spreads,E,,272.0,64.0,0.33,6.7,6.7,,,0
Natural Yoghurt,five:am organic,Name brand,Yoghurt,,1,,6.9,,4.5,7.1,,,0
Gluten Free Barbecue Shapes,Arnotts,Name brand,Chips & salty snacks,,,516.0,3.6,,2.8,2.4,2.0,,0
Deli light and crispy prawns salt and pepper,Birds Eye,Name brand,Meat & seafood,B,,223.0,1.4,0.85,2.4,10.4,0.8,,0
Greek Yoghurt Strawberry,Chobani,Name brand,Yoghurt,A,4,74.0,9.3,0.08,0.1,7.8,,5,0
McCain Peas,McCain,Name brand,"Fruit, veg & legumes",,,,6.0,0.03,0.2,,5.0,,0
Unsweetened Oat Milk,,Unknown,Milk & alternatives,A,,4.0,2.6,0.0,1.0,1.0,1.0,,0
Shapes Chicken Crimpy (Mini),Arnott's,Name brand,Chips & salty snacks,D,,471.0,6.9,0.87,4.0,7.5,,,0
Artisan cookies Butter Crunch,Olina's,Name brand,Biscuits & cakes,E,,491.0,47.3,1.3,12.0,4.7,,,0
Tuna Smoked,Woolworths,Supermarket own brand,Meat & seafood,B,,,0.1,0.84,1.2,16.9,,,0
original stacked chips,Woolworths,Supermarket own brand,Chips & salty snacks,D,4,506.0,4.2,1.14,11.8,5.7,4.4,4,0
Sardines wood smoked,,Unknown,Meat & seafood,D,,216.0,0.0,1.4,3.5,18.0,,,0
Soy Milky Regular,Vitasoy,Name brand,Milk & alternatives,A,4,53.0,2.5,0.08,0.4,3.0,0.2,,0
Freddo strawberry sharepack,Cadbury,Name brand,Confectionery,E,,478.0,53.3,0.15,13.3,6.7,,,0
Lebanese wholemeal Pita Bread,,Unknown,Bread,A,,64.0,1.5,0.62,0.2,11.8,5.4,,0
Garden Party Mix,The Natural Confectionary Company,Name brand,Confectionery,,,347.0,50.0,,4.0,4.0,,,0
Smart Sweets berry gummies,Double D,Name brand,Confectionery,A,4,146.0,5.6,0.29,0.0,0.0,44.0,6,0
Eggplant & zucchini ragu style sauce,Slendier,Name brand,Sauces & condiments,B,3,76.0,3.8,7.0,0.6,4.8,1.5,,0
"Coconut, chilli and lemongrass rice",Uncle Ben’s,Name brand,Ready meals,C,,175.0,1.6,0.52,3.2,3.1,,,0
Special Fried Rice,Woolworths,Supermarket own brand,"Pasta, rice & grains",B,,173.0,1.8,0.68,0.9,4.3,1.1,,0
Hazelnut spread,Natvia,Name brand,Spreads,C,,469.0,1.1,0.1,7.1,3.4,3.1,,0
Thai Chiclen Curry,Coles,Supermarket own brand,Ready meals,B,,136.0,2.3,0.65,1.4,6.3,0.3,,0
Milk chocolate digestives,Arnott's,Name brand,Biscuits & cakes,E,,495.0,34.4,0.6,13.5,6.2,,,0
Fruit Salad in juice,Woolworths,Supermarket own brand,Ice cream & desserts,A,,53.0,9.4,0.01,0.1,0.3,0.7,,0
Butter cake mix,Woolworths,Supermarket own brand,Biscuits & cakes,D,,379.0,36.8,1.49,2.9,5.6,2.9,,0
Certified Organic Peas,Macro,Supermarket own brand,"Fruit, veg & legumes",,,71.0,4.0,,1.3,5.9,,,0
Corn relish,Coles,Supermarket own brand,Cheese,,3,,5.0,,6.1,4.0,1.4,,0
Rocky Road Mallows,Woolworths,Supermarket own brand,Biscuits & cakes,E,,448.0,51.9,0.29,10.6,4.3,,,0
Carré frais bio,Elle & Vire,Name brand,Cheese,,,192.0,2.4,,11.2,12.0,,,0
Beef Ravioli,Coles,Supermarket own brand,Ready meals,B,,295.0,0.9,0.8,3.8,12.8,2.8,,0
Kefir honey & turmeric,,Unknown,Yoghurt,,,,,,,6.0,,,0
Planet based cheddar cheese style slices,Bega,Name brand,Cheese,D,,303.0,0.6,1.63,11.4,4.8,0.0,,0
Calcium rich tuna,John West,Name brand,Meat & seafood,B,3,219.0,1.2,0.87,2.0,22.2,,,0
Vaalia Probiotics Yoghurt,Vaalia,Name brand,Yoghurt,,,102.0,11.8,,1.6,4.6,,,0
Super juicy corn kernels,McCain,Name brand,"Pasta, rice & grains",B,,106.0,9.5,0.03,0.5,3.2,2.4,,0
,lucia’s,Name brand,"Fruit, veg & legumes",C,,,3.9,368.0,0.2,1.3,,,0
,,Unknown,Milk & alternatives,,,,,,,,,,0
Gluten Free 8 Waffle Cones,Coles,Supermarket own brand,Ice cream & desserts,D,4,413.0,21.8,1.04,2.3,1.1,1.0,2,0
Wineglass Bay Tasmanian vintage cheddar,Ashgrove,Name brand,Cheese,,,166.0,0.4,,21.6,24.6,,,0
Sultana and apple,Sunbeam,Name brand,"Fruit, veg & legumes",C,,336.0,68.8,0.33,0.4,2.0,,,0
Pineapple Slices in Juice,Always Fresh,Name brand,Sauces & condiments,C,,146.0,0.0,1.77,2.5,1.0,,,0
Taramosalata Dip Fresh Fodder Brand,Fresh Fodder,Name brand,Sauces & condiments,,,,,,,,,,0
Battered fish fillets,Woolworths,Supermarket own brand,Meat & seafood,B,,185.0,3.7,0.8,0.9,11.1,,,0
Thin crust pizza,Mccain,Name brand,Ready meals,D,,215.0,6.0,1.15,4.4,9.0,,,0
cadburys caramilk easter egg,Cadbury,Name brand,Confectionery,,4,,,,,,,2,0
Lamb Rogan Josh with Cumin Rice,Community & Co,Name brand,Meat & seafood,,3,,2.7,,1.1,6.3,0.6,1,0
Sweet chilli sauce,,Unknown,Sauces & condiments,C,,33.0,1.5,1.21,0.1,0.5,,,0
Darrell Lea Liquorice Flavoured Milk Chocolate Easter Eggs,Darrell Lea,Name brand,Confectionery,E,4,508.0,56.0,0.18,18.0,5.6,,4,0
Caramilk easter eggs,Cadbury,Name brand,Confectionery,,4,1.0,14.4,,4.9,1.8,0.0,1,0
Edamame,Umami,Name brand,"Fruit, veg & legumes",A,,115.0,3.2,1.02,0.3,12.6,,,0
malteser bunny,Maltesers,Name brand,Confectionery,,4,,,,,,,4,0
Dairy milk bunny,Cadbury,Name brand,Confectionery,,4,545.0,15.7,,4.3,1.0,0.0,2,0
Cheddar Dairy Free Slices,Made With Plants,Name brand,Milk & alternatives,E,,265.0,1.0,1.66,9.8,0.0,,,0
Australian brussel sprouts,Wolworths,Name brand,"Fruit, veg & legumes",,,44.0,3.1,,1.3,0.0,4.7,,0
Fresh Pineapple,Woolies Good to Go,Name brand,"Fruit, veg & legumes",,,343.0,,,,1.2,3.6,,0
Ricotta spinach tortellini,Woolworths,Supermarket own brand,Ready meals,A,,128.0,2.7,0.58,0.7,4.0,2.8,,0
Turmeric couscous with cauliflower& cranberry,Woolworths,Supermarket own brand,Ready meals,B,,143.0,7.8,0.54,0.6,4.0,,,0
Red Kidney But With Chilli & Olive Oil,Edgell,Name brand,"Fruit, veg & legumes",A,3,,0.9,0.64,1.6,6.9,7.4,,0
Mylk,Pana,Name brand,Confectionery,E,,,29.2,0.09,24.7,2.6,,,0
Protein Salted Caramel Nut,Nature Valley,Name brand,Muesli & protein bars,E,,497.0,13.5,1.08,7.7,25.8,,,0
Energy dairy snack,Nestle,Name brand,Ice cream & desserts,C,4,120.0,13.2,0.16,2.9,4.4,,3,0
Coke no sugar,Coke,Name brand,Soft drinks & juice,,,0.0,0.0,,0.0,0.1,,,0
Banana muffins,White Wings,Name brand,Biscuits & cakes,D,,287.0,20.0,1.1,2.0,5.6,,,0
Natural Yoghurt,Rafferty's Garden,Name brand,Ice cream & desserts,,,68.0,3.4,,2.9,4.8,,,0
Aussie Lamington “Jam” Filled Balls,Health Lab,Name brand,Confectionery,E,,490.0,28.5,0.02,20.0,6.5,,,0
Belgian Dark Chocolate Cake,Woolworths,Supermarket own brand,Biscuits & cakes,E,,468.0,33.4,0.32,7.8,5.0,,,0
Gluten Free Apricot Bites,Golden Days,Name brand,Muesli & protein bars,D,,387.0,62.0,0.19,2.8,1.5,4.0,,0
Summer Roll,Europe,Name brand,Muesli & protein bars,E,,468.0,42.8,0.25,11.6,5.2,,,0
Grass fed sausages,Macro,Supermarket own brand,Meat & seafood,D,,172.0,1.0,0.93,5.2,15.3,,,0
Petitmiam,Yoplait,Name brand,Ice cream & desserts,B,,79.0,6.4,0.17,2.1,5.0,,,0
5 Shortcrust Pastry Sheets,Woolworths,Supermarket own brand,Ice cream & desserts,D,,374.0,0.8,0.86,10.4,6.4,,,0
Coca Cola 385ml,Coca-Cola,Name brand,Soft drinks & juice,,,43.0,10.6,,0.0,0.0,,,0
Salsa to go,Obela,Name brand,Sauces & condiments,C,,97.0,3.1,0.85,1.1,2.2,,,0
Napoli Tomato sauce,Leggo’s,Name brand,Sauces & condiments,B,,42.0,4.9,0.9,0.2,1.8,1.5,,0
Tzatziki,Willow Farm,Name brand,Sauces & condiments,C,,108.0,3.5,0.95,2.0,5.5,,,0
Mango & Passionfruit cake,Woolies,Name brand,Biscuits & cakes,,,345.0,26.3,,7.7,,,,0
Chicken Schnitzels,Woolworths,Supermarket own brand,Meat & seafood,B,,211.0,2.9,0.72,1.2,12.7,1.7,,0
Marvellous Creations Birthday Cake,cadbury dairy milk chocolate Cadbury,Name brand,Confectionery,E,,505.0,56.0,0.24,15.6,6.8,,,0
Chicken tortellini boscaiola,My muscle chef,Name brand,Ready meals,C,,187.0,2.1,0.62,4.3,11.8,0.7,,0
Raspberry Smash Flavour Mars Bar,Mars,Name brand,Muesli & protein bars,E,,450.0,57.9,0.29,7.9,3.4,,,0
Bolognese,V2 sauce,Name brand,Sauces & condiments,,,52.0,,,,2.7,1.0,,0
Macaroni and chesse,Woolworths,Supermarket own brand,Ready meals,E,,435.0,4.1,1.71,9.4,18.2,2.5,,0
Sultanas,Sunbean,Name brand,"Fruit, veg & legumes",,,343.0,71.3,,,2.3,3.3,,0
Broad beans,Heinz,Name brand,"Fruit, veg & legumes",,,80.0,3.5,,0.1,6.4,6.1,,0
Smoked Mussells in Oil,Woolworths,Supermarket own brand,Meat & seafood,,,252.0,,538.0,5.5,,,,0
Yogo,Casey,Name brand,Ice cream & desserts,C,4,106.0,13.0,0.19,1.9,3.2,0.4,4,0
Shortcut Bacon,D'orsogna,Name brand,Meat & seafood,D,4,170.0,4.0,2.45,4.0,16.8,,7,0
Blueberries,Betty Blues,Name brand,"Fruit, veg & legumes",,1,,,,,,,,0
apple and mango puree,Woolworths,Supermarket own brand,Ice cream & desserts,,,75.0,2.1,,0.1,0.3,5.0,,0
chocolate truffel,Toscano,Name brand,Biscuits & cakes,,4,,,,,,,9,0
Black Sesame Hommus,Macro,Supermarket own brand,Sauces & condiments,C,,345.0,5.0,0.57,5.0,8.0,5.0,,0
Creamy Spinach & Ricotta Cannelloni,Woolworths,Supermarket own brand,Ready meals,C,,165.0,2.6,0.61,5.6,7.7,1.2,,0
Strawberry Yoghurt 15 Bars Value Pack,Uncle Tobys,Name brand,Muesli & protein bars,,,389.0,18.5,,4.2,7.0,10.5,,0
Tasmanian salmon fillet Asian Style,Woolworths Cook,Supermarket own brand,Meat & seafood,,,1010.0,3.8,,2.5,15.9,,,0
Darrell Lea Orange Balls,Darrell Lea,Name brand,Muesli & protein bars,,4,,,,,,,1,0
Sweet Mustard Pickle,Made With Kombucha,Name brand,Sauces & condiments,C,,104.0,19.5,1.07,0.0,1.0,,,0
Thai Stir fy,Birds Eye,Name brand,"Fruit, veg & legumes",,,31.0,2.5,,0.1,1.7,2.7,,0
Pavlova Base,Woolworths,Supermarket own brand,Biscuits & cakes,D,4,319.0,73.1,0.11,2.4,3.3,2.4,4,0
Borg’s Frozen Puff Pastry,Borg's,Name brand,Ice cream & desserts,C,,317.0,0.7,0.97,7.6,6.0,4.0,,0
SWEET SPICEE GHERKINS,Spring Gully,Name brand,Sauces & condiments,C,,178.0,35.0,0.28,0.5,0.5,,,0
Hummus,Dari’s table,Name brand,Sauces & condiments,,,270.0,1.0,,3.0,,,,0
Cole's dry ginger ale,Coles,Supermarket own brand,Soft drinks & juice,B,4,0.0,0.0,0.0,0.0,0.0,0.0,5,0
Favoirites THE BIG SHARE,Cadbury,Name brand,Confectionery,E,,485.0,53.6,0.35,14.0,4.4,,,0
lido lemonade,Try Blu,Name brand,Soft drinks & juice,,,43.0,10.3,,0.0,0.0,0.0,,0
Sliced bertroot,Edgell,Name brand,"Fruit, veg & legumes",A,,53.0,9.9,0.63,0.1,1.2,2.3,,0
30 Petite Quiche,Temptation Bakery,Name brand,Ready meals,D,,295.0,3.5,1.15,10.0,7.6,,,0
Deli Baramundi,Birds Eye,Name brand,Meat & seafood,A,,192.0,0.5,0.45,1.9,12.1,0.9,,0
Spicy red,Fountain,Name brand,Sauces & condiments,,,192.0,,,,1.2,,,0
Cob salad,Woolworths,Supermarket own brand,Ready meals,B,,143.0,3.0,0.81,3.2,6.5,1.1,,0
Chov Faves Muesli Bars,Uncle Tobys,Name brand,Muesli & protein bars,,,397.0,17.6,,4.5,6.7,10.9,,0
Smokey Aioli,Roza’s Gourmet,Name brand,Sauces & condiments,B,,131.0,1.1,0.21,1.2,0.4,,,0
7 Veg Soup with Superfood Quinoa,Heinz,Name brand,Ready meals,A,,79.0,2.4,0.67,0.6,5.1,2.8,,0
Pappardelle,,Unknown,"Pasta, rice & grains",,,244.0,0.0,,0.2,7.4,,,0
Garlic dip,,Unknown,Sauces & condiments,D,,622.0,0.5,1.31,3.4,2.0,,,0
Basil Pasta Sauce,,Unknown,Sauces & condiments,C,,34.0,4.7,2.0,1.0,1.6,,,0
smoke infused tofu,Coles,Supermarket own brand,"Fruit, veg & legumes",A,,142.0,4.4,1.2,1.0,12.3,5.1,,0
Australian Garlic Sauce,,Unknown,Sauces & condiments,E,,291.0,8.7,2.17,6.7,6.7,,,0
Fruit salad in light syrup,,Unknown,"Fruit, veg & legumes",,,79.0,13.7,,1.0,1.0,,,0
Salad Juice the ultimate salad dressing,,Unknown,Sauces & condiments,D,,558.0,14.0,0.5,4.0,0.8,,,0
Pasta sauce arrabbiata,,Unknown,Sauces & condiments,C,,67.0,5.1,1.02,0.8,1.7,,,0
Sprouted Pure Spelt,,Unknown,"Pasta, rice & grains",A,,200.0,0.4,0.82,0.5,14.5,10.8,,0
The egg noodles,Mr Chen's,Name brand,"Pasta, rice & grains",C,,396.0,1.3,0.97,1.2,18.8,,,0
Pumpkin and Feta Stone Baked Pizza,Coles Kitchen,Supermarket own brand,Ready meals,B,,,4.1,0.83,3.6,9.0,2.5,,0
Seasonal fruit salad,Good to go,Name brand,"Fruit, veg & legumes",,,430.0,8.9,,0.5,0.6,1.7,,0
Hokkien noodles,,Unknown,"Pasta, rice & grains",C,,207.0,0.0,0.58,1.0,2.3,,,0
Creamy Ranch,Coles,Supermarket own brand,Ready meals,B,,99.0,5.5,0.66,0.8,2.2,1.4,,0
Frozen Dessert,,Unknown,Ice cream & desserts,,,246.0,13.9,,12.4,1.7,,,0
Carrot cake,,Unknown,Biscuits & cakes,E,,396.0,30.5,0.72,6.1,5.1,,,0
Australian Walnuts Natural,Drakes,Name brand,"Fruit, veg & legumes",C,1,,2.7,0.01,4.4,14.4,,,0
Australian Dried Mango,,Unknown,"Fruit, veg & legumes",C,,354.0,69.1,0.0,0.0,2.1,,,0
Tomato juice,,Unknown,Soft drinks & juice,B,,27.0,2.7,0.19,0.1,1.1,0.1,,0
Plant based sausage rolls,,Unknown,Chips & salty snacks,E,,258.0,0.8,1.68,9.8,7.8,,,0
Coyo vanilla bean dairy free ice cream,,Unknown,Ice cream & desserts,,,210.0,18.8,,11.0,1.7,,,0
Electrolyte freezer pops,,Unknown,Ice cream & desserts,,,55.0,13.5,,0.0,0.0,,,0
Cadbury mini eggs bunny,Cadbury,Name brand,Confectionery,E,,534.0,56.0,0.21,18.0,7.2,0.0,,0
Easter Gummy Lollies,,Unknown,Confectionery,,,318.0,44.0,,2.0,2.0,,,0
Classically Crunchy Wholemeal Crumbed Hoki,,Unknown,Meat & seafood,B,,195.0,0.9,0.91,1.0,9.6,,,0
Jerx Jerky Spicy Souvlaki,,Unknown,Meat & seafood,D,,342.0,5.6,7.75,3.2,53.2,,,0
,,Unknown,Sauces & condiments,,4,,2.2,380.0,8.8,,4.9,5,0
Dairy free chocolate easter egg,,Unknown,Confectionery,,,545.0,40.0,,18.0,8.0,6.5,,0
Spicy Cooked Tuna Onigiri (White Rice),7/11,Name brand,Chips & salty snacks,C,,,4.1,1.08,0.5,4.8,,,0
Vegetable Indian Curry,Strength Meals Co,Name brand,Ready meals,A,3,123.0,2.1,0.72,1.6,6.6,2.8,1,0
Dairy milk easter eggs,Cadbury,Name brand,Confectionery,E,,512.0,44.9,0.26,18.8,5.0,0.0,,0
Spinach Sauce,Yumi's,Name brand,Sauces & condiments,D,,405.0,5.0,0.99,5.0,5.0,,,0
Nonnas pasta sauce capsicum,Dolmio,Name brand,Sauces & condiments,A,4,74.0,3.0,0.67,0.4,1.2,,1,0
100 percent of beer nuts,Nature'sDelight,Name brand,"Fruit, veg & legumes",E,,,4.7,0.95,7.7,24.4,,,0
Elegant Rabbit,Red Tulip,Name brand,Confectionery,E,4,532.0,62.8,0.19,18.4,3.6,,2,0
Apricot Halves in Juice,Coles,Supermarket own brand,"Fruit, veg & legumes",,,59.0,9.6,,1.0,1.0,1.0,,0
Nobby’s salted peanuts,,Unknown,"Fruit, veg & legumes",D,,587.0,3.0,1.18,7.3,29.0,9.3,,0
Chicken Kiev,On the Menu,Name brand,Meat & seafood,C,,135.0,1.9,0.73,3.7,5.0,,,0
Cashew parmesan,,Unknown,Milk & alternatives,D,,499.0,3.7,1.6,5.3,20.8,,,0
Bolognese bake,Coles,Supermarket own brand,Ready meals,A,,152.0,1.9,0.42,5.1,8.0,4.4,,0
Cookies and cream choc top aussie oat bars,Carman's,Name brand,Muesli & protein bars,,4,382.0,9.7,,4.0,8.7,14.7,2,0
Oyster Sauce,,Unknown,Sauces & condiments,C,,21.0,3.7,2.39,0.0,0.2,,,0
Teriyaki Sauce,,Unknown,Sauces & condiments,D,,161.0,4.5,5.08,0.3,2.0,,,0
Cheezy Kale & Cashew Vegan Sausages,,Unknown,Meat & seafood,C,,155.0,1.1,0.68,3.2,3.1,,,0
Spelt Spaghetti,San Remo,Name brand,"Pasta, rice & grains",A,1,349.0,0.5,0.04,0.2,11.9,3.5,,0
Frozen yoghurt,Bulla,Name brand,Ice cream & desserts,C,,120.0,18.0,0.13,1.8,3.3,0.0,,0
Oyster sauce,,Unknown,Sauces & condiments,D,,87.0,15.0,7.2,0.0,1.3,,,0
Tzatziki mint infused,,Unknown,Sauces & condiments,B,,79.0,4.4,0.76,2.4,5.2,,,0
Garlic bread,,Unknown,Chips & salty snacks,C,,108.0,0.6,0.47,3.3,2.4,,,0
"Chicken,Chia & sweetcorn soup",Celebrate Health,Name brand,Ready meals,A,,35.0,0.0,0.0,0.0,2.0,,,0
Crinkled chips,Black and Gold,Name brand,Chips & salty snacks,B,,7.0,0.0,0.0,0.0,0.1,,,0
Pasta sauce,Keep It Cleaner,Name brand,Sauces & condiments,B,,35.0,4.5,0.1,0.0,1.6,,,0
Patate et poireaux soupe,Wattie’s,Name brand,Ready meals,,,40.0,,,7.0,1.0,1.0,,0
Al forno beef lasagna,,Unknown,Ready meals,A,,121.0,2.0,0.36,1.9,6.7,,,0
Pop'd Chips,,Unknown,Chips & salty snacks,C,,392.0,7.5,0.74,0.8,6.2,,,0
Thin Crust Tandoori Chicken,McCain,Name brand,Ready meals,D,,225.0,4.7,1.0,4.6,9.3,,,0
Dark chocolate & Orange Cream,,Unknown,Confectionery,D,,229.0,3.0,1.0,27.0,8.6,,,0
Bsc Clean Bar,Bsc,Name brand,Muesli & protein bars,,,376.0,38.4,,8.0,17.4,9.4,,0
Rolled Oats - Unstabilised,Lotus,Name brand,"Pasta, rice & grains",,,404.0,0.6,,1.6,6.6,11.0,,0
the bar,,Unknown,Muesli & protein bars,,,,,,,,,,0
Lindor Lindt Mango,Lindor,Name brand,Confectionery,,,625.0,43.2,,36.0,5.6,0.0,,0
Australian Brushed Potatoes,Coles,Supermarket own brand,"Fruit, veg & legumes",,,,,,,,,,0
Handcrafted Flourless Orange Cake,Coles Finest,Supermarket own brand,Biscuits & cakes,,4,,,,,,,4,0
Rustic Scones Sticky Date,The Bakery at Coles,Name brand,Biscuits & cakes,,,,,,,,,,0
Australian Celery Sticks,Coles,Supermarket own brand,Sauces & condiments,,,,,,,,,,0
dark chocolate baking chips,cadbury,Name brand,Confectionery,E,4,,56.6,0.02,18.2,5.9,,2,0
"Orange, Lemon & Lime",Deep Spring,Name brand,Soft drinks & juice,,4,,7.9,0.01,1.0,,,2,0
Vegetable mash,Woolworths,Supermarket own brand,Ready meals,B,3,,1.8,0.42,2.2,1.7,1.9,1,0
Tomato Couscous,Woolworths Select,Supermarket own brand,Ready meals,B,3,,3.3,0.88,1.9,5.7,,1,0
Maltesers King Share,Maltesers,Name brand,Confectionery,E,4,,55.3,0.28,14.0,6.3,,5,0
Deli New Zealand Hoki,Birds Eye,Name brand,Meat & seafood,A,4,,1.6,0.78,0.8,13.5,1.3,,0
High Fibre Large Spirals,Vetta,Name brand,"Pasta, rice & grains",,1,,,,,,,,0
Australian Brown Onions,Coles,Supermarket own brand,Sauces & condiments,,,,,,,,,,0
Coles Mandarin Segments in Syrup Canned,Coles,Supermarket own brand,Ice cream & desserts,,3,,,,,,,1,0
Pak Choy Bunch,Coles,Supermarket own brand,"Fruit, veg & legumes",,,,,,,,,,0
Tzatziki,Chris,Name brand,Sauces & condiments,B,,103.0,2.7,0.34,1.8,5.5,,,0
7chefs Kitchen Bistro Chicken Bacon Pasta Bake,7chefs Kitchen,Name brand,Meat & seafood,B,4,,1.9,0.64,3.5,9.6,,7,0
Seasoning All Purpose Blend - paprika amd gsrkic,Masterfoods,Name brand,Sauces & condiments,D,3,192.0,0.0,25.0,0.0,4.0,,,0
Dare Iced Coffee Hazelnut Latte,Dare,Name brand,Soft drinks & juice,E,4,,8.7,0.11,2.4,3.4,,1,0
Australian Baby Beetroot,Coles,Supermarket own brand,"Fruit, veg & legumes",,,,,,,,,,0
Coles Supreme Pizza,Coles,Supermarket own brand,Ready meals,,4,,,,,,,18,0
Middle bacon,Dandy,Name brand,Meat & seafood,E,,246.0,2.0,2.58,8.2,15.2,,,0
Fruit For Life Mangos Dried Phillipine,Fruit For Life,Name brand,"Fruit, veg & legumes",,,50.0,71.4,,0.4,1.1,,,0
Tomatoes on the Vine,Flavourite Glasshouse Tomatoes,Name brand,"Fruit, veg & legumes",,,,,,,,,,0
Coles Fresh Garlic -   4 pack,Coles,Supermarket own brand,Sauces & condiments,,1,,,,,,,,0
Stone Baked Fresh Gourmet Pizza - Pumpkin & Pizza,Della Rosa Traditional Fresh Foods,Name brand,Ready meals,D,3,,3.2,1.63,2.9,8.5,,3,0
Crush passion,Tru Blu,Name brand,Soft drinks & juice,E,4,41.0,10.0,0.03,0.0,0.0,,4,0
Brekky Rice,Forbidden,Name brand,Ice cream & desserts,,,142.0,5.1,,0.3,2.4,,,0
Muffin mix,I quit sugar,Name brand,Biscuits & cakes,,,308.0,6.8,1.86,10.6,7.9,,,0
Picasso Kitchen Fresh Super Supreme Pizza,Picasso Kitchen,Name brand,Ready meals,C,,,4.0,1.18,3.6,9.7,,,0
Australian pitted prunes,Angas Park,Name brand,"Fruit, veg & legumes",B,,187.0,31.2,0.0,0.0,3.6,,,0
Jelly,Aeroplane,Name brand,Ice cream & desserts,B,,41.0,8.8,0.03,0.0,1.1,,,0
Cake in a cup,White Wings,Name brand,Biscuits & cakes,D,4,260.0,25.5,0.39,4.5,5.2,,7,0
Cashews honey,The Market Grocer,Name brand,"Fruit, veg & legumes",D,3,,35.0,0.09,5.0,11.7,,,0
Low carb choc,Aussielent,Name brand,Muesli & protein bars,,,,,,,,,,0
Beef honey flavoured sausages,Woolworthd,Name brand,Meat & seafood,E,,251.0,2.4,594.0,10.4,10.8,,,0
Three olive homestyle dip and spread,Chris',Name brand,Sauces & condiments,D,4,404.0,0.8,9.6,4.0,1.0,0.0,8,0
Ricotta & Spinach Cannelloni,Latina Fresh,Name brand,Ready meals,D,4,,11.2,3.84,7.4,15.4,7.7,3,0
Ham & Chicken Luncheon Meat,Woolworths Essentials,Supermarket own brand,Meat & seafood,C,,9.0,0.0,98.2,0.2,0.5,,,0
Master foods devilled sausages,,Unknown,Meat & seafood,D,4,107.0,20.1,1.98,0.1,0.5,,,0
Crunchy almond butter,,Unknown,Spreads,D,,609.0,4.9,0.79,3.7,19.9,,,0
Seasoning all purpose,Masterfoods,Name brand,Sauces & condiments,E,,659.0,12.6,2.21,0.5,4.5,0.0,,0
Diet caffeine free,Coca-Cola,Name brand,Soft drinks & juice,,,0.0,,2.54,,0.1,,,0
Basa Fillets,Shore Mariner,Name brand,Meat & seafood,,,79.0,0.0,,0.5,15.5,0.0,,0
Dolmio Extra Pasta Sauce Spicy Peppers,Dolmio,Name brand,Sauces & condiments,,,44.0,4.6,0.63,,1.4,,,0
Organic honey,Fewster  farm,Name brand,Spreads,,2,251.0,0.0,,0.0,,,,0
Pure australian honey,,Unknown,Spreads,,2,,0.0,,0.0,,,,0
Rice wine vinegar,,Unknown,Sauces & condiments,,2,1.0,0.0,,0.0,0.0,,,0
Premium coconut milk,,Unknown,Milk & alternatives,D,,174.0,1.9,0.1,12.6,0.3,,,0
Cheesecake,,Unknown,Biscuits & cakes,D,,303.0,21.8,0.17,9.4,3.8,,,0
"Orange, Cranberry and Cocoa Granola",Arnold's Farm,Name brand,Breakfast cereals,D,,416.0,15.8,180.0,2.0,9.2,7.2,,0
Light & creamy,Peters,Name brand,Ice cream & desserts,B,4,73.0,0.9,0.11,2.1,1.5,,4,0
Italian Dressing,Coles,Supermarket own brand,Sauces & condiments,D,4,,9.2,2.12,2.3,0.3,0.0,7,0
Australian pure honey,Woolworths,Supermarket own brand,Spreads,,2,,0.0,,0.0,,,,0
Champignon,Woolworths,Supermarket own brand,"Fruit, veg & legumes",,,15.0,0.3,,0.1,1.5,,,0
Apple & rhubarb snack pies,Nannas,Name brand,Ready meals,D,,,18.2,0.59,8.0,3.5,,,0
Quinoa Milq Chocolate,,Unknown,"Pasta, rice & grains",B,,64.0,5.7,0.12,0.3,0.8,,,0
guacamole,,Unknown,Spreads,D,,167.0,4.0,1.65,5.0,3.0,,,0
Manuka honey,,Unknown,Spreads,,2,359.0,74.0,,2.0,2.0,,,0
fizzy gum Box,cosmic,Name brand,Confectionery,C,4,,3.1,0.0,3.3,0.0,0.0,4,0
Glucojel,Glucogel,Name brand,Confectionery,D,,354.0,58.4,0.14,4.0,4.0,0.0,,0
Milk,,Unknown,Milk & alternatives,C,3,155.0,12.5,0.31,5.5,5.5,,,0
Minties,Allens,Name brand,Confectionery,,4,310.0,54.3,,1.0,1.0,,1,0
Blueberry muffin,,Unknown,Biscuits & cakes,E,,505.0,33.5,1.68,2.1,7.1,2.7,,0
Zymil full cream dairy milk,Zymil,Name brand,Milk & alternatives,B,,64.0,4.7,0.1,2.3,3.4,0.0,,0
Sunblest soft white toast,Tip Top Bakery,Name brand,Bread,,4,,1.6,,0.3,6.6,,2,0
pine nuts,Coles,Supermarket own brand,"Fruit, veg & legumes",,,701.0,3.4,,4.2,13.0,5.1,,0
breakfast juice,Daily Juice,Name brand,Soft drinks & juice,,,,,,,,,,0
Unsalted organic butter,,Unknown,Spreads,D,2,38.0,0.1,0.9,3.0,0.1,,,0
Sour gummy bears imp,Funday,Name brand,Confectionery,,,206.0,6.2,,0.0,0.8,63.0,,0
Easter Assortment,Cadbury,Name brand,Confectionery,,,496.0,58.0,,14.4,4.8,,,0
Yoghurt,Eoss,Name brand,Yoghurt,,4,,16.1,,,,,5,0
Tomato juice,Woolworths,Supermarket own brand,Soft drinks & juice,,,17.0,2.3,,,0.7,0.8,,0
Wholemeal flat bread,Coles,Supermarket own brand,Bread,,4,268.0,1.0,,1.0,7.0,,1,0
White vinegar,Coles,Supermarket own brand,Sauces & condiments,,2,463.0,21.1,0.76,1.9,7.4,11.1,,0
Straight Cut Chips,Woolworths,Supermarket own brand,Chips & salty snacks,,,134.0,1.0,,1.0,2.3,2.6,,0
Pesto Alle Olive,Coles,Supermarket own brand,Sauces & condiments,,,286.0,4.3,,3.3,1.0,2.1,,0
CAD twirl caramilk bar 39g imp,Cadbury,Name brand,Muesli & protein bars,E,,537.0,58.5,0.22,17.9,7.7,,,0
Sea Salt Dark Chocolate,Green & Black's,Name brand,Confectionery,E,,,27.2,0.48,29.4,6.1,,,0
100% Prune Juice,Woolworths,Supermarket own brand,Soft drinks & juice,E,,79.0,17.3,0.01,0.0,0.6,1.0,,0
Heritage mill salted caramel hazelnut clusters,Heritage Mill,Name brand,Breakfast cereals,C,4,422.0,15.5,0.21,1.7,10.2,7.0,,0
Country White,Woolworths,Supermarket own brand,Bread,C,,248.0,2.5,0.95,1.2,8.1,3.8,,0
Woolworths sweet and smokey bbq,Woolworths,Supermarket own brand,Meat & seafood,A,4,150.0,3.8,0.77,1.8,17.0,,3,0
Noodles,,Unknown,"Pasta, rice & grains",A,4,158.0,0.5,0.17,0.5,4.8,,6,0
Rigatoni,Cucina Matese,Name brand,"Pasta, rice & grains",C,1,361.0,4.1,0.8,0.0,14.0,,,0
Butter chicken with basmati rice,Coco earth,Name brand,Ready meals,C,,124.0,1.5,0.64,1.7,5.4,0.9,,0
Tropical sherbert fizz,Lifesavers,Name brand,Confectionery,E,,346.0,53.4,0.63,1.2,2.2,,,0
flaked almonds,Lucky,Name brand,"Fruit, veg & legumes",A,,605.0,4.0,0.02,3.8,21.1,8.9,,0
Almonds,Coles,Supermarket own brand,"Fruit, veg & legumes",A,,623.0,5.0,0.04,3.7,22.7,10.3,,0
Magnum Luxe Salted Caramel ice cream,Streets,Name brand,Ice cream & desserts,E,4,261.0,23.8,0.3,9.7,3.1,,2,0
Sweet Chilli thin rice cracker,Woolworths,Supermarket own brand,Chips & salty snacks,D,,424.0,4.0,1.04,0.8,4.0,1.6,,0
Tomato Paste no added salt,Leggo's,Name brand,"Fruit, veg & legumes",B,,85.0,9.0,0.12,0.2,3.4,3.8,,0
Cheer Light and Tasty,Cheer,Name brand,Cheese,D,,338.0,,1.75,15.6,30.0,,,0
Green goddess dressing,Birch & Waite,Name brand,Sauces & condiments,D,,213.0,9.2,1.91,1.2,1.6,,,0
Naan bread garlic,Mission,Name brand,Bread,D,4,307.0,5.6,2.06,3.1,8.4,,6,0
Corn kernels,Edgell,Name brand,"Fruit, veg & legumes",B,,66.0,2.8,0.6,0.6,2.6,2.8,,0
Rich & Thick Gravy Finishing Sauce,,Unknown,Sauces & condiments,C,4,50.0,7.0,0.54,1.8,1.8,0.0,,0
BBQ Meatlovers Pizza,Woolworths,Supermarket own brand,Ready meals,D,,238.0,7.8,1.4,3.1,9.4,,,0
Mylk Chocolate Bars,Health Lab,Name brand,Muesli & protein bars,E,4,493.0,22.2,0.23,26.5,5.5,4.0,2,0
Coleslaw,Woolworths,Supermarket own brand,Chips & salty snacks,C,,105.0,9.1,0.56,0.8,1.1,2.3,,0
Maltesers,Maltesers,Name brand,Confectionery,E,,21.0,55.3,0.1,14.0,6.3,,,0
Marshmallows,,Unknown,Confectionery,E,4,,53.5,0.1,0.0,3.6,,3,0
Cashews dry roasted,Woolworths,Supermarket own brand,"Fruit, veg & legumes",D,,607.0,6.7,0.04,8.0,17.0,3.3,,0
Anzac Biscuits,Coles,Supermarket own brand,Biscuits & cakes,E,,471.0,34.0,0.85,11.9,5.4,,,0
"Brown Rice, Quinoa & Chia Seeds with Garlic",Macro,Supermarket own brand,Ready meals,B,,189.0,0.1,0.2,0.5,4.6,2.6,,0
Pine Nuts,Woolworths,Supermarket own brand,"Fruit, veg & legumes",A,,700.0,3.4,0.01,4.2,13.0,5.1,,0
Kalamata Olives Sliced,Always Fresh,Name brand,Sauces & condiments,E,,215.0,0.8,3.5,2.6,1.5,,,0
Soy milky - Vitasoy,Vitasoy,Name brand,Milk & alternatives,B,4,39.0,1.6,0.2,0.3,3.0,0.2,1,0
Brazil nuts,,Unknown,"Fruit, veg & legumes",B,,690.0,2.1,0.01,14.5,14.4,8.5,,0
Parmigiano reggiano,Thomas dux,Name brand,Cheese,D,,400.0,0.4,1.6,19.6,32.4,,,0
Stirfry mixed vegetables,Woolworths,Supermarket own brand,"Fruit, veg & legumes",A,,31.0,2.6,0.05,0.1,2.2,3.2,,0
Salted pistachios,Coles,Supermarket own brand,Chips & salty snacks,B,,606.0,6.7,0.5,6.1,25.4,,,0
Lightly salted pistachios,Coles,Supermarket own brand,Chips & salty snacks,C,,597.0,7.0,1.18,6.0,25.3,13.3,,0
Australian baby beans,Birds I,Name brand,"Fruit, veg & legumes",A,,36.0,2.7,0.0,0.1,1.4,2.7,,0
chicken kiev,Woolworths,Supermarket own brand,Meat & seafood,D,,259.0,2.4,0.91,7.7,11.5,,,0
Cauliflower rice,Birds Eye,Name brand,"Fruit, veg & legumes",A,,26.0,1.5,0.03,0.1,1.2,0.3,,0
Citrus Ponzu sauce,,Unknown,Sauces & condiments,E,,27.0,1.0,8.04,0.0,3.5,,,0
Salted Caramel,Pana,Name brand,Confectionery,E,,576.0,24.6,0.23,29.1,1.4,,,0
Squid Strips,Birds Eye,Name brand,Meat & seafood,A,,233.0,0.4,0.38,0.8,9.9,,,0
Yogo Mix mini M&Ms,Yogo,Name brand,Ice cream & desserts,D,,175.0,19.8,0.17,4.5,3.9,0.4,,0
Milk Choc Muesli Bars,Carman's,Name brand,Muesli & protein bars,D,4,452.0,23.4,0.08,9.8,8.1,5.2,3,0
Australian Baby Peas,Woolworths,Supermarket own brand,"Fruit, veg & legumes",A,,59.0,2.7,0.01,0.1,4.6,5.2,,0
Rice Milk Unsweetened,Vitasoy,Name brand,Milk & alternatives,D,3,44.0,5.8,0.16,0.8,0.2,0.2,,0
Starburst snakes,Starburst,Name brand,Confectionery,D,,352.0,43.0,0.0,0.0,0.0,,,0
Black Beans,Galaxy,Name brand,"Fruit, veg & legumes",A,4,,2.1,0.02,0.2,21.3,,,0
Iced Coffee - Cafe Latte - oat milk,Vitasoy,Name brand,Milk & alternatives,C,4,49.0,3.8,0.19,0.2,0.7,0.8,2,0
Chicken breast tenderloin,Macro,Supermarket own brand,Meat & seafood,A,,181.0,0.9,0.96,0.8,16.9,,,0
Peas and Carrots,Coles,Supermarket own brand,"Fruit, veg & legumes",B,,55.0,2.4,0.58,0.1,0.8,,,0
Javanese Tempeh,,Unknown,"Fruit, veg & legumes",C,3,172.0,0.6,1.86,1.2,18.9,,,0
Whiting fish bites,,Unknown,Meat & seafood,A,,200.0,2.0,0.56,1.7,14.7,,,0
BUTTER CHICKEN SAUCE,Masterfoods,Name brand,Sauces & condiments,B,4,96.0,5.9,1.12,0.7,2.0,,,0
Italian passata,Coles,Supermarket own brand,Sauces & condiments,A,1,,4.3,0.14,0.1,1.5,1.5,,0
,,Unknown,Ready meals,D,4,,,,,,,1,0
Beetroot & Fetta Salad Kit,Woolworths,Supermarket own brand,Ready meals,C,4,182.0,4.7,1.02,3.9,5.3,2.1,5,0
Kettle chilli,Kettle,Name brand,Chips & salty snacks,C,,478.0,1.3,1.04,1.3,6.2,4.0,,0
Yogo,Yogo,Name brand,Yoghurt,D,4,175.0,19.8,0.18,4.5,3.9,0.4,4,0
Spaghetti bolognese,Woolworths,Supermarket own brand,Ready meals,C,3,160.0,2.9,0.6,1.9,7.8,1.4,2,0
Chocolate cake mix,Woolworths,Supermarket own brand,Biscuits & cakes,E,,379.0,38.2,1.46,2.9,5.6,2.9,,0
Oyster sauce,Coles,Supermarket own brand,Sauces & condiments,E,4,139.0,27.5,7.58,1.0,1.1,0.1,4,0
Tzatziki,,Unknown,Sauces & condiments,D,,81.0,2.0,1.4,3.3,5.0,,,0
Spreadable Light Cream Cheese,Woolworths,Supermarket own brand,Cheese,D,,232.0,2.4,0.63,13.6,9.6,,,0
Belgian dark chocolate,Coles,Supermarket own brand,Confectionery,E,4,609.0,31.6,0.03,25.1,7.9,,,0
Manuka Honey MGO 300+,Capilano,Name brand,Spreads,E,2,339.0,82.5,0.04,,0.0,,,0
Chobani Fit Yoghurt,Chobani,Name brand,Yoghurt,A,,58.0,3.1,0.09,0.1,9.6,,,0
Bumbles Milk Choc Honeycomb,Menz,Name brand,Muesli & protein bars,E,,471.0,59.6,0.58,20.2,2.9,,,0
Pure honey,Coles,Supermarket own brand,Spreads,E,2,335.0,82.1,0.04,0.0,0.0,0.0,,0
Soy Milk,Vitasoy,Name brand,Milk & alternatives,B,,62.0,2.6,0.15,1.3,3.3,0.6,,0
Unsweetened oat milk,Inside Out,Name brand,Milk & alternatives,C,1,52.0,1.2,0.1,0.3,1.2,3.5,,0
Chicken breast tenders,Ingram’s,Name brand,Meat & seafood,D,,248.0,3.2,1.73,1.3,13.9,,,0
Choccy Slams,Woolworths,Supermarket own brand,Biscuits & cakes,E,,513.0,43.0,0.53,16.5,5.9,,,0
Nacho Cheese,Doritos,Name brand,Chips & salty snacks,D,,514.0,3.3,0.95,3.0,7.8,0.0,,0
"Chick peas with lime, ginger and chilli",Edgell,Name brand,"Fruit, veg & legumes",A,3,148.0,1.1,0.64,0.7,6.9,7.0,,0
Crispy Bacon Chips,Smith's,Name brand,Chips & salty snacks,B,4,145.0,1.0,0.36,0.6,1.8,0.0,8,0
Frozen Pink Dragonfruit Chunks,Creative Gourmet,Name brand,"Fruit, veg & legumes",A,,70.0,10.6,0.02,0.2,1.0,1.1,,0
Jersey Caramels,,Unknown,Confectionery,E,,358.0,53.3,0.35,5.8,2.5,,,0
Massaman curry paste,Five Tastes,Name brand,Sauces & condiments,E,,242.0,25.8,2.7,1.2,1.9,,,0
Double Pepperoni Pizza,Picasso Kitchen,Name brand,Ready meals,D,,255.0,4.3,1.52,3.4,10.9,4.2,,0
Crunchy Macadamia Nut,,Unknown,"Fruit, veg & legumes",D,,630.0,22.5,0.14,8.8,7.5,10.7,,0
High Protein Vegetable Ravioli,Coles,Supermarket own brand,Ready meals,A,,253.0,1.8,0.37,1.8,14.2,3.4,,0
Walnut banana bread,7-Eleven,Name brand,Bread,D,,340.0,26.0,0.62,1.3,5.7,,,0
Edamame,Edgell,Name brand,"Fruit, veg & legumes",B,4,120.0,1.0,0.47,0.9,10.1,3.4,1,0
Vegan garlic aioli,Coles,Supermarket own brand,Sauces & condiments,D,1,604.0,3.5,1.44,4.6,1.0,,1,0
Blue Peas,Adams Apple,Name brand,"Fruit, veg & legumes",B,,,0.3,0.01,0.0,5.5,,,0
White Peas,Adams Apple,Name brand,"Fruit, veg & legumes",B,,,0.3,0.01,0.0,5.5,,,0
Great Northern Beans,Galaxy,Name brand,"Fruit, veg & legumes",A,1,,2.3,0.04,0.4,21.9,,,0
Red curry,Gourmet Chef,Name brand,Meat & seafood,C,,86.0,4.3,1.13,4.0,1.3,,,0
White Quinoa,Macro,Supermarket own brand,"Pasta, rice & grains",A,,385.0,3.6,0.01,1.0,14.2,7.0,,0
Devil Chicken Tenders,,Unknown,Meat & seafood,D,,223.0,1.0,1.78,2.7,11.4,,,0
Bran flakes & sultanas,Woolworths,Supermarket own brand,Breakfast cereals,C,,351.0,22.3,0.69,1.0,10.9,16.7,,0
Magnum Classic,Magnum,Name brand,Ice cream & desserts,E,,312.0,23.9,13.0,10.0,3.7,,,0
,,Unknown,Spreads,C,3,,0.0,1.22,9.3,24.0,,,0
Tonight Mild Butter Chicken 495g,Chicken Tonight,Name brand,Sauces & condiments,C,4,84.0,4.2,0.67,1.2,1.1,1.3,3,0
Bratwurst,Barossa Fine Foods,Name brand,Meat & seafood,D,,180.0,1.2,1.94,3.8,17.8,,,0
No Added Sugar Vanilla Yogurt,Chobani,Name brand,Yoghurt,A,4,80.0,3.1,0.07,2.2,7.0,0.1,2,0
Deli style tortilla triangles,Mission,Name brand,Chips & salty snacks,D,,488.0,1.6,0.85,2.2,7.2,,,0
Milky Way Funsize Sharepack,Milky Way,Name brand,Muesli & protein bars,E,,432.0,57.5,0.15,7.5,7.5,,,0
Tzatziki,Coles,Supermarket own brand,Sauces & condiments,C,4,90.0,7.2,0.8,0.2,4.8,0.2,1,0
Cont Macaroni cheese value pack 170g,Continental,Name brand,Ready meals,C,,127.0,2.8,0.7,1.1,3.9,0.6,,0
Neopolitan Icecream,Bulla,Name brand,Ice cream & desserts,E,,310.0,28.3,0.18,11.2,4.0,,,0
Ready to eat prawns,Coles,Supermarket own brand,Meat & seafood,B,,152.0,2.0,1.24,1.0,15.3,0.8,,0
,Coles,Supermarket own brand,"Fruit, veg & legumes",D,3,,63.4,0.01,1.0,2.5,4.5,,0
Vanilla Protein Big Bowl Quick Oats,Uncle Tobys,Name brand,Breakfast cereals,C,4,384.0,19.3,0.1,1.1,25.7,,,0
Beef Bolognese,Fitness Outcomes,Name brand,Ready meals,B,4,120.0,1.8,0.52,1.2,10.7,,3,0
Greek Style Yoghurt With Pure Honey,Farmers Union,Name brand,Yoghurt,C,,132.0,10.2,0.13,5.4,4.0,,,0
Tzatziki to go,Obela,Name brand,Sauces & condiments,C,,112.0,3.9,0.78,2.0,3.3,,,0
Cottage pie angus,Coles,Supermarket own brand,Ready meals,C,,117.0,1.4,0.8,3.0,7.4,0.3,,0
Pac-Man Oreos - Original,Oreos,Name brand,Biscuits & cakes,E,,489.0,38.0,1.29,10.1,4.7,,,0
Tortilla whole grain,Old El Paso,Name brand,Bread,D,,327.0,1.8,1.62,1.5,9.5,4.8,,0
Tuna Tikka Masala,Woolworths,Supermarket own brand,Meat & seafood,B,,119.0,2.5,0.68,3.0,14.2,,,0
Moroccan spiced carrot & lentil soup,F. Whitlock & Sons,Name brand,Ready meals,C,,45.0,2.5,0.68,0.5,1.4,1.6,,0
Aust Carrots Peas and Corn,Woolworths,Supermarket own brand,"Fruit, veg & legumes",A,,79.0,4.8,0.04,1.3,3.7,4.8,,0
High Protein  Italian Pork Pasta,Strength Meals,Name brand,Ready meals,C,,168.0,1.9,1.27,2.8,10.6,1.9,,0
Chicken Shredded Mayonnaise,Woolworths,Supermarket own brand,Meat & seafood,A,4,107.0,1.4,1.24,0.6,17.8,,1,0
Rustica Australia Angus Beef,McCain,Name brand,Ready meals,D,,239.0,4.7,1.2,5.8,9.8,,,0
Milo cereal,Nestle,Name brand,Breakfast cereals,C,4,392.0,22.5,0.36,1.5,24.1,5.9,1,0
Tomato Paste,Woolworths,Supermarket own brand,"Fruit, veg & legumes",A,3,88.0,12.4,0.4,0.4,4.0,,,0
Beer Battered Fish & Chips,On the Menu,Name brand,Ready meals,C,4,128.0,1.8,0.86,0.9,4.4,,7,0
Leatherwood Raw Honey,Honeycube,Name brand,Spreads,D,2,320.0,79.5,0.03,0.0,0.5,,,0
Tasty Shredded Cheddar,,Unknown,Cheese,D,,410.0,0.1,1.59,11.3,24.3,,,0
BBQ Ale Sauce,,Unknown,Sauces & condiments,D,,156.0,30.0,0.7,6.7,6.7,,,0
Barbeque Sauce,,Unknown,Sauces & condiments,D,,112.0,24.0,2.15,0.0,1.0,,,0
Flame grilled,Coles,Supermarket own brand,Sauces & condiments,D,,438.0,9.6,1.75,1.4,0.4,,,0
Hilo milk,,Unknown,Milk & alternatives,E,,115.0,12.5,0.26,2.0,9.0,,,0
Apple pie and custard aussie oat bar,Carman's,Name brand,Muesli & protein bars,E,,1260.0,40.0,0.36,11.1,26.7,45.6,,0
Milk chocolate peanuts,Woolworths,Supermarket own brand,Confectionery,E,,536.0,46.8,0.16,13.2,10.4,14.0,,0
Shredded Chicken,Woolworths,Supermarket own brand,Meat & seafood,A,1,103.0,1.2,0.98,1.2,21.6,,,0
Salted Butter,Woolworths essentials,Supermarket own brand,Spreads,B,2,730.0,0.1,0.07,2.7,0.1,,,0
Tuna with tomato and basil,Coles,Supermarket own brand,Meat & seafood,A,4,171.0,2.9,0.4,1.2,18.0,,3,0
souther blue whiting,Birds eye,Name brand,Meat & seafood,B,,203.0,1.1,0.71,1.1,12.8,0.9,,0
M&Ms Peanut,M&Ms,Name brand,Confectionery,E,,510.0,53.2,0.12,9.6,9.6,,,0
YoPRO PERFORM Mixed Berries,Danone,Name brand,Yoghurt,A,,69.0,3.5,0.13,0.4,11.5,,,0
Pink and white mallows,Coles,Supermarket own brand,Confectionery,E,4,340.0,58.0,0.12,10.0,10.0,,2,0
Spinach & Ricotta Tortellini,Strength Meals Co,Name brand,Ready meals,C,,175.0,2.9,0.56,3.0,6.3,1.1,,0
Marshmallows,,Unknown,Confectionery,E,,331.0,64.0,0.11,4.0,4.0,,,0
Beef Cashew Korma,Fitness Outcomes,Name brand,Ready meals,D,4,385.0,3.1,1.71,3.9,28.7,,2,0
Steak & Kidney Pie,Fray Bentos,Name brand,Meat & seafood,C,,188.0,0.3,0.75,4.0,11.2,0.7,,0
Harvest snaps,Calbee,Name brand,"Fruit, veg & legumes",B,,450.0,3.5,0.6,4.5,19.0,13.5,,0
Chicken quinoa salad,,Unknown,Meat & seafood,C,,113.0,4.1,1.0,1.0,5.8,,,0
Classic Fruit & Nut Muesli,Woolworths,Supermarket own brand,Breakfast cereals,C,,386.0,9.5,0.31,1.6,12.4,,,0
Deli New Zealand Whiting Crisp Light Batter,Birds Eye,Name brand,Meat & seafood,C,4,231.0,1.0,1.14,1.4,11.0,0.6,7,0
Grana padano,Thomas Dux,Name brand,Cheese,D,,395.0,,1.5,18.0,33.0,,,0
Veed Plant Bases Premium Beef Burger,Veef,Name brand,Meat & seafood,C,,215.0,0.7,0.82,6.2,14.2,5.3,,0
Rice Squares - Black Pepper Flavour,Fantastic,Name brand,Chips & salty snacks,E,4,,6.2,2.42,3.6,6.1,1.0,4,0
High Protein Chicken Tortellini,Coles Perform,Supermarket own brand,Ready meals,A,,242.0,2.0,0.24,1.6,15.2,2.8,,0
Fried noodles,,Unknown,"Pasta, rice & grains",E,4,501.0,12.0,2.13,6.4,5.6,,4,0
Cookie Dough Porriage,Kialla Pure Organics,Name brand,Breakfast cereals,C,4,400.0,15.6,0.22,2.9,11.6,11.8,,0
Australia's Own kids milk strawberry,,Unknown,Milk & alternatives,C,4,58.0,8.9,0.1,0.7,3.2,,1,0
Oreo Mini Multipak Original,Mondelez,Name brand,Biscuits & cakes,E,,494.0,37.7,1.32,10.3,4.9,,,0
Creamy classics ice cream sandwich vanilla,Bulla,Name brand,Ice cream & desserts,E,,332.0,24.6,0.55,8.3,3.9,,,0
Apricots,Angas Park,Name brand,"Fruit, veg & legumes",D,,226.0,37.3,0.72,0.1,2.4,,,0
Mayonnaise,Coles,Supermarket own brand,Sauces & condiments,D,4,140.0,19.1,1.75,0.4,0.4,0.0,5,0
Full cream evaporated milk,Coles,Supermarket own brand,Milk & alternatives,E,,148.0,10.4,0.33,5.1,7.1,0.0,,0
Orange and poppy seed cake,Woolworths,Supermarket own brand,Biscuits & cakes,D,4,176.0,23.1,0.41,4.0,3.9,,5,0
Sun dried tomato strips,Coles,Supermarket own brand,"Fruit, veg & legumes",C,,206.0,4.0,0.95,4.0,4.0,,,0
Fruit in Jelly Mandarin,Coles,Supermarket own brand,Confectionery,C,4,80.0,0.8,0.84,0.0,0.8,0.8,9,0
Two fruits,Coles,Supermarket own brand,Confectionery,C,4,80.0,18.0,0.23,0.0,0.8,,10,0
Special fried rice,Sunrice,Name brand,"Pasta, rice & grains",C,,168.0,1.6,0.99,1.8,3.4,1.4,,0
Australian peas,Woolworths,Supermarket own brand,"Fruit, veg & legumes",A,,59.0,2.7,0.0,0.1,4.8,,,0
Corn flakes the original & best australian madr,Kellogg's,Name brand,Breakfast cereals,D,,382.0,7.3,1.21,0.7,0.0,,,0
Dairy free vanilla bean frozen desert,Woolworths,Supermarket own brand,Milk & alternatives,D,,195.0,17.3,0.17,10.8,1.7,,,0
Chicken burgers with zucchini and parmesan,Woolworths,Supermarket own brand,Meat & seafood,A,4,126.0,0.9,0.94,1.8,16.9,,5,0
Caramilk Twirl Bites,Cadbury,Name brand,Confectionery,C,4,,,,,,,2,0
sultanas (dried),Coles,Supermarket own brand,"Fruit, veg & legumes",D,3,,63.4,0.01,1.0,2.5,4.5,,0
Chilli Con Carne,Mingle,Name brand,Meat & seafood,E,,298.0,12.6,9.94,11.4,11.4,17.1,,0
Burrata,La Stella,Name brand,Cheese,C,,185.0,0.5,0.79,9.0,13.0,,,0
Creamy almond milk,,Unknown,Milk & alternatives,C,,62.0,1.6,0.26,0.4,2.0,0.7,,0
Pasta Sauce - vine ripened tomatoes with caramelised baby on,Leggo's Providore,Name brand,Sauces & condiments,C,,83.0,6.7,1.5,0.6,0.9,3.5,,0
Caramel Snow Slice,,Unknown,Biscuits & cakes,E,,420.0,54.0,0.32,11.6,4.0,,,0
Real Mayonnaise,Hellman's,Name brand,Sauces & condiments,E,,708.0,1.4,1.52,6.4,1.4,,,0
Asian Style Salad Tub,Woolworths,Supermarket own brand,Ready meals,C,,100.0,4.6,0.88,0.8,2.3,,,0
Almond butter cacao butter,,Unknown,Spreads,C,3,586.0,12.0,0.05,5.0,17.7,,,0
Fully loaded chocolate brownie cheesecake,Woolworths,Supermarket own brand,Biscuits & cakes,E,,400.0,30.4,0.49,11.9,5.7,,,0
11 madeleines,Toscano,Name brand,Biscuits & cakes,E,,433.0,23.3,0.83,6.5,5.1,,,0
Banana yoghurt,Woolworths,Supermarket own brand,Ice cream & desserts,,,76.0,9.0,,1.4,3.9,,,0
Chocolate Chip Muffin,Woolworths,Supermarket own brand,Biscuits & cakes,D,4,,25.2,0.76,3.2,5.3,2.0,5,0
Spreadable Pickles Sweet Mustard,Three Threes,Name brand,Sauces & condiments,,,90.0,14.0,,0.3,0.3,,,0
Almond butter roasted,Coles,Supermarket own brand,Spreads,,,610.0,4.9,,4.0,22.0,,,0
latina fresh creamy carbonara,Latina Fresh,Name brand,Sauces & condiments,,4,,,,,,,8,0
Pana Mylk,,Unknown,Confectionery,E,,,29.4,0.09,24.8,2.6,,,0
,,Unknown,Sauces & condiments,,,,2.8,0.17,,,,,0
Vermicelli,Pandaroo,Name brand,"Pasta, rice & grains",C,,,0.0,0.07,0.0,0.6,,,0
Diet Tonic Water Can,Schweppes,Name brand,Soft drinks & juice,B,4,,0.0,0.04,0.0,0.1,,5,0
Maggi Chinese five spice stir fry,Maggi,Name brand,Sauces & condiments,C,,96.0,14.2,1.81,1.0,1.0,10.0,,0
Oyster sauce,Woolworths,Supermarket own brand,Sauces & condiments,,,26.0,5.4,,0.9,0.9,,,0
Roll Ups Rainbow Berry,Uncle Tobys,Name brand,Muesli & protein bars,C,4,337.0,26.9,0.13,1.3,0.6,,7,0
Coconut chicken,suimin,Name brand,"Pasta, rice & grains",C,,105.0,0.8,1.04,2.6,1.8,,,0
Fried Fish Cake,Hakka,Name brand,Ready meals,D,,107.0,3.7,2.4,0.1,15.0,,,0
Snickers - Fun Size,Snickers,Name brand,Muesli & protein bars,E,,481.0,52.0,0.67,8.0,8.7,,,0
Meatlovers Pizza Slices,McCain,Name brand,Ready meals,D,,246.0,5.0,1.1,4.9,11.2,,,0
Super Mix,Watties,Name brand,"Fruit, veg & legumes",,,28.0,2.2,,,2.5,2.7,,0
Beef burrito,Devour,Name brand,Ready meals,B,,127.0,3.7,0.9,2.3,6.3,2.5,,0
Brazil Nuts,,Unknown,"Fruit, veg & legumes",,1,690.0,2.1,,14.3,14.4,8.5,,0
Organic Mixed Frozen Berries,Macro,Supermarket own brand,"Fruit, veg & legumes",,,43.0,7.2,,0.7,0.9,,,0
Puff pastry sheets,Woolworths,Supermarket own brand,Biscuits & cakes,D,4,338.0,1.2,1.02,7.8,6.4,4.0,4,0
Gluten free spaghetti No.113,,Unknown,"Pasta, rice & grains",,4,362.0,2.2,,1.0,7.2,2.2,1,0
white sandwich bread,Falcones,Name brand,Bread,,4,0.0,3.4,0.42,0.5,,2.4,4,0
Maison bread rolls,Woolworths,Supermarket own brand,Bread,C,3,249.0,3.7,1.49,0.2,7.2,,1,0
7 Seeds HiFibre Low GI Roll,,Unknown,Bread,A,4,299.0,1.0,0.84,1.4,13.0,9.1,,0
Low carb linseed & sunflower bread,Macro,Supermarket own brand,Bread,,,185.0,,,1.0,16.7,14.4,,0
Sourdough baked flat bread,Kettle,Name brand,Bread,C,3,472.0,1.0,1.27,1.5,10.0,4.7,,0
Gluten Free Rustic White Bread,Abbott's Bakery,Name brand,Bread,B,4,268.0,3.7,0.65,0.2,4.1,1.2,3,0
Bread,Coles,Supermarket own brand,Bread,B,,225.0,1.6,1.4,1.1,7.1,3.5,,0
Lebanese flat bread,The green Lebanese,Name brand,Bread,C,,240.0,3.0,1.6,0.2,8.0,,,0
Alphone Breads Super Natural,Alpine Breads,Name brand,Bread,A,,258.0,5.0,0.85,0.9,16.1,7.9,,0
Cheese and Bacon Rolls,Woolworths,Supermarket own brand,Bread,C,,263.0,1.0,1.23,3.0,11.5,2.0,,0
Extra soft spicy fruit load,Woolworths,Supermarket own brand,Bread,,,,,,,,,,0
Hi Fibre Mulitgrain Sandwich,Woolworths,Supermarket own brand,Bread,A,,250.0,2.8,1.0,1.4,10.9,6.4,,0
Mini loaf Soft white bread,TipTop,Name brand,Bread,B,4,,2.4,1.02,0.6,8.4,2.7,3,0
Bill's Carb Smart HEMP Sourdough bread,Bill's Bread,Name brand,Bread,,4,,0.5,,0.8,,,1,0
Raisin Toast,Woolworths Homebrand,Supermarket own brand,Bread,C,4,,18.1,0.69,0.6,7.7,3.3,3,0
Parmesan & Onion Sourdough Cobb,Woolworths,Supermarket own brand,Bread,,,,,,,,,,0
Hin-tin white loaf,,Unknown,Bread,B,,205.0,1.5,0.4,0.4,5.4,,,0
V2 Plant Based Lasagne,,Unknown,Ready meals,B,,124.0,5.4,0.71,0.9,5.6,2.2,,0
Turkish Delight pomegranate,,Unknown,Confectionery,,,373.0,77.6,,0.0,1.0,,,0
Portobello mushroom and thyme arancini,,Unknown,Ready meals,,3,,,,,,,,0
Green Beans,Macro,Supermarket own brand,"Fruit, veg & legumes",,1,,,,,,,,0
milk bottles,,Unknown,Confectionery,,4,,,,,,,3,0
Choc Mint Slices,Woolworths,Supermarket own brand,Confectionery,,,440.0,55.2,,9.6,0.0,0.0,,0
Apple and raspberry snack bar,,Unknown,Muesli & protein bars,D,4,350.0,28.1,0.59,2.5,5.6,,7,0
Mimi blinis,Ocean blue,Name brand,Meat & seafood,,,282.0,,,,,,,0
Roasted Mushroom Pizza,Rustica,Name brand,Ready meals,E,,466.0,84.0,2.52,9.1,20.4,,,0
Milky bar,Nestle,Name brand,Confectionery,E,4,561.0,54.5,0.21,20.0,7.6,,2,0
Eclipse lntense Mint,Eclipse,Name brand,Confectionery,C,4,335.0,0.0,0.0,0.0,0.0,,5,0
GARDEN MEDLEY,Proper Crisps,Name brand,Chips & salty snacks,C,,124.0,10.0,0.26,1.0,1.3,0.3,,0
Shells pasta,Macro,Supermarket own brand,"Pasta, rice & grains",B,,358.0,4.0,0.8,0.3,11.5,,,0
Trivelle Pasta,San Remo,Name brand,"Pasta, rice & grains",A,1,366.0,2.5,0.03,0.0,12.5,3.0,,0
Coles Orange and Mango Mineral Water,Coles,Supermarket own brand,Soft drinks & juice,E,4,43.0,10.5,0.01,0.0,0.0,,4,0
Sponge fresh cream and jam jilled dusted,Woolworths,Supermarket own brand,Biscuits & cakes,,4,,,,,,,11,0
rolled spelt grain,macro,Supermarket own brand,"Pasta, rice & grains",,,,,,,,,,0
4 Custard Tarts,Woolworths Select,Supermarket own brand,Biscuits & cakes,,4,,14.7,,5.8,5.2,,12,0
Organic Gourmet Tomato,Macro,Supermarket own brand,"Fruit, veg & legumes",,,,,,,,,,0
Lamb Rogan Josh with Rice,Woolworths,Supermarket own brand,Meat & seafood,,4,,,,,,,3,0
Gluten free noodles,,Unknown,"Pasta, rice & grains",,3,143.0,1.0,,1.0,2.0,,1,0
Chicken Noodle Soup Dried Soup Mix,Coles,Supermarket own brand,Ready meals,,4,,0.2,0.7,0.1,0.5,,6,0
Australian Lime Leaf,Coles,Supermarket own brand,Sauces & condiments,,,,,,,,,,0
Coles Mandarin Segments in Syrup,Coles,Supermarket own brand,Ice cream & desserts,B,3,65.0,11.0,0.04,0.0,0.6,0.8,1,0
Rogan Josh Curry Paste Medium,Monika Brand,Name brand,Sauces & condiments,D,3,,0.0,9.58,7.0,3.0,3.0,1,0
Kez's Kitchen Free and Naked Sticky Date Bar,Kez's Kitchen,Name brand,Muesli & protein bars,,3,,,,,,,,0
Cherry Burst Glasshouse Cherry Tomatoes,Cherry Burst,Name brand,"Fruit, veg & legumes",,,,,,,,,,0
Deep Spring Orange Berry Twist,Deep Spring,Name brand,Soft drinks & juice,E,4,34.0,7.9,0.01,0.0,1.0,,2,0
Traditional Plum Pudding,Woolworths,Supermarket own brand,Ice cream & desserts,D,4,,40.4,0.22,1.6,2.9,,2,0
Custard Filled Pecan Danish,Woolworths Select,Supermarket own brand,Biscuits & cakes,D,4,,20.8,0.69,7.6,5.0,,14,0
Woolworths Select Thick Mint Sauce,Woolworths Select,Supermarket own brand,Sauces & condiments,D,4,,33.9,1.23,0.2,0.1,,6,0
Almond milk dark chocolate,So good,Name brand,Confectionery,C,4,40.0,4.3,22.0,0.3,0.8,,1,0
Pepper Finishing Sauce,Gravox,Name brand,Sauces & condiments,C,,32.0,1.5,1.02,0.6,0.2,,,0
Char-grilled Sweet Potato Chunky Dip,Wattle Valley,Name brand,Sauces & condiments,,3,,,,,,,,0
Water chestnuts,Valcom,Name brand,"Fruit, veg & legumes",A,1,32.0,2.0,0.02,0.2,0.9,,1,0
Australian Kid Size Mandarins,Coles,Supermarket own brand,"Fruit, veg & legumes",,,,,,,,,,0
Cosberg Lettuce,Barden Produce,Name brand,"Fruit, veg & legumes",,,,,,,,,,0
Glasshouse Grown Tomato Medley,Two Wells Dvine Ripe,Name brand,"Fruit, veg & legumes",,,,,,,,,,0
7 Mini Battengergs,FreshBake,Name brand,Biscuits & cakes,E,4,,54.8,0.28,12.5,2.7,,9,0
Traditional Napoli Sauce,The Element The Ingredient,Name brand,Sauces & condiments,B,3,,3.1,1.13,0.0,1.5,,,0
Cherry Tomatoes,Rich River Tomatoes PTY LTD,Name brand,"Fruit, veg & legumes",,,,,,,,,,0
Honey thinly sliced leg ham,Don,Name brand,Meat & seafood,,,100.0,2.4,2.9,,16.0,,,0
English Style Thinly Sliced Leg Ham,Don,Name brand,Meat & seafood,,,90.0,1.3,,0.0,16.4,0.0,,0
Vanilla Coke,Coca Cola,Name brand,Soft drinks & juice,E,,44.0,11.0,25.4,0.0,0.0,0.0,,0
Australian Jerky Crocodile Soft,Billabong,Name brand,Meat & seafood,,3,,14.0,4.98,,37.5,,1,0
Tonic water lime cucumber and mint,,Unknown,Soft drinks & juice,B,,2.0,0.0,0.0,0.0,0.0,,,0
Smokey Chipotle Hommus,Yumi's,Name brand,Sauces & condiments,B,3,293.0,1.0,1.02,2.2,5.3,,5,0
Goji berries,Fruit for life,Name brand,"Fruit, veg & legumes",,,360.0,56.0,,1.0,10.0,,,0
Crumbed white fish,Coles,Supermarket own brand,Meat & seafood,,,251.0,4.0,,1.0,15.0,2.0,,0
Brown Rice Crispy Bars,,Unknown,Muesli & protein bars,D,,383.0,20.6,0.81,1.8,5.3,,,0
Water,,Unknown,Soft drinks & juice,A,1,,,,,,,,0
sweet William chocolate mini bars,,Unknown,Muesli & protein bars,,,,,,,,,,0
Latina Fresh Sauce,Latina Fresh,Name brand,Sauces & condiments,,3,,,,,,,,0
Trout,Norlax,Name brand,Meat & seafood,D,,156.0,0.0,2.92,1.5,22.6,0.0,,0
Fanta,Coca-Cola,Name brand,Soft drinks & juice,,,19.0,4.5,,0.0,0.0,,,0
Vanilla cake mix,Coles,Supermarket own brand,Biscuits & cakes,,4,274.0,36.4,1.01,2.5,3.8,18.0,6,0
Blue Banner Pickled Onions,Blue Banner,Name brand,Sauces & condiments,,4,,,,,,,3,0
Açaí Energy,amazonia,Name brand,"Fruit, veg & legumes",A,,106.0,13.6,0.01,1.0,1.0,3.1,,0
freckles,Allen's,Name brand,Muesli & protein bars,E,4,478.0,67.5,0.25,16.0,4.5,,5,0
diet blood orange,Woolworths,Supermarket own brand,Soft drinks & juice,,4,,,,,,,7,0
y,Riviana,Name brand,"Fruit, veg & legumes",,,,,,,,,,0
beef meatballs & veg,Woolworths,Supermarket own brand,Meat & seafood,,4,,,,,,,5,0
Roasted Chickpeas - Dark Chocolate & Raspberry,,Unknown,Confectionery,,,99.0,3.0,,3.0,2.3,,,0
all purpose seasoning,Masterfoods,Name brand,Sauces & condiments,,4,,,,,,,1,0
Crunchie Eggs,Cadbury,Name brand,Confectionery,,,523.0,63.4,,16.6,2.6,,,0
Ruby fruit blend,Woolworths,Supermarket own brand,"Fruit, veg & legumes",,,50.0,5.7,,0.7,1.3,1.9,,0
Australian lamb rump roast,Coles,Supermarket own brand,Meat & seafood,,,258.0,,,,25.6,,,0
Cashew butter,,Unknown,Spreads,D,,636.0,10.0,0.12,10.0,20.0,,,0
100% Australian Mangos,Aussie Frozen Fruit,Name brand,"Fruit, veg & legumes",,,66.0,10.0,,0.1,0.5,,,0
Sliced jalapeños,Sandhurst,Name brand,Sauces & condiments,C,,16.0,0.1,1.95,0.1,1.0,,,0
Chicken Tortellini,,Unknown,Ready meals,B,,294.0,1.0,0.48,2.2,12.2,,,0
Gherkins,,Unknown,"Fruit, veg & legumes",A,,44.0,5.0,1.62,0.0,4.5,4.5,,0
Mushroom arancini bites,,Unknown,Chips & salty snacks,D,,292.0,40.0,0.87,4.0,7.2,4.0,,0
Block CHEDDAR,,Unknown,Milk & alternatives,E,4,378.0,1.0,1.95,28.0,0.0,3.0,,0
Organic Teriyaki Sauce,,Unknown,Sauces & condiments,E,,142.0,39.0,7.07,0.0,1.2,0.0,,0
FROZEN DESSERT,,Unknown,Ice cream & desserts,,,127.0,10.8,,7.5,0.6,,,0
Thin beef sausages,Coles,Supermarket own brand,Meat & seafood,E,,249.0,1.0,1.82,10.3,10.7,1.0,,0
Loving Earth Raw Organic Creamy Coconut Mylk Chocolate,Loving Earth,Name brand,Confectionery,D,3,192.0,7.1,0.03,11.0,1.8,,,0
raspberry flavoured jelly crystals,Woolworths,Supermarket own brand,Ice cream & desserts,,4,,,,,,,4,0
darrell lea nougat milk chocolate easter egg,Darrell Lea,Name brand,Confectionery,,4,,,,,,,5,0
Strawberry yoghurt,Rafferty's Garden,Name brand,Ice cream & desserts,B,,64.0,5.1,0.13,2.6,4.3,,,0
Woolies pepperoni pizzas,,Unknown,Ready meals,D,,289.0,1.7,1.2,4.8,11.7,,,0
Soy ginger dressing,,Unknown,Sauces & condiments,B,,29.0,1.0,0.55,1.0,1.0,,,0
Australian garden peas,Bird’s Eye,Name brand,"Fruit, veg & legumes",,,65.0,2.5,,0.1,6.7,4.8,,0
Vanikla creamed rice,Woolworths,Supermarket own brand,Ice cream & desserts,C,,112.0,9.8,0.24,1.9,3.3,,,0
Pork Steaks,Woolworths,Supermarket own brand,Meat & seafood,,,912.0,1.3,,5.1,22.6,,,0
Paul's caramel custard,,Unknown,Confectionery,B,,93.0,12.9,0.18,1.1,3.6,,,0
Rustica Sourdough Salami & Four Cheese Pizza,McCain,Name brand,Ready meals,D,,296.0,3.8,1.98,7.7,15.0,,,0
Ingham’s Free Range Chicken Breast Nuggets,Ingham's,Name brand,Meat & seafood,B,,188.0,4.5,0.62,1.1,13.0,,,0
Spaghetti,Coles,Supermarket own brand,"Pasta, rice & grains",B,,66.0,4.9,0.48,1.0,1.7,,,0
Double pepperoni pizza,Stone baked,Name brand,Ready meals,D,,253.0,4.2,2.02,2.8,11.5,2.1,,0
tzatziki homestyle,Chris,Name brand,Sauces & condiments,C,,107.0,5.7,0.94,2.1,5.3,0.6,,0
Milk chocolate,Lindor,Name brand,Confectionery,E,,619.0,43.2,0.23,35.2,4.8,0.0,,0
BBQ lovers,,Unknown,Sauces & condiments,,,,,,,,,,0
Vanilla Ice Cream,Coles,Supermarket own brand,Ice cream & desserts,C,,180.0,21.1,0.14,4.5,2.1,2.1,,0
Lindor mint collection,Lindor,Name brand,Confectionery,E,,620.0,41.2,0.19,34.6,5.4,,,0
Hoisin Sauce,,Unknown,Sauces & condiments,E,,230.0,41.0,7.65,0.0,4.1,,,0
Heart Healthy Nut Mix,,Unknown,"Fruit, veg & legumes",,,644.0,4.3,,4.0,17.3,7.7,,0
Burger relish - 260 grammes,Beerenberg family farm,Name brand,Spreads,C,4,,,,,,,1,0
Strawberry frozen Yogurt,Bulla,Name brand,Ice cream & desserts,C,,128.0,19.8,0.12,2.0,4.0,,,0
Easter Milk Chocolate Hunting Eggs,Darrell Lea,Name brand,Confectionery,E,4,518.0,60.5,0.45,16.0,4.4,,7,0
KitKat Ramadan Gift Box,KitKat,Name brand,Confectionery,E,,544.0,50.0,0.25,17.3,9.1,,,0
Free Range Lamb mince grass fed,,Unknown,Meat & seafood,D,,253.0,0.1,0.2,10.1,16.8,,,0
Noway collagen frozen desert,,Unknown,Ice cream & desserts,A,,137.0,4.6,0.55,4.6,14.0,9.8,,0
"Carrot, Cloudy Apple and Ginger Juice",Emma & Tom’s,Name brand,Soft drinks & juice,,,48.0,8.7,,0.0,0.5,0.0,,0
Black olives-sliced,Always Fresh,Name brand,Sauces & condiments,C,,146.0,0.0,1.77,2.5,1.0,,,0
Pepsi Max Soda Shop Creaming Soda Cola,Pepsi-Cola,Name brand,Soft drinks & juice,B,,,0.0,0.03,0.0,0.1,0.0,,0
Lemon Lime & Bitters Zero Sugar,Schweppes,Name brand,Soft drinks & juice,,,2.0,0.0,,0.0,0.0,0.0,,0
Goat cheese and black truffle dip,Chris’,Name brand,Sauces & condiments,,,57.0,0.7,,3.2,1.5,0.4,,0
Organic dried apricot,Murray River Organics,Name brand,"Fruit, veg & legumes",,,0.0,61.0,,0.0,24.0,,,0
Lemon Meringue Pies,Pampas,Name brand,Ice cream & desserts,D,,275.0,24.9,0.6,5.3,2.4,,,0
Creamy pasta salad,Woolworths,Supermarket own brand,Ready meals,C,,227.0,5.0,0.6,1.6,4.1,,,0
Chicken breat temders boosted with veggies,Steggles,Name brand,Meat & seafood,B,,190.0,2.7,0.9,1.4,10.7,,,0
Blondies,Noshu,Name brand,Biscuits & cakes,,,367.0,2.0,0.36,7.0,,20.7,,0
Creamy Chicken Carbonara,McCain,Name brand,Ready meals,B,,119.0,1.5,0.57,1.8,6.1,1.0,,0
Rich Tomato Paste,Coles,Supermarket own brand,"Fruit, veg & legumes",A,1,35.0,0.0,0.0,1.0,1.9,32.0,,0
Strawberry yoghurt,Paul’s,Name brand,Ice cream & desserts,,,90.0,11.1,,1.9,4.0,2.0,,0
Cheese and tomato pizza,Coles,Supermarket own brand,Ready meals,C,,259.0,2.4,1.12,4.0,10.0,,,0
Classic Crepes,Nanna's,Name brand,Ice cream & desserts,D,,874.0,3.6,0.68,0.8,3.2,,,0
Red velvet cheesecake,Woolworths,Supermarket own brand,Biscuits & cakes,,,420.0,,,,,,,0
Super Crunch Boneless Chicken Breast Pieces,Ingham's,Name brand,Meat & seafood,B,4,208.0,1.0,1.25,1.0,13.5,,11,0
Egg whites frozen,Farm Pride,Name brand,Ice cream & desserts,A,,43.0,0.3,0.42,0.1,9.9,0.0,,0
woolworths tangy  and crunchy coleslaw kit,Woolworths,Supermarket own brand,Ready meals,,4,,,,,,,6,0
Corn relish,Beerenberg,Name brand,Sauces & condiments,,,94.0,19.1,,5.8,5.8,,,0
birds eye corn cobs,Birds Eye,Name brand,"Pasta, rice & grains",,,,,,,,,,0
avocado with  sea salt,Yumi's,Name brand,Sauces & condiments,,,,,,,,,,0
Pana organic,,Unknown,Confectionery,E,,535.0,27.2,0.08,22.8,4.2,,,0
Mini choc sponge rolls,Woolworths,Supermarket own brand,Biscuits & cakes,D,,342.0,30.0,0.93,4.5,5.0,3.0,,0
Chicken breast kievs,Ingham's,Name brand,Meat & seafood,B,,1.0,0.7,1.27,2.9,14.6,,,0
Express Pasta Sauce,Dolmio,Name brand,Sauces & condiments,C,,331.0,4.0,1.21,2.0,2.5,,,0
Free Range Chicken Sliced,D'orsogna,Name brand,Meat & seafood,D,,128.0,1.2,2.12,1.2,18.4,,,0
Frozen Strawberries,Aussie Frozen Fruit,Name brand,"Fruit, veg & legumes",,,47.0,45.0,,0.1,0.0,,,0
ighams turkey breast traditional roast,Ingham's,Name brand,Meat & seafood,,4,,,,,,,3,0
Kalamata olives,Always Fresh,Name brand,Sauces & condiments,D,,161.0,0.5,2.4,2.0,1.5,,,0
Sundae Double Choc & Cookie,Wicked Sister,Name brand,Ice cream & desserts,D,,269.0,21.4,0.15,10.8,5.0,,,0
Yumi garlic dip,Yumi,Name brand,Sauces & condiments,,,398.0,,,,,,,0
Gourmet dairy free pesto,Rozas,Name brand,Sauces & condiments,D,,485.0,0.2,0.67,4.1,2.6,,,0
Lemon and paeroa,coca cola,Name brand,Soft drinks & juice,E,4,267.0,65.0,0.24,0.0,0.0,0.0,4,0
Altimate wafer cups,Altimate,Name brand,Ice cream & desserts,C,,397.0,2.8,0.69,2.8,8.3,,,0
Low calorie Lemon jelly,Aeroplane,Name brand,Ice cream & desserts,,,6.0,0.0,,0.0,1.2,,,0
Garlic Bread,Smith's,Name brand,Chips & salty snacks,D,,540.0,3.0,0.89,2.2,7.0,,,0
Heinz spaghetti,Heinz,Name brand,"Pasta, rice & grains",B,,61.0,3.5,0.74,0.0,1.9,,,0
Salt and pepper squid,I & J,Name brand,Meat & seafood,B,,42.0,0.3,0.48,0.2,2.9,,,0
10 Double Choc Muffin Bars,Woolworths,Supermarket own brand,Biscuits & cakes,,,492.0,30.0,,4.5,5.5,,,0
Honey Salted Macadamia Nut Bar,Sam's pantry,Name brand,Muesli & protein bars,C,4,538.0,11.8,0.52,5.6,16.5,5.9,1,0
Vanilla flavoured yoghurt,Pauls,Name brand,Ice cream & desserts,,,89.0,7.6,,1.9,3.9,,,0
Mixed vegetables,McCain,Name brand,"Fruit, veg & legumes",,,80.0,5.6,,0.2,3.1,4.0,,0
macaroni & cheese,,Unknown,Ready meals,B,,124.0,2.8,0.58,2.0,5.4,0.5,,0
Jaffas,Nestle,Name brand,Muesli & protein bars,E,,461.0,68.6,0.14,15.0,2.1,,,0
Baby Beetroot,Golden Circle,Name brand,"Fruit, veg & legumes",,3,,,,,,,1,0
Australian Sliced Beans,Woolworths,Supermarket own brand,"Fruit, veg & legumes",,,24.0,1.3,,1.3,1.3,3.1,,0
Sultana Bran+ with Cholesterol Lowering Plant Sterols,Kellogg's,Name brand,"Pasta, rice & grains",C,,468.0,31.0,0.76,1.6,18.8,14.4,,0
Real stock Chinese dumpling soup base,Campbells,Name brand,Ready meals,,,19.0,3.3,,0.1,0.5,,,0
Thin franks,Primo,Name brand,Meat & seafood,C,,108.0,1.0,1.65,2.5,8.1,,,0
Wrigleus extra white spearmint sugar free gum,Wrigley's,Name brand,Confectionery,C,,226.0,0.0,0.66,0.0,0.0,0.0,,0
Australian Broccoli & Cauliflower,Woolworths,Supermarket own brand,"Fruit, veg & legumes",,,27.0,1.7,,1.3,2.4,3.5,,0
Carbury Oreo Eggs,Cadbury,Name brand,Confectionery,E,4,574.0,50.4,0.27,21.1,5.6,,2,0
Apple & Pear porridge,Coles,Supermarket own brand,"Pasta, rice & grains",,,68.0,5.8,,0.4,11.7,2.1,,0
Vanilla Velvet Cake,Noshu,Name brand,Biscuits & cakes,A,,49.0,1.5,0.51,0.0,4.2,11.9,,0
Gluten Free Keto Granola with Cinnamon Spice,,Unknown,"Pasta, rice & grains",D,,631.0,10.2,0.16,15.0,17.8,20.2,,0
Twirl Breakaway Mint,Cadbury,Name brand,Muesli & protein bars,E,4,545.0,46.2,0.23,19.4,7.5,,3,0
Natural vanilla bean yogurt,Brownes,Name brand,Ice cream & desserts,B,,78.0,4.1,0.12,2.4,4.2,0.7,,0
Magnum,,Unknown,Ice cream & desserts,,,313.0,26.5,,12.2,,,,0
Leg ham,D'orsogna,Name brand,Meat & seafood,D,,108.0,2.0,2.13,1.2,18.4,,,0
Salt & Pepper Calamari,I & J,Name brand,Meat & seafood,B,,249.0,0.8,1.11,2.0,9.5,0.9,,0
Fresh Tasmania Salmon,Huon,Name brand,Meat & seafood,B,,,1.0,0.03,3.0,19.7,,,0
Slow cooked chunky beef,Temptation Bakeries,Name brand,Meat & seafood,,,191.0,1.7,1.03,3.8,,,,0
Hot English mustard,Coles,Supermarket own brand,Sauces & condiments,E,,29.0,20.0,3.65,20.0,20.0,20.0,,0
Mixed fruit,Sunbeam,Name brand,"Fruit, veg & legumes",,4,310.0,66.7,,1.0,2.0,5.3,4,0
Easter egg,Cadbury,Name brand,Confectionery,E,,543.0,54.8,0.2,18.9,1.0,,,0
Custard tart,Coles,Supermarket own brand,Ice cream & desserts,D,,,13.9,0.57,5.6,2.1,0.7,,0
Caramel Flavoured Better Cookies,,Unknown,Biscuits & cakes,C,,396.0,5.5,0.47,5.0,6.5,9.5,,0
Whole almond milk chocolate,Vitasoy,Name brand,Milk & alternatives,A,,46.0,5.4,0.3,0.2,1.0,58.0,,0
Oli &Vine Tangy Herb Mayonnaise,Oli & Vine,Name brand,Sauces & condiments,D,4,,,,,,,4,0
quinoa,,Unknown,"Pasta, rice & grains",A,1,,,,,,,,0
nca,Cadbury,Name brand,Ice cream & desserts,C,4,,,,,,,10,0
Salted corn chips,Feel Good Foods,Name brand,Chips & salty snacks,C,3,496.0,2.0,1.27,2.6,6.0,6.8,,0
YoPRO Strawberry Watermelon,Danone,Name brand,Yoghurt,A,,58.0,3.3,0.1,0.2,9.5,,,0
Toblerone Milk,Toblerone,Name brand,Confectionery,E,,531.0,59.8,0.12,17.3,5.4,,,0
Garlic & Herb Chicken,My Muscle Chef,Name brand,Meat & seafood,A,3,126.0,1.2,0.62,1.9,11.2,0.9,,0
Cookies and cream,Denada,Name brand,Ice cream & desserts,C,,139.0,1.3,0.13,6.3,5.6,1.6,,0
Billabong,Peters,Name brand,Ice cream & desserts,C,4,138.0,20.0,0.21,2.2,2.2,,7,0
Raspberry and dark chocolate,Weis,Name brand,Ice cream & desserts,,,184.0,27.1,,5.5,1.2,,,0
Cheese spread,Philadelphia,Name brand,Cheese,D,,257.0,2.9,0.82,17.1,5.3,,,0
Choc mint ice cream sandwiches,Woolworths,Supermarket own brand,Ice cream & desserts,D,,280.0,24.6,0.66,6.9,3.9,1.0,,0
Milk choc chip ice cream,Denada,Name brand,Ice cream & desserts,C,,214.0,1.3,0.14,10.6,5.6,3.5,,0
Ketoscoop vanilla caramel,,Unknown,Ice cream & desserts,C,,158.0,1.2,0.19,9.9,0.9,1.3,,0
Pink lady apple,,Unknown,Soft drinks & juice,,,39.0,9.5,,0.1,0.1,,,0
ROAR Protein Metlatballs,Primo,Name brand,Cheese,D,4,,1.7,1.26,10.5,16.5,,7,0
Jam Ball Donuts,,Unknown,Biscuits & cakes,D,,342.0,16.4,0.72,7.5,4.7,,,0
Caramel Donuts,,Unknown,Biscuits & cakes,E,,407.0,12.8,0.76,14.3,5.3,,,0
protein + calcium rich tuna - thai red curry,John West,Name brand,Meat & seafood,B,,113.0,2.9,0.94,0.1,4.9,,,0
Breakfast Marmalade,Coles,Supermarket own brand,Spreads,D,4,,63.6,0.08,0.1,0.2,,3,0
Light slices cheese,Coles,Supermarket own brand,Cheese,D,,236.0,1.0,1.13,10.7,24.6,,,0
FINEST MILD SALAMI,D'Orsogna,Name brand,Meat & seafood,E,,411.0,4.0,3.75,12.8,20.0,,,0
Gluten Free Rice Noodles Chicken,Fantastic,Name brand,"Pasta, rice & grains",,4,45.0,2.8,0.6,0.3,0.9,0.4,4,0
White Spelt Flour,Woolworths,Supermarket own brand,"Pasta, rice & grains",,,359.0,0.4,,0.0,11.6,4.0,,0
Murray st vanilla bean and chocolate almonds ice creams,Bulla,Name brand,Ice cream & desserts,E,4,369.0,25.6,0.14,13.7,5.5,,8,0
Oreo,Oreo,Name brand,Biscuits & cakes,E,,575.0,30.5,0.64,8.1,6.4,,,0
Frozen raspberries,Woolworths,Supermarket own brand,"Fruit, veg & legumes",,,48.0,5.6,,0.7,1.2,,,0
sirena italian salad with tuna,Sirena,Name brand,Meat & seafood,,,,,,,,,,0
Noodles Beef Flavour,Fantastic,Name brand,"Pasta, rice & grains",,,84.0,0.1,0.35,1.7,1.6,,,0
sandwich tuna flakes,Greenseas,Name brand,Meat & seafood,C,3,,0.0,1.43,2.1,19.5,,,0
Fruity loops,No Nasties,Name brand,Breakfast cereals,C,,387.0,16.7,0.54,1.0,8.3,,,0
Peanut butter,Bega,Name brand,Spreads,C,,583.0,1.2,0.3,2.3,5.6,,,0
40 fish fingers wild caught,Essentials,Supermarket own brand,Meat & seafood,B,,232.0,1.7,0.3,2.4,10.1,,,0
Bull's-eye smokey bacon BBQ sauce,Bull's-eye,Name brand,Sauces & condiments,C,4,,,,,,,2,0
vanilla flavoured custard,Woolworths,Supermarket own brand,Sauces & condiments,C,,85.0,10.5,0.04,1.8,1.9,,,0
Tomato Relish with Chipotle Cheese and Cranberry…,Woolworths,Supermarket own brand,Cheese,D,,284.0,10.2,1.61,7.8,12.4,,,0
Snack plates ham,Hans,Name brand,Cheese,,,295.0,6.3,,8.8,20.2,1.9,,0
Mild Hungarian snack plates,Hans,Name brand,Cheese,,,218.0,2.9,,7.2,10.7,1.0,,0
Lunch plates,Hans,Name brand,Cheese,,,1490.0,,,,15.7,15.7,,0
Caramel white choc,Oak,Name brand,Milk & alternatives,C,,85.0,10.0,0.15,2.2,3.3,,,0
Double Espresso,Dare,Name brand,Milk & alternatives,B,,84.0,9.0,0.1,2.2,3.4,,,0
Mocha,Dare,Name brand,Milk & alternatives,C,,88.0,10.2,0.11,2.2,3.3,,,0
Croutons,Calbee,Name brand,Sauces & condiments,D,,505.0,4.0,0.9,11.3,14.0,6.0,,0
Lemon Lime Sorbet,Gelativo,Name brand,Ice cream & desserts,,,124.0,25.5,,0.0,0.2,,,0
Ife cream,Weis,Name brand,Ice cream & desserts,,,142.0,22.9,,3.2,1.4,,,0
Oreo ice cream,Cadbury,Name brand,Ice cream & desserts,,,363.0,,,,5.9,,,0
Cookies and cream connoisseur,Connoisseur,Name brand,Ice cream & desserts,E,,366.0,27.0,0.37,14.2,4.7,,,0
Fudge bars,Bulla,Name brand,Ice cream & desserts,D,,219.0,21.6,0.12,7.2,3.1,,,0
Choc Mint Drumstick,Peters,Name brand,Ice cream & desserts,E,,290.0,30.1,0.23,10.0,2.9,,,0
kitkat ice cream,Nestle,Name brand,Ice cream & desserts,E,,364.0,29.3,0.25,16.6,4.6,,,0
Fro Pro singles,Fropro,Name brand,Ice cream & desserts,D,,217.0,4.3,0.25,10.7,8.3,,,0
Mozzarella Cheese,Woolworths,Supermarket own brand,Cheese,D,,324.0,0.8,0.94,17.6,23.6,,,0
Triple cream,Unicorn,Name brand,Cheese,,,336.0,,,30.0,15.6,,,0
Milk chocolate,Well Naturally,Name brand,Confectionery,E,,433.0,3.1,0.92,22.9,7.3,,,0
Grand milk chocolate ice cream,Hinterland,Name brand,Ice cream & desserts,D,,227.0,22.7,0.19,7.9,2.9,,,0
Butter chicken,Coco Earth,Name brand,Meat & seafood,C,,195.0,1.8,1.07,2.4,9.0,,,0
Watermelon flavoured Sweets,Sour Patch,Name brand,Confectionery,,4,368.0,61.6,,4.0,4.0,,1,0
Country Cookie: Raspberry,Kooka's Country,Name brand,Biscuits & cakes,,,,27.4,0.47,9.4,3.5,,,0
Apple and blackcurrant juice,Sunraysia,Name brand,Soft drinks & juice,,,98.0,22.8,,0.0,0.0,,,0
Uncle Tobys Oat Flakes,Uncle Tobys,Name brand,Breakfast cereals,C,,394.0,11.8,0.95,1.1,9.8,7.0,,0
Tucker’s crackers,Tuckers,Name brand,Chips & salty snacks,D,,449.0,4.0,1.8,8.0,11.0,5.0,,0
Sourdough crispbread,Ob Finest,Name brand,Chips & salty snacks,C,,361.0,4.0,1.62,3.0,12.0,6.0,,0
Cracker selection,Olinas,Name brand,Chips & salty snacks,C,,397.0,2.2,1.68,1.8,10.4,2.9,,0
Salted caramel icecream,Fropro,Name brand,Ice cream & desserts,B,,133.0,7.3,0.72,2.1,10.0,,,0
Shapes cheesy garlic pizza,Shapes,Name brand,Chips & salty snacks,C,,476.0,2.0,1.35,4.0,8.4,3.2,,0
Big M Blue Heaven,Big M,Name brand,Milk & alternatives,C,,297.0,8.8,0.11,2.5,3.2,,,0
Long grain white rice,Sunrice,Name brand,"Pasta, rice & grains",,,355.0,1.4,,1.4,8.0,,,0
Basmati rice,Riviana,Name brand,"Pasta, rice & grains",,,109.0,0.5,,0.3,2.6,,,0
Nutrish snack Mex it up,Continental,Name brand,"Pasta, rice & grains",C,,345.0,12.5,2.0,0.4,10.8,6.4,,0
Strawberries,Sunshine Strawberry Farm,Name brand,"Fruit, veg & legumes",A,1,,,,,,,,0
Strawberries,SGC Biondo,Name brand,"Fruit, veg & legumes",A,1,,,,,,,,0
white spelt flour,macro,Supermarket own brand,"Pasta, rice & grains",A,,,0.6,0.01,0.4,10.7,,,0
Mareeba Gold Pineapple,Pinata Farms,Name brand,"Fruit, veg & legumes",,,,,,,,,,0
Vanilla ice cream,Woolworths,Supermarket own brand,Ice cream & desserts,C,,168.0,21.5,0.11,3.0,1.9,,,0
Liquorice twists strawberry flavoured,Woolworths,Supermarket own brand,Confectionery,D,4,327.0,36.0,0.1,1.0,3.1,,3,0
Smoked Oysters in Springwater,Woolworths,Supermarket own brand,Meat & seafood,A,,129.0,0.1,0.65,1.9,19.7,6.0,,0
Creamy yoghurt strawberry,,Unknown,Yoghurt,B,,94.0,11.0,0.12,2.0,4.3,,,0
Natural Muesli,White Wings,Name brand,Breakfast cereals,,,382.0,4.0,,0.5,5.0,5.0,,0
Cottage cheese HP,Barambah,Name brand,Cheese,,,57.0,,,0.1,12.3,,,0
Australian Peanuts,Sanitarium,Name brand,Spreads,E,,615.0,7.9,5.2,8.1,24.3,,,0
Dry roasted almonds,Coles,Supermarket own brand,"Fruit, veg & legumes",A,1,623.0,5.0,0.04,4.3,23.3,10.3,,0
Toscano Wholemeal Pizza Base,Toscano,Name brand,Bread,B,4,,2.5,1.54,0.3,8.5,2.3,1,0
Just Natural Banana & Honey,Pauls,Name brand,Soft drinks & juice,B,3,,11.0,0.14,1.0,4.4,,,0
Edmond's Box Honey,Geelong Honey,Name brand,Spreads,D,,,68.0,0.02,0.0,0.5,,,0
Tasmanian Tamar Valley Dairy,Tasmanian Tamar Valley Dairy,Name brand,Yoghurt,A,4,,7.4,0.18,1.3,6.5,0.0,2,0
Fat Reduced Milk,B.d. Farm Paris Creek,Name brand,Milk & alternatives,,1,,,0.11,1.4,3.8,,,0
Fruit Nut And Brandy Flavoured Cream Cheese,South Cape,Name brand,Cheese,D,3,,13.1,0.66,17.1,8.7,,2,0
White Wine Vinegar,Colavita,Name brand,Sauces & condiments,,,,,,,,,1,0
Appelmoes Applesauce Traditional Dutch Recipe,The Dutch Company,Name brand,Ice cream & desserts,,4,,19.0,0.01,0.0,,2.0,2,0
Cinnamon quills,GFresh,Name brand,Sauces & condiments,,1,,,,,,,,0
Great Ocean Road Extra Tasty Cheddar,Great Ocean Road,Name brand,Cheese,D,3,,0.1,1.63,23.5,27.0,,,0
Double Coated Chocolate Bites - Liquorice with Dark Chocolat,Darrell Lea,Name brand,Confectionery,E,4,,42.2,0.16,7.5,3.9,,6,0
Chobani Greek Yogurt - Mandarin Low Fat,Chobani,Name brand,Yoghurt,A,4,,11.1,0.13,1.0,7.9,,2,0
Party Mix,Coles,Supermarket own brand,Confectionery,D,4,,41.0,0.67,0.1,0.1,0.1,7,0
Red Kidney Bean Salad,Edgell,Name brand,"Fruit, veg & legumes",A,3,,4.3,0.59,0.3,6.2,6.2,,0
Shapes sensations dijon mustard and honey with popy seeds,Arnott's,Name brand,Chips & salty snacks,,,,3.5,2.02,2.5,,,,0
Crushed Tomatoes,SPC,Name brand,"Fruit, veg & legumes",A,,,4.0,0.71,0.0,1.0,1.3,,0
MasterFoods Reduced Salt Tomato Sauce,MasterFoods,Name brand,Sauces & condiments,C,3,,18.5,1.34,0.1,1.8,,1,0
Always Fresh Mussels Preserved in Oil,Always Fresh,Name brand,Meat & seafood,,3,,,,,,,,0
Always Fresh Whole Champignons Mushrooms Hand Picked,Always Fresh,Name brand,"Fruit, veg & legumes",C,3,,,,,,,,0
Always Fresh Baby Corn Tender Spears,Always Fresh,Name brand,"Pasta, rice & grains",B,3,,0.5,0.36,0.1,1.6,,,0
Hommus Mini Dips,Coles,Supermarket own brand,Spreads,A,4,,0.4,0.94,1.6,6.8,5.5,2,0
Four bean mix,Coles,Supermarket own brand,"Fruit, veg & legumes",A,4,102.0,1.2,0.71,0.2,5.5,4.7,2,0
John West Smoked Oysters with Chilli,John West,Name brand,Meat & seafood,C,3,,1.0,0.94,2.0,18.1,,,0
Peanut & Cacao Spread All Natural Certified Organic,Mayver's,Name brand,Spreads,D,,,4.0,0.02,7.0,23.7,,,0
Thick maple bacon flavoured burger sauce,Master foods,Name brand,Sauces & condiments,B,,68.0,2.7,0.44,0.5,0.2,,,0
Four cheese pasta and sauce,Continental,Name brand,Ready meals,D,4,381.0,2.3,2.09,1.9,12.6,2.3,6,0
Candy Necklace,,Unknown,Confectionery,,,378.0,73.0,,0.5,0.5,,,0
Chicken kiev,Coles,Supermarket own brand,Meat & seafood,,,111.0,,,,7.5,,,0
20 water ice sticks,Coles,Supermarket own brand,Ice cream & desserts,,,72.0,14.9,,1.3,1.3,,,0
Vegetable Gyoza,Coles,Supermarket own brand,Ready meals,C,,150.0,4.3,0.74,2.5,3.5,0.4,,0
Coquillettes,,Unknown,"Pasta, rice & grains",,,358.0,3.0,,0.8,14.0,,,0
Favourites,Cadbury,Name brand,Confectionery,E,,,54.2,0.27,14.9,5.1,,,0
Vegemite,Vegemite,Name brand,Spreads,D,,173.0,2.4,3.3,1.0,25.9,,,0
"Lemon, lime & bitters",Bundaberg,Name brand,Soft drinks & juice,,,47.0,11.5,,0.5,0.5,,,0
,,Unknown,Chips & salty snacks,,4,,2.8,0.77,5.0,,,2,0
Creamy and smooth GOLD SWEET POTATO,Woolworths Select,Supermarket own brand,"Fruit, veg & legumes",,,,,,,,,,0
4 Jumbo Beef Burgers with Roasted Garlic & Pepper,Peppercorn,Name brand,Meat & seafood,,,202.0,0.7,,6.7,15.9,,,0
BIRDS EYE Steamfresh,SteamFresh,Name brand,"Fruit, veg & legumes",,,29.0,1.3,0.06,,2.2,1.3,,0
Allowrie Mixed Blossom Pure and Natural Honey,Allowrie,Name brand,Spreads,D,2,,82.5,0.04,0.0,0.3,,,0
McKenizie's Red Lentils,McKenizie's,Name brand,"Fruit, veg & legumes",A,1,,1.5,0.01,1.0,24.2,13.7,,0
Tranches de fromages cheddar,Bega,Name brand,Cheese,D,,410.0,1.0,0.65,23.8,24.8,,,0
Linguine,,Unknown,"Pasta, rice & grains",,,611.0,0.7,,0.5,6.0,,,0
Lemon cracked pepper calcium rich tuns,John west,Name brand,Meat & seafood,A,,149.0,1.2,0.87,1.0,19.3,,,0
Blueberries,Aussie Frozen Fruit,Name brand,"Fruit, veg & legumes",,,62.0,11.0,,0.1,1.0,,,0
Manuale honey,,Unknown,Spreads,,2,,,,,,,,0
Guacamole,Yumis,Name brand,Spreads,C,,205.0,2.0,1.15,2.5,1.0,,,0
Peanut butter,,Unknown,Spreads,,,621.0,4.0,,9.0,28.0,,,0
Orange juice,Golden circle,Name brand,Soft drinks & juice,,,20.0,3.7,,,0.3,0.1,,0
Butter chicken,,Unknown,Meat & seafood,D,,215.0,5.6,1.09,7.9,11.2,,,0
Icecream,Peters,Name brand,Ice cream & desserts,C,,161.0,22.2,0.24,2.2,3.3,,,0
"Home style dip - basil, Parmesan & cashew pesto",Chris',Name brand,Sauces & condiments,D,,536.0,3.8,0.98,5.6,8.2,3.1,,0
Milk,,Unknown,Milk & alternatives,B,,65.0,4.6,0.28,2.1,3.3,0.0,,0
Manuka Honey,Nature's Gold,Name brand,Spreads,,2,338.0,83.0,,0.0,0.0,,,0
apple and raspberry,Presha Fruit,Name brand,Soft drinks & juice,C,,,8.8,0.02,0.1,0.1,,,0
Apple & Mango juice,Sunraysia,Name brand,Soft drinks & juice,,4,48.0,10.7,,0.0,0.2,,,0
Splits,Bulla,Name brand,Ice cream & desserts,,,148.0,21.9,,3.8,1.4,0.0,,0
Cinnamon creamy honey,,Unknown,Spreads,,2,335.0,78.6,,0.0,0.4,,,0
Plantitude,Plantitude,Name brand,Ice cream & desserts,D,4,175.0,19.4,0.13,7.8,1.6,,9,0
Wicked Fizz berry,,Unknown,Confectionery,,,45.0,7.0,,0.3,0.0,,,0
Australian Honey,,Unknown,Spreads,,2,94.0,19.6,,0.0,1.0,0.0,,0
Honey,,Unknown,Spreads,,2,,0.0,,0.0,,,,0
Honey,Golden Glory,Name brand,Spreads,,2,60.0,,,,,,,0
Creamed honey,,Unknown,Spreads,,2,,0.0,,0.0,,,,0
Honey,,Unknown,Spreads,,2,342.0,0.0,,0.0,0.5,,,0
Smith's pure Australian organic raw honey,,Unknown,Spreads,,2,339.0,82.5,,0.0,0.3,,,0
Natural yoghurt,Procal,Name brand,Yoghurt,,,345.0,5.6,,3.1,4.5,,,0
Chobani Oat Milk - Chocolate,Chobani,Name brand,Milk & alternatives,B,,66.0,7.1,0.11,0.2,1.0,1.1,,0
Peach slices in juice,Woolworths,Supermarket own brand,Ice cream & desserts,A,1,,12.8,0.01,0.1,0.5,1.0,2,0
High Protein Cookie - Peanut Butter Choc,Bounce,Name brand,Biscuits & cakes,C,,369.0,19.8,0.81,2.1,29.2,8.8,,0
Chocolate Chip Cookie,All Natural Bakery,Name brand,Biscuits & cakes,E,,531.0,23.4,1.06,4.1,24.0,,,0
Minis frozen yoghurt  dessert,Twisted,Name brand,Ice cream & desserts,C,,116.0,14.4,0.1,1.6,3.1,,,0
Dairy milk caramello,Cadbury,Name brand,Ice cream & desserts,D,,274.0,27.8,0.16,10.0,2.6,,,0
Mango sorbet,Weis,Name brand,Ice cream & desserts,,4,114.0,25.8,,0.0,0.1,,3,0
Chicken breast kievs garlic butter,Ingham's,Name brand,Meat & seafood,C,,156.0,1.9,0.82,6.3,12.8,,,0
Mini fillets Salt & Pepper Crumb,Birds Eye,Name brand,Meat & seafood,B,,197.0,2.8,0.8,0.8,11.9,0.9,,0
Mini fish fillets,Birds Eye,Name brand,Meat & seafood,A,,217.0,3.9,0.66,0.9,11.9,0.9,,0
Salmon Cakes,Birds Eye,Name brand,Meat & seafood,A,,203.0,4.1,0.65,1.4,8.5,1.8,,0
oven bake Hoki Fillets herb & garlic,Birds Eye,Name brand,Meat & seafood,A,,210.0,3.8,0.68,0.9,12.1,1.3,,0
Frozen Blueberries,Woolworths,Supermarket own brand,"Fruit, veg & legumes",,,57.0,11.1,,0.7,0.7,,,0
Strawberry Coulis Cheesecake,Sara Lee,Name brand,Biscuits & cakes,D,,303.0,21.4,0.0,9.5,3.4,,,0
Cadbury party cake,Cadbury,Name brand,Ice cream & desserts,D,4,219.0,22.6,0.11,7.7,1.6,,12,0
Whole sicilian green olives,Sandhurst,Name brand,Sauces & condiments,D,,,0.0,4.85,2.2,1.1,,,0
Avocado Spread,Obela,Name brand,Spreads,D,,204.0,5.0,0.93,5.0,5.0,,,0
Blueberry & Yuzu Jam,Beerenberg,Name brand,Spreads,D,4,282.0,67.0,0.01,0.0,0.0,0.0,2,0
Chocolate Chip Cookies,Gullon,Name brand,Biscuits & cakes,C,4,472.0,0.0,0.57,5.9,5.9,4.1,5,0
Barbie character cookies,,Unknown,Biscuits & cakes,D,,459.0,23.2,0.6,4.0,8.0,,,0
Dark Choc Mudcake,Oreo,Name brand,Biscuits & cakes,E,,511.0,40.1,1.31,12.1,4.7,,,0
Orange slice,Arnott's,Name brand,Biscuits & cakes,E,,484.0,36.1,0.83,10.2,4.1,,,0
Shapes Fully Loaded Ultimate cheese,Arnott's,Name brand,Chips & salty snacks,D,,459.0,5.0,2.49,2.0,9.0,4.0,,0
Brown Rice Crackers Original,Woolworths,Supermarket own brand,Chips & salty snacks,A,4,,,,,,,2,0
Tuna and Crackers Tomato Spinach,Woolworths,Supermarket own brand,Meat & seafood,,,212.0,4.3,,2.9,11.4,1.1,,0
Wild Alaskan Pink Salmon,Woolworths,Supermarket own brand,Meat & seafood,B,,139.0,0.1,0.95,1.6,20.7,,,0
Plant Based Coconut Yoghurt,Nakula,Name brand,Yoghurt,C,,127.0,3.3,0.02,9.9,0.9,,,0
Fresh white pita pockets,Meb,Name brand,Bread,A,,278.0,1.7,0.65,0.3,10.4,1.0,,0
Space Kids,Sour Patch Kids,Name brand,Confectionery,,,344.0,50.4,,4.0,4.0,,,0
Sultanas,Woolworths,Supermarket own brand,"Fruit, veg & legumes",D,,329.0,72.8,0.9,0.2,2.8,,,0
Fruit drink orange & mango,Woolworths,Supermarket own brand,Soft drinks & juice,,,41.0,9.5,,0.0,0.0,,,0
,Farmer Jo,Name brand,Breakfast cereals,D,3,,10.7,0.11,13.7,18.7,11.1,,0
2 min noodles chicken,Fantastic,Name brand,"Pasta, rice & grains",,,385.0,1.0,3.8,7.5,7.5,,,0
Bens Original Express Rice Korean BBQ,,Unknown,Ready meals,A,3,,,,,,,,0
Mexican style Rice,Woolworths,Supermarket own brand,"Pasta, rice & grains",B,,186.0,1.4,0.64,0.8,4.1,1.7,,0
Pop corners,,Unknown,Chips & salty snacks,C,3,455.0,10.5,0.97,1.5,6.0,2.5,,0
Cheese Pickled Onion,Mersey Valley,Name brand,Cheese,,,361.0,2.4,,18.7,22.1,0.0,,0
The Lady Shake Go Espresso,The Lady Shake,Name brand,Ready meals,,,,,,,,,,0
Mayonnaise,Essentials,Supermarket own brand,Sauces & condiments,,4,107.0,17.7,0.67,,,,5,0
Choccy Mints,Woolworths,Supermarket own brand,Biscuits & cakes,E,,533.0,47.9,0.32,21.2,4.8,,,0
Obsession Milk Chocolate,Arnott's,Name brand,Biscuits & cakes,E,,516.0,49.0,0.3,16.0,5.5,4.0,,0
Honey Crunchy Clusters,Carman’s,Name brand,Breakfast cereals,,,160.0,11.6,,1.1,7.6,5.3,,0
Yellow kiwi fruit,Zespri,Name brand,"Fruit, veg & legumes",,,54.0,11.0,,0.7,0.9,1.1,,0
Guacamole Classic,Obela,Name brand,Spreads,B,4,176.0,1.0,0.5,3.0,1.8,,3,0
McCain Delish Potato Gratin,McCain,Name brand,Ready meals,D,4,174.0,1.7,0.9,9.8,3.3,,9,0
Créme Wafer Minis,Woolworths,Supermarket own brand,Biscuits & cakes,,,503.0,,,,4.8,,,0
Gluten free chicken and leek pies,Gluten free bake house,Name brand,Ready meals,,,,1.9,,9.5,6.8,1.8,,0
Truffle salami,Thomas dux,Name brand,Meat & seafood,,,338.0,2.5,,10.8,19.2,,,0
Australian shredded parmesan,Woolworths,Supermarket own brand,Cheese,E,4,370.0,0.4,2.53,18.8,32.0,,3,0
Apple cinnamon greek yogut,Chobani,Name brand,Yoghurt,B,4,90.0,9.4,0.25,1.0,7.6,,4,0
,,Unknown,Yoghurt,C,4,4.0,13.9,0.04,4.7,4.1,,1,0
Lactose Free Farmers Tasty Cheese,Bega,Name brand,Cheese,D,4,411.0,4.0,1.8,21.2,24.4,4.0,2,0
Chick Peas,Capriccio,Name brand,"Fruit, veg & legumes",,3,,,,,,,,0
Gold Max Soft White Sandwhich,Gold Max,Name brand,Bread,,,,24.0,,3.0,5.7,3.1,,0
Greek strained yoghurt,Ruby and Roy,Name brand,Yoghurt,C,3,,16.5,0.05,3.5,0.0,0.0,,0
Cacao 72%,Loving earth,Name brand,Confectionery,D,4,553.0,26.6,0.02,1.8,9.2,,1,0
Outback Honey,,Unknown,Spreads,,2,335.0,82.1,,0.0,0.4,,,0
Paleo gluten free granola cinnamon,,Unknown,Breakfast cereals,E,,586.0,11.3,0.13,13.9,21.0,,,0
Prebiotic soy milk,Vitasoy,Name brand,Milk & alternatives,A,4,59.0,0.7,0.07,0.4,3.0,2.4,,0
Australian plum nectar,Queen Garnet,Name brand,Soft drinks & juice,E,,51.0,9.0,0.01,1.0,1.0,1.6,,0
Pitted Medjool Dates,Coles,Supermarket own brand,"Fruit, veg & legumes",B,,300.0,66.5,0.01,0.0,1.8,6.8,,0
Licks,,Unknown,Ice cream & desserts,D,,164.0,1.2,0.18,9.7,5.4,,,0
Classic Lightly-Toasted Muesli 700g,Revive Cafe,Name brand,Breakfast cereals,C,3,433.0,15.0,0.04,6.7,12.4,8.0,,0
original oyster sauce,,Unknown,Sauces & condiments,C,,78.0,0.0,10.0,0.1,2.3,,,0
Cold Brew Decaf Cafe Latte,Elato,Name brand,Ice cream & desserts,,,144.0,11.7,,5.6,3.4,2.0,,0
Vegan BBQ Bao,Wonderbao,Name brand,Ready meals,,,,,,,8.1,,,0
Peckish cheeseburger,,Unknown,Chips & salty snacks,,,177.0,2.0,,2.2,7.4,1.0,,0
Beurre de cacahuète- Be Nuts,Andros,Name brand,Spreads,,,614.0,15.0,,9.0,21.0,4.4,,0
Drumstick 6 x minis boysenberry swirl,Peters,Name brand,Ice cream & desserts,E,,298.0,30.4,0.35,10.0,2.8,,,0
100% Pure Honey,,Unknown,Spreads,,2,338.0,82.7,,0.0,0.3,0.0,,0
B Honey,,Unknown,Spreads,,2,,,,,,,,0
Unprocessed Natural Honey,,Unknown,Spreads,,2,,0.0,,0.0,,,,0
Coles,Coles,Supermarket own brand,Biscuits & cakes,C,,297.0,17.9,0.7,3.4,6.6,2.5,,0
Eucalyptus honey,,Unknown,Spreads,,2,418.0,50.0,,0.0,0.5,0.0,,0
Organic Australian Sultanas,Mo,Name brand,"Fruit, veg & legumes",,,331.0,67.4,,2.9,2.9,3.7,,0
Premium Oven Crisp Muesli Fruit & Nut,Vogel's,Name brand,Breakfast cereals,C,4,,21.4,0.05,3.3,11.5,8.9,3,0
Mexican Inspired Cheese,Woolworths,Supermarket own brand,Cheese,D,,404.0,0.4,1.67,20.4,23.6,,,0
Mexican style black bean soup,Coles PerForm,Supermarket own brand,Ready meals,,3,180.0,,,,12.1,14.3,,0
Prep Set Go Sweet Potato Chunks,Woolworths,Supermarket own brand,"Fruit, veg & legumes",,,71.0,,0.03,0.1,1.9,2.7,,0
Vegetable &beef,Continental,Name brand,"Pasta, rice & grains",,4,,,,,,,2,0
O/E Enchiladas cooking sauce 375g,Old El Paso,Name brand,Sauces & condiments,,,38.0,6.2,1.69,,1.0,1.2,,0
Tuna with olive oil,Coles,Supermarket own brand,Meat & seafood,,3,167.0,,0.31,1.0,26.1,,,0
Unsalted butter,,Unknown,Spreads,E,2,756.0,1.0,0.02,59.7,1.0,0.0,,0
Organic unsalted butter,,Unknown,Spreads,D,2,739.0,0.6,0.03,50.0,0.6,0.0,,0
Western Star Salt Reduced Butter,Western Star,Name brand,Spreads,E,2,,1.0,0.89,53.8,1.0,,,0
Tempeh,Coles,Supermarket own brand,"Fruit, veg & legumes",,3,117.0,1.0,,1.0,12.6,7.2,,0
Roasted Seitan,Veef,Name brand,"Pasta, rice & grains",,,395.0,3.0,,0.7,30.0,5.0,,0
Plus+,Paul’s,Name brand,Yoghurt,,4,61.0,3.4,,,10.1,,4,0
Mainland ARTISAN CRACKERS CRANBERRY & SUNFLOWER SEED,Mainland,Name brand,Cheese,D,,413.0,6.8,1.31,16.3,20.0,,,0
Nes Rolo,Nestle,Name brand,Confectionery,,,509.0,,,,6.2,,,0
Wild caught tuna in oil,Safcol,Name brand,Meat & seafood,,,200.0,,0.88,5.7,20.7,,,0
Low Sugar Granola Raspberry & Coconut,Carman's,Name brand,Breakfast cereals,,4,,,,,,,,0
Extra sharp Parmesan,Perfect italiano,Name brand,Cheese,,3,368.0,,0.17,19.5,32.1,,,0
Vanilla cupcake mix gluten free,Betty Crocker,Name brand,Biscuits & cakes,,4,252.0,2.4,0.0,1.4,4.7,13.7,3,0
Honey,,Unknown,Spreads,,2,352.0,70.0,,0.0,0.2,,,0
Manuka Honey,,Unknown,Spreads,,2,320.0,79.5,,0.0,0.5,,,0
Honey AUSTRALIA,,Unknown,Spreads,,2,338.0,72.6,,0.0,0.3,,,0
Tasty Sliced Cheddar,Norco,Name brand,Cheese,,,406.0,,,,24.1,,,0
Sugar free marshmallows,,Unknown,Confectionery,,,60.0,0.0,,5.0,5.0,,,0
Long Grain White Rice,Sun Rice,Name brand,"Pasta, rice & grains",,,138.0,,,,2.6,1.6,,0
Silken Tofu,Woolworths,Supermarket own brand,"Fruit, veg & legumes",,,49.0,,,,4.7,,,0
Peckish sweet chilli rice crackers,Peckish,Name brand,Chips & salty snacks,,,423.0,2.6,,1.6,7.2,,,0
Indian Basmati Rice,Coles,Supermarket own brand,"Pasta, rice & grains",,,363.0,0.0,,1.0,8.4,1.0,,0
Lamb & Rosemary Chips,Natural Chip Co.,Name brand,Chips & salty snacks,,4,,,,,,,1,0
Peach,Chobani,Name brand,Yoghurt,,,71.0,8.5,,0.1,7.9,,,0
Salt & Pepper Fish tenders,I & J,Name brand,Meat & seafood,,,,,,2.0,11.0,,,0
Sundried tomato pesto,Coles,Supermarket own brand,Sauces & condiments,D,,388.0,4.9,1.1,5.1,4.0,3.1,,0
Sourdough wholemeal,Eliza’s,Name brand,Bread,,,,2.6,,0.6,9.9,6.3,,0
Boost Vanilla frozen yoghurt,,Unknown,Yoghurt,C,,106.0,15.9,0.14,1.4,3.0,,,0
Boost frozen strawberry yoghurt,,Unknown,Yoghurt,C,,106.0,15.9,0.14,1.4,3.0,,,0
High Fibre Bran,Coles,Supermarket own brand,Breakfast cereals,A,3,183.0,12.3,0.7,3.0,10.1,39.3,1,0
Crackers No gluten Cranberry & pumpkin seed,Olina's,Name brand,Chips & salty snacks,D,,425.0,23.4,0.64,2.5,9.8,,,0
Iodised rock salt,Saxa,Name brand,Sauces & condiments,,2,0.0,0.0,27.46,0.0,0.0,0.0,,0
The low carb keto friendly wrap,,Unknown,Bread,B,,225.0,0.5,1.23,3.5,21.0,23.2,,0
Gluten and Dairy Free Self Raising Flour,YesYouCan,Name brand,"Pasta, rice & grains",,,350.0,0.2,,0.2,2.2,3.3,,0
Butter chicken,,Unknown,Meat & seafood,C,4,141.0,13.0,0.33,5.2,3.3,,2,0
Yop2Go Strawberry yoghurt drink,Yoplait,Name brand,Yoghurt,,,52.0,3.0,,1.0,3.4,2.5,,0
Homestyle Coleslaw,,Unknown,Chips & salty snacks,C,,203.0,5.4,0.57,1.6,1.3,,,0
Hollandaise,,Unknown,Sauces & condiments,D,,494.0,1.2,0.88,2.6,1.5,,,0
Sauerkraut,Herbs of Life,Name brand,Ready meals,A,3,,1.0,0.75,0.5,1.5,,,0
Macadamia Halves,Sunbeam,Name brand,"Fruit, veg & legumes",,,758.0,4.7,,13.3,7.7,,,0
Australian Quick Oats,Coles,Supermarket own brand,Breakfast cereals,,,380.0,1.0,,1.4,14.0,11.0,,0
Organic rolled oats wheat free,,Unknown,Breakfast cereals,,,394.0,0.8,,1.5,12.5,10.5,,0
Semi-dried tomato strips,,Unknown,"Fruit, veg & legumes",B,,284.0,10.5,1.18,1.6,5.9,1.2,,0
Barbecue Chips,Smith's,Name brand,Chips & salty snacks,D,,536.0,3.3,1.23,2.2,6.7,,,0
Potatoe chips,Smith's,Name brand,Chips & salty snacks,D,,538.0,2.0,1.36,2.3,6.7,,,0
Simply nuts peznut butter crunchy dark roast,Bega,Name brand,Spreads,D,,605.0,5.3,0.39,6.1,27.5,,,0
Protein peanut spread,Bega,Name brand,Spreads,D,,571.0,9.8,1.05,8.9,30.8,9.8,,0
Diced tomatoes,,Unknown,"Fruit, veg & legumes",,,24.0,3.9,,0.0,1.0,1.1,,0
Whole Peeled Italian Tomatoes,,Unknown,"Fruit, veg & legumes",,,25.0,3.4,,0.2,1.2,1.3,,0
Mini Roma Tomatoes,Woolworths,Supermarket own brand,"Fruit, veg & legumes",A,,0.0,0.0,0.0,0.0,6.7,,,0
Manuka honey,Coles,Supermarket own brand,Spreads,E,2,350.0,71.8,0.12,10.0,10.0,0.0,,0
Australian Red Gum Honey,Coles,Supermarket own brand,Spreads,,2,336.0,82.0,,0.0,4.0,0.0,,0
Macadamia Honey,Coles,Supermarket own brand,Spreads,,2,335.0,82.1,,0.0,1.0,0.0,,0
Honey,Swan Valley Honey,Name brand,Spreads,,2,50.0,12.3,,,,,,0
White quinoa,Coles,Supermarket own brand,"Pasta, rice & grains",,1,358.0,4.0,,2.0,13.4,7.6,,0
Australian Quinoa Golden White,,Unknown,"Pasta, rice & grains",,,356.0,3.0,,0.4,12.8,,,0
White quinoa,,Unknown,"Pasta, rice & grains",,,382.0,3.5,,1.0,14.5,11.0,,0
KR castlemaine kabana,,Unknown,Meat & seafood,D,,203.0,2.0,2.5,5.0,16.2,,,0
Plantitude Salami Style Slices,,Unknown,Meat & seafood,D,,273.0,5.1,2.0,2.2,30.9,3.3,,0
Natural danish salami,,Unknown,Meat & seafood,E,,352.0,4.0,3.0,10.0,18.0,,,0
Kecap Manis,,Unknown,Sauces & condiments,E,,297.0,71.6,4.17,0.0,3.4,,,0
Tennessee original bbq sauce,,Unknown,Sauces & condiments,E,,126.0,25.0,3.67,5.0,5.0,,,0
Crumbed Tasmanian Salmon,Woolworths,Supermarket own brand,Meat & seafood,B,,265.0,3.1,0.33,2.1,14.2,1.1,,0
Hot Smoked Salmon,7-Eleven,Name brand,Meat & seafood,,,133.0,2.2,,1.0,7.6,1.7,,0
Smoked salmon,Coles,Supermarket own brand,Meat & seafood,D,,192.0,1.0,3.73,1.7,19.0,,,0
Wood roasted salmon,Huon,Name brand,Meat & seafood,B,,,1.0,0.73,2.0,29.0,,,0
chia seeds,,Unknown,"Pasta, rice & grains",,,104.0,0.1,,2.4,17.9,0.2,,0
Prawns W/lemon and garlic butter,,Unknown,Meat & seafood,C,,131.0,1.1,1.08,5.3,12.7,0.0,,0
Malaysian coconut chicken,Dineamic,Name brand,Ready meals,A,,85.0,1.2,0.46,1.1,7.1,2.8,,0
Meringue Nests,Woolworths,Supermarket own brand,Biscuits & cakes,E,,400.0,93.0,0.2,10.0,0.0,,,0
Blueberry clouds,,Unknown,Confectionery,D,,363.0,56.7,0.1,1.0,3.3,,,0
Strawberry clouds,,Unknown,Confectionery,,,361.0,61.0,,0.0,7.1,,,0
Whole egg mayonnaise,,Unknown,Sauces & condiments,E,,681.0,4.6,1.23,5.1,1.1,,,0
Allens mad about teeth,Allens,Name brand,Confectionery,D,,,46.6,0.25,0.0,3.7,,,0
Wild snakes,,Unknown,Confectionery,,,339.0,44.8,,4.0,3.6,,,0
Australian Manuka Honey,Honeycure,Name brand,Spreads,,2,320.0,78.1,,0.0,0.4,,,0
Organic raw austrlian honey,Robinsons,Name brand,Spreads,,2,,0.0,,0.0,,,,0
Honey,Capilano,Name brand,Spreads,,2,317.0,77.5,,0.0,0.3,,,0
Soy sauce,Spiral Organic,Name brand,Sauces & condiments,C,,13.0,1.0,16.0,1.0,8.1,,,0
Tomatoes in juice,Chef's Choice,Name brand,"Fruit, veg & legumes",,,20.0,3.0,,0.0,1.1,,,0
Cream of pumpkin soup,Market Place,Name brand,Ready meals,B,,57.0,5.5,0.03,0.7,1.6,,,0
Barbecue sauce,Masterfoods,Name brand,Sauces & condiments,B,,34.0,6.9,0.42,0.1,0.1,,,0
Iogurt,Jalna,Name brand,Yoghurt,A,,67.0,5.5,0.22,0.1,9.0,,,0
Honey Roasted Cashews,The Happy Nut Co.,Name brand,"Fruit, veg & legumes",D,3,,43.4,0.01,4.6,9.9,,,0
Carmans Porridge Almond Coconut & Chia,Carman’s,Name brand,Breakfast cereals,,,388.0,6.5,,2.5,12.0,,,0
Mango nectar,Coles,Supermarket own brand,Soft drinks & juice,,,47.0,10.2,,0.4,0.4,0.4,,0
Tempeh organic,NutriSoy,Name brand,"Fruit, veg & legumes",A,1,,0.1,0.01,0.9,12.4,7.6,,0
Tuna - Thai Curry,Woolworths,Supermarket own brand,Meat & seafood,D,,96.0,2.0,779.0,2.6,13.2,,,0
Blueberry muffin,Woolworths,Supermarket own brand,Biscuits & cakes,D,,353.0,23.6,1.05,1.8,4.6,,,0
Margherita,Woolworths,Supermarket own brand,Ready meals,D,4,242.0,3.5,1.57,3.5,10.7,,3,0
ARCHIBALDS Pure Honey,Woolworths,Supermarket own brand,Spreads,,2,335.0,82.0,,0.0,0.2,,,0
Belgian dark chocolate,Coles,Supermarket own brand,Confectionery,E,4,553.0,42.9,0.33,18.4,5.1,,1,0
Tasmanian Mild Smoked Salmon,Coles,Supermarket own brand,Meat & seafood,,,,,2.62,2.4,24.4,,,0
Almond and vanilla flavoured clusters,Coles,Supermarket own brand,Breakfast cereals,D,,425.0,13.5,0.87,1.8,15.0,,,0
Organic Traditional Rolled Oats,Coles,Supermarket own brand,Breakfast cereals,A,,380.0,1.1,0.01,1.0,14.5,,,0
Australian barbecue sauce,Coles,Supermarket own brand,Sauces & condiments,A,,29.0,21.0,0.72,0.0,5.0,5.0,,0
Greek Style Yoghurt 6 Pack,Coles,Supermarket own brand,Yoghurt,A,,69.0,6.6,0.13,1.1,5.1,1.6,,0
Vegetable lasange,Coles,Supermarket own brand,Ready meals,B,,133.0,3.6,0.4,3.7,5.3,1.8,,0
cloudy apple,Coles,Supermarket own brand,Soft drinks & juice,C,,53.0,10.8,0.01,1.0,1.0,1.0,,0
Orange juice,Coles,Supermarket own brand,Soft drinks & juice,B,,41.0,6.8,0.01,1.0,1.0,,,0
Tuna,Coles,Supermarket own brand,Meat & seafood,A,3,103.0,0.0,0.0,0.4,41.8,0.0,,0
organic barbeque sauce,,Unknown,Sauces & condiments,D,,163.0,1.0,2.19,1.0,1.3,,,0
6 Large Coconut Macaroons,Cakemark,Name brand,Biscuits & cakes,E,,444.0,49.0,0.06,20.0,3.4,9.6,,0
Coles Chocolate fudge topping,Coles,Supermarket own brand,Sauces & condiments,E,4,322.0,43.6,0.53,7.7,2.1,1.3,6,0
Thai Basil Lime & Coconut,Marion‘s Original,Name brand,Sauces & condiments,E,,120.0,1.3,2.6,9.3,1.3,,,0
Quiche Lorraine,,Unknown,Ready meals,E,,420.0,2.3,2.03,13.3,14.6,,,0
Organic Tomato Ketchup,,Unknown,Sauces & condiments,D,,110.0,23.2,3.05,1.0,1.2,,,0
Broad bean lightly roasted,healthysnack,Name brand,"Fruit, veg & legumes",D,3,472.0,0.0,1.05,7.0,23.7,,,0
Pork Sausages,Woolworths,Supermarket own brand,Meat & seafood,D,,179.0,0.7,1.68,4.6,13.6,,,0
Chunky hummus,Tahini Neri,Name brand,Spreads,D,,,4.9,0.94,2.2,12.8,,,0
Paleo raw muesli gluten free,,Unknown,Breakfast cereals,,,571.0,11.2,,18.0,19.2,12.6,,0
Hazelnnut choc ripple,Pana,Name brand,Ice cream & desserts,,,157.0,12.9,,6.9,1.1,,,0
Primo mild salami,Primo,Name brand,Meat & seafood,E,,332.0,2.5,2.6,11.2,19.5,,,0
Sugar free licorice bears,,Unknown,Confectionery,,,5.0,0.1,,0.0,0.1,0.0,,0
Caramel & Pretzel Cookies,Coles,Supermarket own brand,Biscuits & cakes,,,,,,,,,,0
Club Cheddar Trilogy,,Unknown,Cheese,D,,409.0,4.0,1.75,22.8,25.6,,,0
Cajun chicken with dirty rice,My Muscle Chef,Name brand,Meat & seafood,A,3,161.0,1.0,0.18,1.5,16.1,1.6,,0
Caesar salad,,Unknown,Ready meals,C,,137.0,4.1,1.44,2.4,4.6,,,0
Hollandaise sauce,,Unknown,Sauces & condiments,D,,492.0,1.8,1.02,3.7,1.6,,,0
Attitude Salad Dressing,,Unknown,Sauces & condiments,D,,533.0,0.0,0.29,4.8,1.8,,,0
nothing but good greens,,Unknown,Soft drinks & juice,,,93.0,14.8,,1.0,1.0,1.0,,0
Lactose Free Milk,,Unknown,Milk & alternatives,B,,115.0,5.0,0.1,0.7,3.4,0.0,,0
Vegetable ratatouille,Masterfoods,Name brand,Ready meals,C,,37.0,4.8,1.47,0.1,1.4,,,0
Twins,Gullon,Name brand,Biscuits & cakes,D,4,429.0,2.4,1.0,4.8,5.2,,3,0
Brioche Burger Buns,Boundary Road,Name brand,Bread,C,,269.0,8.2,0.79,1.8,7.5,0.0,,0
Butter chicken,,Unknown,Meat & seafood,B,,127.0,4.9,0.62,3.6,6.9,1.0,,0
dark soy sauce,,Unknown,Sauces & condiments,C,,3.0,0.4,10.0,0.0,0.4,,,0
Tamari soy sauce,,Unknown,Sauces & condiments,C,,44.0,1.1,11.1,1.0,5.9,1.0,,0
Spanish Mussels,John west,Name brand,Meat & seafood,D,,235.0,1.0,2.27,2.5,16.1,1.4,,0
Hollandaise Sauce,Knorr,Name brand,Sauces & condiments,D,,456.0,1.6,0.8,16.8,1.6,,,0
Tartare sauce,,Unknown,Sauces & condiments,D,,400.0,5.0,1.57,5.0,5.0,,,0
Snakes,,Unknown,Confectionery,,,343.0,46.4,,4.0,4.0,,,0
Lactose free full cream milk,,Unknown,Milk & alternatives,,3,67.0,3.4,,0.6,3.0,,,0
Meloni Milk Pops,Icetoto,Name brand,Ice cream & desserts,C,,,23.5,0.04,2.7,0.6,,,0
Burger Sauce,,Unknown,Sauces & condiments,D,,385.0,10.0,1.69,2.8,4.0,,,0
Strawberry yogurt,Dairy Farmers,Name brand,Yoghurt,,4,119.0,11.4,,5.6,3.8,,3,0
strawberry cheesecake,,Unknown,Biscuits & cakes,E,,447.0,30.7,0.47,13.1,4.4,,,0
Mild hungarian salami sliced,,Unknown,Meat & seafood,D,,366.0,2.0,0.0,21.2,17.8,,,0
Ginger Beer,Buderim,Name brand,Soft drinks & juice,,,42.0,10.1,,0.3,0.3,,,0
Nougat,,Unknown,Confectionery,D,,415.0,35.0,0.53,1.2,8.8,3.8,,0
Chilli con carne,,Unknown,Meat & seafood,C,4,49.0,5.2,2.77,1.0,1.1,,2,0
Candy Watch,,Unknown,Confectionery,,4,379.0,72.9,,0.0,0.0,,5,0
dijon mustard,community co,Supermarket own brand,Sauces & condiments,,3,,,,,,,1,0
Rolled Oats,,Unknown,Breakfast cereals,,4,393.0,2.9,,2.5,12.8,,,0
Apple & blackcurrent cordial,Cottee's,Name brand,Soft drinks & juice,C,4,21.0,5.0,0.03,0.0,0.0,1.0,5,0
Apricot Jam,,Unknown,Spreads,,,261.0,62.7,,0.7,0.7,,,0
Granola,Brookfarm,Name brand,Breakfast cereals,D,,518.0,11.2,0.03,11.5,16.2,11.1,,0
Frosties,Kellogg's,Name brand,Breakfast cereals,D,,390.0,41.3,0.82,0.7,5.3,,,0
Dark Chocolate Ice Cream,Weis,Name brand,Ice cream & desserts,,4,196.0,,,,1.3,,4,0
Nothing but summer goodness,Nudie,Name brand,Soft drinks & juice,E,,52.0,7.8,5.0,1.0,0.0,,,0
Peanut Oil,Picky Picky,Name brand,"Fruit, veg & legumes",D,,,1.0,0.01,12.0,1.0,,,0
Danish mild salami,Primo,Name brand,Meat & seafood,E,,363.0,1.0,1.46,12.2,22.0,,,0
Guacamole mexican spice mix,,Unknown,Sauces & condiments,,,230.0,7.2,47.5,1.0,3.3,10.6,,0
Nutri Soy Firm Tofu,Nutri Soy,Name brand,"Fruit, veg & legumes",,,136.0,0.5,,1.1,15.2,2.4,,0
Tim tam,Arnotts,Name brand,Biscuits & cakes,E,4,490.0,44.8,0.16,13.5,4.5,,2,0
Falafel,My Muscle Chef,Name brand,Ready meals,,,127.0,3.8,,0.7,5.2,5.6,,0
Chocolat granola,Freedom Foods,Name brand,Breakfast cereals,A,4,388.0,14.5,0.12,1.5,9.4,14.2,,0
Rice Puffs,,Unknown,Breakfast cereals,,4,,,,,,,1,0
Peanut M&Ms ice cream cones,MARS WRIGLEY,Name brand,Ice cream & desserts,,,,,,,,,,0
Nudie Dairy Free Coconut Yoghurt Blueberry,,Unknown,Yoghurt,C,,125.0,2.0,0.0,10.0,1.3,,,0
Original YoGo Chocolate,,Unknown,Yoghurt,B,,151.0,17.8,0.06,1.6,6.1,,,0
Cottage cheese,,Unknown,Cheese,A,,91.0,3.7,0.39,1.6,12.5,,,0
Chicken Smoked Breast Fillets,Pioneer Poultry,Name brand,Meat & seafood,,,143.0,0.0,,2.6,16.5,0.0,,0
Dairy milk,Cadbury,Name brand,Milk & alternatives,,,535.0,58.0,,18.0,8.0,,,0
Cold pressed orange juice with pulp,,Unknown,Soft drinks & juice,C,,42.0,9.1,0.0,0.1,0.5,,,0
Mixed Berry Greek Yoghurt with oats,Chobani,Name brand,Yoghurt,D,,86.0,9.4,22.9,0.1,7.3,,,0
Arnotts TimTam Fingers,Arnotts,Name brand,Biscuits & cakes,,4,,,,,,,4,0
Chocolate Mousse,Pauls,Name brand,Ice cream & desserts,,,113.0,15.3,0.17,,5.3,,,0
Blanched & roasted hazelnuts,,Unknown,"Fruit, veg & legumes",,,664.0,4.9,,4.5,15.0,9.4,,0
High Protein Full Cream Milk,The Complete Dairy,Name brand,Milk & alternatives,,,68.0,3.3,,2.4,6.0,,,0
Dairy Milk Slices (Raspberry),Cadbury,Name brand,Confectionery,E,,540.0,55.4,0.19,18.6,6.8,,,0
m&m’s mix ups,M&m's,Name brand,Confectionery,,4,464.0,,0.21,8.0,6.8,,9,0
Australian 4 Leaf Blend,Coles,Supermarket own brand,"Fruit, veg & legumes",,1,13.0,,0.19,,2.2,2.0,,0
Flake Sharepack imp,Cadbury,Name brand,Confectionery,E,4,528.0,57.1,0.21,17.9,7.9,,2,0
Organic lite milk,Coles,Supermarket own brand,Milk & alternatives,B,1,45.0,4.4,0.1,0.8,3.8,,,0
Mackerel Provencale,Marco Polo,Name brand,Meat & seafood,D,3,113.0,1.8,2.38,1.6,13.0,,,0
Cherries,Coles,Supermarket own brand,"Fruit, veg & legumes",A,1,,,,,,,,0
Rokeby,Protein Smoothke Vanilla Wafer,Name brand,Milk & alternatives,B,,60.0,3.9,0.07,1.1,7.1,,,0
Tomato and basil rice,Ben's Original,Name brand,"Pasta, rice & grains",B,4,208.0,1.9,0.59,0.3,4.0,,1,0
Fruity Chews,The Natural Confectionery Co. Australia,Name brand,Confectionery,E,4,385.0,66.3,0.0,2.7,0.9,,4,0
,,Unknown,"Fruit, veg & legumes",D,,306.0,66.6,0.0,0.3,3.3,2.8,,0
beef lasagne,Cleavers,Name brand,Ready meals,C,,135.0,2.6,0.53,3.1,5.5,,,0
Thai green chicken curry,Coles,Supermarket own brand,Meat & seafood,B,4,122.0,0.0,0.45,2.4,7.6,0.5,3,0
shortcrust pastry,Coles,Supermarket own brand,"Pasta, rice & grains",E,,402.0,0.2,0.84,13.0,5.6,2.2,,0
Almonds,Coles,Supermarket own brand,"Fruit, veg & legumes",A,,603.0,4.7,0.06,4.0,24.0,12.0,,0
Sea Salt,Taronga Almonds,Name brand,"Fruit, veg & legumes",B,,620.0,4.6,0.39,4.4,18.8,,,0
Beef tortellini in mushroom sauce,Woolworths,Supermarket own brand,Ready meals,C,,150.0,0.7,0.48,2.9,5.5,0.1,,0
Gorgonzola Cheese Dolce,IGOR,Name brand,Cheese,E,,347.0,,3.62,15.0,19.0,,,0
Toasted Hazelnuts,Lucky,Name brand,"Fruit, veg & legumes",A,,643.0,4.4,0.01,2.7,14.8,10.4,,0
Balsamic mayonnaise,Manger & O Neill,Name brand,Sauces & condiments,E,,496.0,13.6,1.95,3.6,0.0,,,0
Streaky bacon,Coburg,Name brand,Meat & seafood,E,,245.0,1.2,2.69,8.6,14.4,,,0
Protein Cookie Choc Chip,My Muscle Chef,Name brand,Biscuits & cakes,D,4,426.0,8.7,0.67,11.5,27.3,4.3,7,0
Strawberries and cream all natural greek style yoghurt,Tamar Valley,Name brand,Yoghurt,C,,127.0,14.9,0.12,2.9,4.9,,,0
Pining for Lime,Proud & Punch,Name brand,Ice cream & desserts,C,,114.0,12.6,0.02,4.5,0.3,,,0
Premium Light Soy Sauce,Coles,Supermarket own brand,Sauces & condiments,D,,80.0,6.7,9.2,0.0,11.3,6.7,,0
Quiche lorraine,Home chef,Name brand,Ready meals,D,,235.0,2.8,1.1,8.0,8.0,,,0
Hearty vegetable soup,Darikay,Name brand,Ready meals,C,,29.0,2.0,0.9,0.1,1.0,1.7,,0
Shapes Barbeque,Arnott’s,Name brand,Biscuits & cakes,D,4,,1.1,1.7,5.2,7.3,3.5,4,0
Tasty Cheese Slices,Cheer,Name brand,Cheese,D,,403.0,6.2,1.8,21.9,25.6,,,0
Premium extra lean gluten free beef burgers,Peppercorn,Name brand,Meat & seafood,C,,149.0,1.2,1.12,3.0,13.1,2.0,,0
Golden gaytime,Streets,Name brand,Ice cream & desserts,D,,300.0,21.8,0.22,9.0,3.5,,,0
CAD Turkish delight 180g,Cadbury,Name brand,Confectionery,E,4,520.0,55.2,0.3,18.4,6.0,,8,0
Chocolate Turkish delight,,Unknown,Confectionery,E,,500.0,59.5,0.23,15.5,7.0,,,0
Assorted Fruit Turkish Delight,Authentic Turkish Sweets,Name brand,Confectionery,E,4,373.0,85.8,0.01,1.0,1.0,,4,0
Deli seasoned chips golden ale beer batter,Birds Eye,Name brand,Chips & salty snacks,C,4,165.0,1.0,0.85,0.6,3.0,1.7,,0
Gourmet Ice Cream,Connoisseur,Name brand,Ice cream & desserts,E,,378.0,28.1,0.34,15.2,4.8,,,0
Dairy Milk Chocolate,Cadbury,Name brand,Confectionery,E,,536.0,55.8,0.21,18.3,8.3,,,0
JC's Energy Mix,,Unknown,"Fruit, veg & legumes",E,,504.0,44.0,0.11,11.1,8.6,,,0
Chicken Caeser Salad,Woolworths,Supermarket own brand,Ready meals,C,4,161.0,2.5,1.43,2.6,11.2,7.2,13,0
protein + calcium rish tuna in springwater,John West,Name brand,Meat & seafood,A,,86.0,1.1,0.83,0.2,19.8,,,0
Pauls Vanilla Protein Yoghurt,Paul’s,Name brand,Yoghurt,A,4,61.0,3.4,0.1,0.2,10.1,,3,0
Shredded Chicken,Moira Macs,Name brand,Meat & seafood,D,,146.0,0.2,2.23,2.4,16.2,,,0
YoPRO PERFORM Strawberry,Danone,Name brand,Yoghurt,A,,68.0,3.4,0.13,0.4,11.5,,,0
spaghetti,Coles,Supermarket own brand,"Pasta, rice & grains",A,1,345.0,3.2,0.12,1.0,12.0,3.5,,0
Mango passion fruit,Uncle tobys,Name brand,Muesli & protein bars,C,,389.0,18.2,0.06,4.2,7.0,10.5,,0
Macaroni cheese,San Remo,Name brand,Ready meals,C,4,100.0,1.9,0.65,0.6,3.5,,3,0
Fresh hilo milk,Coles,Supermarket own brand,Milk & alternatives,B,,44.0,4.6,0.11,0.9,3.5,0.0,,0
diced beef,Woolworths,Supermarket own brand,Meat & seafood,A,,133.0,1.0,0.15,0.8,27.6,,,0
Chobani Greek Yoghurt Flip Mint Chocolate Chip,Chobani,Name brand,Yoghurt,C,,129.0,13.4,0.14,2.3,7.4,,,0
Greek Pro Creamy Yoghurt,Evia,Name brand,Yoghurt,B,,98.0,3.8,0.09,3.3,9.5,,,0
Cheerios Original,Uncle Tobys,Name brand,Breakfast cereals,C,4,387.0,14.6,0.27,0.6,7.0,7.1,2,0
Peking duck,Luv-a-duck,Name brand,Meat & seafood,D,4,247.0,6.4,1.14,3.6,14.1,,10,0
Cheddar Cheese Rice Crackers,Peckish,Name brand,Chips & salty snacks,D,,427.0,0.4,1.37,4.4,7.1,0.0,,0
Slow Cooke Beef Brisket In a Bourbon flavoured BBQ sauce,Woolworths,Supermarket own brand,Meat & seafood,D,4,188.0,7.2,0.89,3.8,18.6,,10,0
wicked sister strawberry pudding,Wicked sister,Name brand,Ice cream & desserts,B,4,99.0,5.0,0.13,2.5,9.2,,5,0
Tasmanian Cold Smoked Salmon,Huon,Name brand,Meat & seafood,D,,258.0,0.0,1.85,2.8,24.8,,,0
Hokkien thin fresh noodles,Fantastic,Name brand,"Pasta, rice & grains",B,,195.0,0.7,0.44,0.2,7.2,2.0,,0
Cont Creamy bacon value pack 145g,Continental,Name brand,Ready meals,C,,117.0,3.5,0.6,0.9,4.0,0.6,,0
Farm fresh carrots,,Unknown,"Fruit, veg & legumes",A,,40.0,6.0,0.28,0.0,0.6,2.7,,0
White rice cups,Woolworths,Supermarket own brand,"Pasta, rice & grains",B,4,153.0,0.1,0.0,0.2,2.9,1.7,2,0
tuna chunks in olive oil blend,Coles,Supermarket own brand,Meat & seafood,A,3,190.0,,0.88,1.7,23.4,,,0
Hearty Chicken & Vegetable Soup,La Zuppa,Name brand,Ready meals,B,3,176.0,1.5,0.62,0.1,3.1,1.6,,0
Australian semi dried tomatoes,Woolworths,Supermarket own brand,"Fruit, veg & legumes",A,,188.0,9.2,0.6,4.0,40.0,56.0,,0
Semi Sundried Tomatoes,,Unknown,"Fruit, veg & legumes",D,,394.0,24.0,0.12,3.0,8.0,1.2,,0
Lactose Free Farmers Tasty Natural Cheese Slices,Bega,Name brand,Cheese,D,,411.0,0.0,1.79,21.2,24.1,0.0,,0
BBQ ribe sauce,C,Name brand,Sauces & condiments,E,,167.0,37.3,1.51,1.0,1.1,,,0
Choc Hazelnut Italian Gelato,Destination Italy,Name brand,Ice cream & desserts,D,4,217.0,26.0,0.1,6.2,3.7,,3,0
100% Cashew Spread,Melrose,Name brand,Spreads,C,,,9.0,0.03,10.0,22.0,5.9,,0
Philadelphia,Philadelphia,Name brand,Cheese,D,,225.0,2.9,0.82,15.2,4.9,,,0
Danish style feta,Woolworths,Supermarket own brand,Cheese,D,,210.0,1.0,2.5,2.2,1.3,,,0
Carrot Cake Cheesecake,Woolworths,Supermarket own brand,Biscuits & cakes,E,,331.0,23.6,0.52,9.3,5.1,,,0
Cheer Mozzarella Cheese Block,,Unknown,Cheese,D,,336.0,4.0,1.28,17.6,27.2,,,0
Salted Mixed Nuts,Coles,Supermarket own brand,"Fruit, veg & legumes",D,3,,6.7,1.45,5.9,25.2,6.0,,0
Yoghurt,Siggi's,Name brand,Yoghurt,A,,91.0,3.7,0.1,2.8,10.1,,,0
Handmade Boiled Bagels,Jesse'sbakery,Name brand,Bread,C,3,315.0,6.4,0.93,0.3,8.6,,,0
Puff Pastry,Pampas,Name brand,Ice cream & desserts,D,4,315.0,1.8,0.9,10.2,5.2,,4,0
OREO CKIE CHOC 128GM,Oreo,Name brand,Biscuits & cakes,E,,488.0,37.3,1.29,10.1,5.1,,,0
,,Unknown,Muesli & protein bars,C,4,479.0,4.2,0.2,7.1,22.4,14.5,,0
Eastcoast Orange Juice,eastcoast,Name brand,Soft drinks & juice,B,1,29.0,5.4,0.01,0.0,0.8,,,0
Greek style soy yogurt vanilla,Vitasoy,Name brand,Yoghurt,B,4,99.0,6.6,0.15,1.3,6.0,0.3,2,0
Unsalted butter,Devondale,Name brand,Spreads,E,2,731.0,10.0,0.25,56.0,2.0,,,0
Tortellini,Leggo's,Name brand,Ready meals,B,,187.0,0.7,0.76,0.8,8.4,1.4,,0
Stackers Leg Ham,Primo,Name brand,Chips & salty snacks,E,4,271.0,2.0,2.01,8.6,20.0,,9,0
Paleo Granola,Farm Jo Foods,Name brand,Breakfast cereals,D,3,655.0,10.2,0.1,15.2,19.4,9.2,,0
Milk Lab,MilkLab,Name brand,Milk & alternatives,C,,41.0,1.9,0.12,0.2,0.9,,,0
A2 Protein All Natural Yoghurt,,Unknown,Yoghurt,B,4,67.0,3.8,0.09,2.6,3.1,2.3,,0
Pita Bread,Grandma moses,Name brand,Bread,C,,268.0,5.7,0.94,1.0,5.5,,,0
Lightly Salted Popcorn,Coles,Supermarket own brand,Chips & salty snacks,E,,500.0,6.7,1.42,21.3,7.3,8.0,,0
Banana Bread,7-Eleven,Name brand,Bread,D,,342.0,28.0,0.68,1.6,5.6,,,0
Stringers lactose free,Bega,Name brand,Cheese,D,,295.0,0.0,1.76,14.5,25.5,0.0,,0
Bacon short cuts,Woolworths,Supermarket own brand,Meat & seafood,D,,178.0,2.0,2.5,4.8,16.8,,,0
Pulled Beef Lasagne,Strength meals co,Name brand,Ready meals,C,,165.0,1.9,0.79,4.5,10.9,1.1,,0
Satay Chicken,Strength Meals Co,Name brand,Ready meals,B,4,159.0,1.4,0.69,2.3,10.7,0.7,4,0
Plain flour,Woolworths,Supermarket own brand,"Pasta, rice & grains",A,,354.0,1.9,0.01,0.9,10.0,2.2,,0
Smoked Sprats,Woolworths,Supermarket own brand,Meat & seafood,B,3,176.0,0.1,1.2,2.0,21.0,,,0
Minced garlic,Woolworths,Supermarket own brand,Sauces & condiments,A,1,86.0,3.2,0.01,0.1,4.1,1.9,1,0
Coles Stine Ground Tortilla Chips,,Unknown,Chips & salty snacks,E,3,,1.4,900.0,1.7,7.6,5.4,,0
Chicken nuggets,Steggles,Name brand,Meat & seafood,C,,209.0,4.1,0.93,1.3,10.4,,,0
Lasagne Classica,Cucina classica,Name brand,Ready meals,D,,163.0,3.9,1.02,3.8,6.3,1.7,,0
Beef Lasange,Woolworths,Supermarket own brand,Ready meals,C,,124.0,1.9,0.54,2.8,4.1,1.1,,0
Chobani stay fit protein,Chobani,Name brand,Yoghurt,A,4,58.0,3.1,0.09,0.1,9.6,,4,0
Bocconcini,Casa del Formaggio,Name brand,Cheese,C,,265.0,1.1,0.19,14.3,18.0,,,0
Cont Alfredo value pack 145g,Continental,Name brand,Ready meals,B,,122.0,3.4,0.58,0.9,4.3,0.6,,0
Cont Creamy Tomato Parmesan and Basil 98g,Continental,Name brand,Ready meals,D,,261.0,10.7,1.19,3.6,8.8,2.0,,0
Buttermilk Pancake Mix,Woolworths,Supermarket own brand,Biscuits & cakes,C,,216.0,,,,4.4,,,0
Kantong Pineapple Sweet and Sour,Kan Tong,Name brand,Sauces & condiments,C,4,88.0,17.0,0.51,0.1,0.3,,,0
South Cape Cracked Pepper Cream Cheese,South Cape,Name brand,Cheese,D,4,,,,,,,3,0
Coffee soy milk,Vitasoy,Name brand,Milk & alternatives,C,4,58.0,6.0,0.15,0.3,3.0,0.5,,0
Carolina Reaper with Black Garlic,Bull's-eye,Name brand,Sauces & condiments,C,4,72.0,10.0,1.25,0.0,2.0,,4,0
EUROPE HONEY LOG MED/BAR 40GM,Europe,Name brand,Muesli & protein bars,E,,485.0,48.8,0.24,13.5,4.5,,,0
Peppermint crisp,Nestle,Name brand,Muesli & protein bars,E,4,492.0,64.5,0.06,11.9,4.6,,3,0
M&m’s milk 380g,M&m's,Name brand,Muesli & protein bars,E,4,483.0,66.0,0.15,12.0,4.4,,8,0
Comm Co fresh pastaBeef Ravioli 625gm,,Unknown,Meat & seafood,D,,265.0,4.6,1.14,3.2,11.8,,,0
Buffalo Wings,Beak & Son,Name brand,Ready meals,B,4,210.0,3.9,0.53,3.8,14.5,0.9,7,0
Chinese BBQ Style Pork,Woolworths,Supermarket own brand,Meat & seafood,C,4,157.0,6.6,0.79,3.1,15.5,,8,0
ALLENS Frogs Alive,Allen's,Name brand,Confectionery,D,4,344.0,41.0,0.26,1.0,1.0,,4,0
Pork sausages,Woolworths,Supermarket own brand,Meat & seafood,D,3,195.0,1.2,1.21,4.7,16.0,,1,0
Stone baked,Coles,Supermarket own brand,Bread,B,3,241.0,2.7,0.85,0.3,11.4,3.5,,0
SMITH Original 90G,Smiths,Name brand,Chips & salty snacks,C,3,547.0,1.0,0.0,2.4,6.7,,,0
KIRKS PASITO 10X375ML,Kirks,Name brand,Soft drinks & juice,E,,410.0,100.0,0.25,1.0,1.0,,,0
NES KIT KAT CHOC DARK,Kit Kat,Name brand,Muesli & protein bars,E,,511.0,46.9,0.26,15.9,5.5,,,0
Certified Organic Blueberries,Macro,Supermarket own brand,"Fruit, veg & legumes",A,1,49.0,9.5,0.01,0.7,0.7,3.6,,0
Oat flakes,Uncle Toby’s,Name brand,Breakfast cereals,E,3,117.0,11.8,950.0,1.1,9.8,7.0,,0
Thai Jasmine Rice,Woolworths,Supermarket own brand,"Pasta, rice & grains",C,,360.0,1.0,0.01,1.0,7.2,1.5,,0
Raspberry Lemonade,Chobani,Name brand,Yoghurt,A,,,9.7,0.1,1.0,7.6,,,0
Garlic Pepper Club Cheddar,Kenilworth Dairies,Name brand,Cheese,D,,402.0,4.0,1.78,18.8,25.2,,,0
Cheddar,Kraft,Name brand,Cheese,E,,311.0,4.0,5.5,16.0,18.0,,,0
Cheddar,,Unknown,Cheese,E,,311.0,0.0,5.5,16.0,18.0,,,0
Club Cheddar,Coles,Supermarket own brand,Cheese,C,,124.0,1.0,0.0,21.7,25.4,,,0
Slow cooked pork ribs in a smokey bbq sauce,Woolworths,Supermarket own brand,Meat & seafood,D,4,236.0,3.7,0.67,6.5,15.2,,4,0
Damper Inspired Rolls,The Bakery at Coles,Name brand,Bread,C,4,249.0,1.3,0.72,0.0,8.1,2.6,,0
Special K original,Kellogg's,Name brand,Breakfast cereals,C,,388.0,14.0,0.82,0.8,19.2,6.0,,0
Dairy Milk Slices - Raspberry,Cadbury,Name brand,Confectionery,E,,540.0,55.6,0.19,18.4,6.8,,,0
Crumbed chicken breast fingers,Steggles,Name brand,Meat & seafood,D,,238.0,1.0,1.65,1.7,11.4,2.1,,0
Sauce Carbonara pour pâtes,Dolmio,Name brand,Sauces & condiments,C,4,98.0,3.2,0.41,1.6,1.3,,,0
Cookie Dough Kit Kat,Kit Kat,Name brand,Muesli & protein bars,E,4,531.0,48.7,0.2,18.0,6.3,,3,0
The worlds hottest corn chips,,Unknown,Chips & salty snacks,C,,440.0,2.2,0.45,1.7,7.0,,,0
Costco Shredded Chicken Breast Meat,,Unknown,Meat & seafood,A,,123.0,0.0,1.39,1.0,23.0,,,0
McCain Baby Beans,McCain,Name brand,"Fruit, veg & legumes",A,,36.0,2.0,0.01,0.1,1.6,3.0,,0
Chicken Breast Dino Snacks,Steggles,Name brand,Meat & seafood,C,4,191.0,3.7,1.38,1.5,11.6,,,0
12 Chicken Schnitzels,Woolworths,Supermarket own brand,Meat & seafood,B,,223.0,0.9,1.12,1.8,15.4,,,0
Steamfresh Baby Potatoes Broccoli Carrots Peas,Birds eye,Name brand,"Fruit, veg & legumes",A,4,68.0,1.8,0.51,0.2,2.5,3.0,,0
Nestle Violet Crumble,Violet,Name brand,Muesli & protein bars,E,,430.0,59.4,0.84,15.0,2.4,,,0
Coles Coconut Milk (Unsweetened) - Coles - Coles - Coles,Coles,Supermarket own brand,Milk & alternatives,B,,19.0,0.4,0.11,1.6,0.4,0.4,,0
Milk,Norco,Name brand,Milk & alternatives,C,,69.0,4.6,0.1,2.6,3.5,,,0
butter chicken,Strength Meals Co,Name brand,Meat & seafood,A,,140.0,1.9,0.42,1.7,11.0,1.9,,0
Salted Caramel Greek Yogurt,Chobani,Name brand,Yoghurt,A,,58.0,3.1,0.1,0.1,9.6,,,0
FANTA,Fanta,Name brand,Soft drinks & juice,E,,113.0,27.0,0.1,0.0,0.0,,,0
Tortilla Chips,Tostitos,Name brand,Chips & salty snacks,D,3,1880.0,1.1,0.7,2.6,8.2,,4,0
Rainbow Cookie,7-eleven,Name brand,Biscuits & cakes,E,,449.0,34.0,0.56,10.9,5.7,,,0
Cookies & Cream ice cream sandwich between choc cookies,Bulla,Name brand,Ice cream & desserts,E,,333.0,24.5,0.57,8.1,4.0,,,0
Coles Coleslaw Dressing,Coles,Supermarket own brand,Chips & salty snacks,D,4,334.0,17.7,2.35,3.3,1.1,18.0,4,0
Tiramisu mousse cake,Coles,Supermarket own brand,Biscuits & cakes,D,,,6.9,0.36,14.2,4.6,0.7,,0
Organic Instant Rolled Oats,Coles,Supermarket own brand,Breakfast cereals,A,,377.0,1.2,0.01,1.0,14.5,,,0
Sweet Chilli Sauce,Coles,Supermarket own brand,Sauces & condiments,E,4,193.0,45.4,3.02,1.0,1.0,1.5,2,0
Peach in mango flavoured jelly,Coles,Supermarket own brand,Confectionery,C,4,79.0,18.0,0.23,0.0,0.8,,9,0
light tasty shredded cheese,Woolworths,Supermarket own brand,Cheese,D,,336.0,0.4,1.56,16.4,29.6,,,0
corn flakes,Coles,Supermarket own brand,Breakfast cereals,C,3,383.0,6.7,0.88,0.7,7.0,1.7,,0
Traditional Ham off the Bone,Tibaldi,Name brand,Meat & seafood,D,,111.0,1.0,2.52,1.4,18.2,,,0
wow select tuna mayo & corn,woolworths,Supermarket own brand,Meat & seafood,A,4,100.0,3.3,0.35,0.3,15.3,,2,0
Brown medium grain rice,Woolworths,Supermarket own brand,"Pasta, rice & grains",B,,368.0,0.7,0.01,0.4,7.2,,,0
Traditional Fruit Hot Cross Buns,Coles,Supermarket own brand,Bread,D,4,296.0,23.9,0.54,1.1,6.6,,2,0
minu dulce de leche,Magnum,Name brand,Ice cream & desserts,E,,328.0,27.4,0.07,13.4,4.2,,,0
Garden peas,Woolworths,Supermarket own brand,"Fruit, veg & legumes",A,3,73.0,2.1,0.01,0.1,3.3,5.5,,0
Organic premium Beef mince,Cleaver's,Name brand,Meat & seafood,C,,188.0,0.1,0.15,5.8,20.0,,,0
Donskis Pork crackle,,Unknown,Chips & salty snacks,E,,495.0,4.0,5.2,9.6,64.0,4.0,,0
YoPRO Mixed Berries,Danone,Name brand,Yoghurt,A,4,63.0,3.5,0.1,0.2,10.0,,1,0
Mars M &M?S Peanut,Mars,Name brand,Confectionery,E,,,51.8,0.15,10.1,9.9,,,0
,,Unknown,Meat & seafood,C,4,,1.2,0.28,2.8,3.2,,,0
Belgian dark chocolate cake,Woolworths,Supermarket own brand,Biscuits & cakes,E,,302.0,21.0,0.71,12.6,3.7,,,0
Steam veggies,Woolworths,Supermarket own brand,"Fruit, veg & legumes",,,,4.0,,,2.9,,,0
Pitted dates,Macro,Supermarket own brand,"Fruit, veg & legumes",,,303.0,66.0,,0.3,2.0,9.7,,0
Hot Smoked Salmon,Woolworths,Supermarket own brand,Meat & seafood,D,,242.0,1.6,1.75,2.4,21.6,,,0
Dairy Milk Caramello,Cadbury,Name brand,Confectionery,E,4,488.0,49.9,0.26,15.1,6.0,,4,0
100% Natural Bacon - Premium Shortcut,D’Orsogna,Name brand,Meat & seafood,,,672.0,6.4,,15.6,64.8,,,0
Chicken Gravy,,Unknown,Sauces & condiments,,,29.0,0.1,0.93,0.2,0.3,,,0
Kiwifruit & Blueberry,,Unknown,"Fruit, veg & legumes",,,248.0,9.8,,0.0,0.6,0.0,,0
Noshu Sugar Free Iced Carrot Cakes,Noshu,Name brand,Biscuits & cakes,B,,143.0,1.9,0.36,3.4,1.5,5.1,,0
Roasted Capsicum Dip,,Unknown,Sauces & condiments,E,,320.0,5.2,0.93,11.2,6.0,,,0
No added nitrite ham,Barossa,Name brand,Meat & seafood,D,,110.0,4.0,2.27,4.0,18.8,,,0
Peri Peri Aioli,8 Food,Name brand,Sauces & condiments,C,,187.0,6.8,0.74,1.2,0.7,,,0
vanila cake mix,Coles,Supermarket own brand,Biscuits & cakes,D,,333.0,22.6,0.91,7.0,6.2,2.0,,0
Peri peri & wild lime sauce,,Unknown,Sauces & condiments,C,,26.0,1.0,1.35,0.1,0.5,,,0
High Protein Vanilla Rice Pudding,Wicked Sister,Name brand,Ice cream & desserts,B,,132.0,6.9,0.1,3.8,7.2,,,0
Eros  Granola,Mindful  Foods,Name brand,"Pasta, rice & grains",,,538.0,,,,9.5,25.0,,0
Frozen lychees,,Unknown,"Fruit, veg & legumes",,,66.0,15.0,,0.1,0.8,1.3,,0
Slush puppie,Slush Puppie,Name brand,Ice cream & desserts,,,75.0,14.6,,0.0,0.1,,,0
simply wize gluten free fruit salsd,,Unknown,Confectionery,,4,,,,,,,7,0
Pumpkin couscous with fresh mint,The Salad Servers,Name brand,Ready meals,C,,82.0,0.0,1.35,0.5,1.0,,,0
Banana Cake,Woolworths,Supermarket own brand,Biscuits & cakes,D,,306.0,37.2,0.85,2.0,3.2,,,0
Cake mix,Green's,Name brand,Biscuits & cakes,,,346.0,36.5,1.02,3.5,4.5,,,0
Penne,,Unknown,"Pasta, rice & grains",,,367.0,3.1,,0.6,11.5,,,0
Jelly,Aeroplane,Name brand,Confectionery,,,7.0,10.0,,,,,,0
Original crumb fish,I&j,Name brand,Meat & seafood,B,4,214.0,2.1,0.66,2.1,11.4,,,0
Shredded Chicken,Moira Mac,Name brand,Meat & seafood,,,124.0,0.3,,1.7,18.1,0.0,,0
Rich & delish brownie bites,Bare Bakers,Name brand,Biscuits & cakes,E,,465.0,34.2,0.06,14.6,5.7,0.0,,0
Harvest Snaps Black Bean,Calbee,Name brand,Chips & salty snacks,,,469.0,4.5,,10.1,15.4,11.9,,0
Onigiri teriyaki chicken,7/11,Name brand,Chips & salty snacks,,,185.0,4.7,,,5.2,,,0
Braised Beef Ragu,Strength Meals Co,Name brand,Ready meals,B,,125.0,2.1,0.76,3.1,10.1,1.5,,0
Yellowfin Tuna and Rice,Woolworths,Supermarket own brand,Ready meals,D,,341.0,5.6,648.0,3.6,21.1,3.6,,0
Mackerel in natural mackerel oil,Deep Cove,Name brand,Meat & seafood,A,,110.0,0.0,0.79,0.0,21.2,,,0
Chicken Shredded Teriyaki,Woolworths,Supermarket own brand,Meat & seafood,C,4,124.0,6.0,1.34,1.2,18.0,,2,0
Chicken soup,Continental,Name brand,Ready meals,,4,247.0,1.0,,0.8,,,3,0
Aeroplane Jelly Berry Blue Flavour 85G,Aeroplane,Name brand,Ice cream & desserts,,4,63.0,14.3,,1.0,1.1,,3,0
Mango Chutney,MasterFoods,Name brand,Spreads,,4,,27.3,,0.7,0.8,,,0
Alphabet shaped Corn Pasta,,Unknown,"Pasta, rice & grains",,,347.0,1.0,,0.2,6.0,,,0
sour rainbows,Coles,Supermarket own brand,Confectionery,,,381.0,63.5,,2.9,2.9,2.9,,0
Corn Cobettes,Macro Wholefoods Market,Supermarket own brand,"Pasta, rice & grains",A,1,,,,,,,,0
Lil pizzas Ham and Pineapple,McCain,Name brand,Ready meals,D,,227.0,4.9,4.9,3.9,10.0,,,0
Brookfarm bar,Brookfarm,Name brand,Muesli & protein bars,,,430.0,22.3,,2.4,7.8,,,0
Ricotta & Spinach Agnolotti,,Unknown,"Pasta, rice & grains",C,,268.0,2.4,0.9,3.3,13.5,,,0
Premium Lemonade,,Unknown,Soft drinks & juice,,,12.0,2.9,,0.0,0.3,,,0
Peppermint Chocolate Truffles,Lindt,Name brand,Confectionery,,4,,,,,,,2,0
Singapore Noodles,Coles,Supermarket own brand,Ready meals,B,,74.0,1.3,0.56,0.4,1.8,,,0
Palmiers,Toscano,Name brand,Biscuits & cakes,E,,542.0,21.7,1.39,15.7,6.0,,,0
Apple Pie gluten free,Woolworths,Supermarket own brand,Biscuits & cakes,C,,259.0,11.7,0.56,6.2,1.9,14.9,,0
Kit Kat Easter Break,Kitkat,Name brand,Confectionery,E,,536.0,51.7,0.23,16.2,7.2,,,0
Coles Pork Sausage,Coles,Supermarket own brand,Meat & seafood,,4,,,,,,,9,0
chokito bites,Nestle,Name brand,Muesli & protein bars,,4,,,,,,,6,0
Premium Toppings Chocolate,Juicy Isle,Name brand,Ice cream & desserts,,4,296.0,73.2,,0.1,0.1,,5,0
mm easter egg,M&m's,Name brand,Confectionery,,4,,,,,,,15,0
Super Pulses Vegan Bolognese,Super Nature,Name brand,Ready meals,A,4,83.0,3.5,0.5,0.3,4.6,3.3,2,0
Meatless Mince,Earth,Name brand,Meat & seafood,C,,228.0,1.3,0.7,4.9,21.1,,,0
Protein bars,Coles,Supermarket own brand,Muesli & protein bars,E,,503.0,17.9,0.6,9.7,26.3,,,0
"Steam Fresh Broccoli, Carrots & Sugarsnap Peas",Heinz,Name brand,"Fruit, veg & legumes",,,33.0,3.5,,0.2,2.8,3.1,,0
Honey Soy Chicken,My Muscle Chef,Name brand,Ready meals,,3,112.0,4.6,,0.4,7.2,1.0,,0
Beef and Pork Meatballs,Coles,Supermarket own brand,Meat & seafood,,,,,1.07,8.3,14.5,,,0
Quick Oats original,,Unknown,Breakfast cereals,,,380.0,1.7,,1.4,12.6,12.0,,0
Traditional mini fruit hot cross bund,Woolworths,Supermarket own brand,Bread,C,4,289.0,21.6,0.51,1.0,6.8,2.4,6,0
High protein mixed seeds English muffins,Coles,Supermarket own brand,Bread,,,275.0,1.6,0.41,,27.3,10.3,,0
Extra Soft White Loaf 680g,,Unknown,Bread,A,4,0.0,1.1,0.88,1.1,9.3,,,0
Easter Fruit Free Hot Cross Buns,Coles,Supermarket own brand,Bread,A,,279.0,4.0,0.58,1.0,9.5,3.6,,0
Finest Stone Bakes Hand Shaped Ciabatta Confit Garlic Butter,Coles,Supermarket own brand,Bread,B,,272.0,1.6,1.06,3.8,8.8,3.8,,0
Hot cross buns,Woolworths,Supermarket own brand,Bread,D,,261.0,0.1,0.45,8.3,11.1,,,0
Stonebaked Wholemean Pane Di Casa,coles,Supermarket own brand,Bread,B,,225.0,2.2,0.82,0.4,9.6,,,0
Garlic bread,,Unknown,Chips & salty snacks,C,,237.0,1.4,1.03,4.0,6.1,,,0
Multigrain,,Unknown,Bread,B,,278.0,0.6,0.51,0.9,8.7,,,0
Turkish rolls,Coles,Supermarket own brand,Bread,B,4,270.0,3.5,0.77,1.0,9.3,,1,0
Wholemeal Sandwich,Coles Smart Buy,Supermarket own brand,Bread,A,4,,2.4,1.02,0.3,9.0,6.7,3,0
Willow Farm Beetroot Dip,Willow Farm,Name brand,Sauces & condiments,,,135.0,4.0,,1.0,5.0,,,0
Fizzy Cookie Flavoured Zero Sugar Coke,Coca-Cola Australia,Name brand,Soft drinks & juice,,4,0.0,,0.03,,0.0,,4,0
Passion Fruit Soft Drink,Bobby,Name brand,Soft drinks & juice,,4,3.0,0.5,,0.0,0.0,0.2,3,0
Sourdough wrap,Helga's,Name brand,Bread,,,301.0,,,,8.3,,,0
Coconut Rough,,Unknown,Muesli & protein bars,,4,541.0,27.1,,27.8,3.0,,1,0
Roasted Capsicum Flavour Chickpea Baked Crisps,Calbee,Name brand,Chips & salty snacks,D,,529.0,3.3,1.12,13.3,9.3,6.0,,0
Reduced fat semi soft cheese,Jarosburg,Name brand,Cheese,D,,267.0,0.0,1.1,10.0,30.7,,,0
Coconut basmati rice,Rivians,Name brand,"Pasta, rice & grains",B,,174.0,0.8,0.64,1.5,3.7,1.4,,0
Dairy farmers skim,Dairy Farmers,Name brand,Milk & alternatives,B,,34.0,4.6,0.45,0.1,3.5,,,0
Pure honey,,Unknown,Spreads,,2,339.0,82.5,,0.1,0.1,,,0
Honey,,Unknown,Spreads,,2,74.0,15.8,,0.0,0.1,,,0
Peanut Butter,,Unknown,Spreads,,,638.0,4.5,,10.0,26.0,8.0,,0
Tomberry Superfood,,Unknown,"Fruit, veg & legumes",A,,19.0,2.5,0.03,0.1,0.9,1.2,,0
Fruit lunch,Sam's Fruit Lunch,Name brand,Soft drinks & juice,D,1,,11.1,0.01,0.0,0.4,,,0
Mackerel Fillets in Sriracha Sause,John West,Name brand,Meat & seafood,C,,207.0,4.5,1.4,3.0,13.9,,,0
Mackerel fillets in mexican sauce,John West,Name brand,Meat & seafood,B,,207.0,4.6,0.62,3.5,15.9,1.2,,0
Apple Juice,The Daily Juice Company,Name brand,Soft drinks & juice,C,4,,10.2,0.05,1.0,1.0,1.0,2,0
Apple blackcurrant juice,Golden Circle,Name brand,Soft drinks & juice,C,,,11.4,0.0,0.0,0.3,0.2,,0
Aussie Sultanas,Woolworths,Supermarket own brand,"Fruit, veg & legumes",C,1,270.0,58.8,0.03,0.2,2.5,3.2,,0
Light coconut milk,Trident,Name brand,Milk & alternatives,,,44.0,0.6,,4.0,0.4,,,0
Mango & passionfruit yoghurt,,Unknown,Yoghurt,C,,,9.8,0.07,4.7,7.9,,,0
Skinny cow,Skinny Cow,Name brand,Ice cream & desserts,A,,118.0,8.0,0.16,1.6,5.1,6.2,,0
Organic feta in brine,Barambah,Name brand,Cheese,C,,222.0,0.3,0.75,23.3,15.3,0.0,,0
Cashews,,Unknown,Chips & salty snacks,C,,607.0,6.7,0.36,8.3,20.7,4.0,,0
Salted Cashews,,Unknown,Chips & salty snacks,C,,603.0,6.0,0.83,9.0,16.7,,,0
ice cream cake,Bulla,Name brand,Ice cream & desserts,,4,,,,,,,10,0
Diana Chan’s Thai Chicken Dumplings,,Unknown,Ready meals,B,,181.0,2.7,1.1,1.5,14.6,,,0
Honey local organic 500ml,,Unknown,Spreads,,2,338.0,82.7,,0.0,0.3,,,0
Snapper 6 Original Crumb,Birds Eye,Name brand,Meat & seafood,A,,225.0,3.2,0.73,0.8,14.6,1.1,,0
Berringa Raw honey,,Unknown,Spreads,,2,,,,,,,,0
Manuka honey Bio-active,,Unknown,Spreads,,2,334.0,82.1,,0.0,0.3,,,0
Rotten zombie skittles,,Unknown,Confectionery,,,397.0,90.0,,6.7,0.0,,,0
Messmate raw honey,,Unknown,Spreads,,2,335.0,82.0,,0.0,0.0,0.0,,0
Pure Australian Honey,,Unknown,Spreads,,2,338.0,82.7,,0.0,0.3,,,0
Pure Honey,,Unknown,Spreads,,2,,,,,,,,0
Natural Honey of Tasmania,,Unknown,Spreads,,2,335.0,82.1,,0.0,0.3,,,0
Raw Honey,,Unknown,Spreads,,2,335.0,82.0,,0.0,0.0,,,0
Premium raw honey,,Unknown,Spreads,,2,,,,,,,,0
pure honey,,Unknown,Spreads,,2,338.0,82.5,,0.0,0.3,,,0
Honey,,Unknown,Spreads,,2,,0.0,,0.0,,,,0
Mild Twiggy Bites @ Cheddar Cheese,Primo,Name brand,Cheese,D,,392.0,3.6,1.81,16.8,22.4,,,0
Iced honeycomb flavour milk,Nippy's,Name brand,Milk & alternatives,B,4,62.0,7.7,0.1,1.3,3.3,,2,0
Australian Lite Milk,Woolworths,Supermarket own brand,Milk & alternatives,B,,44.0,4.9,0.11,0.9,3.1,0.0,,0
Corn flakes,Kellog’s,Name brand,Breakfast cereals,,,113.0,2.4,,0.1,2.1,0.9,,0
Salada sourdough,Arnotts,Name brand,Chips & salty snacks,,3,433.0,1.2,,1.3,8.7,4.2,1,0
Loaded cookie,Cookieman,Name brand,Biscuits & cakes,,,,,,,5.2,,,0
Daily Juice co pulp free orange juice,Daily Juice,Name brand,Soft drinks & juice,,,40.0,8.0,0.01,,0.6,0.2,,0
Smart sweets,Double D,Name brand,Confectionery,A,4,143.0,3.7,0.0,0.3,0.3,42.9,4,0
Satay chicken,Coles,Supermarket own brand,Ready meals,B,,135.0,1.9,0.46,1.7,5.6,1.4,,0
Classic Vanilla with Chocolate Shards,Magnum,Name brand,Ice cream & desserts,E,,328.0,28.1,0.1,12.9,3.6,,,0
Lil’ pizzas cheesy margherita,McCain,Name brand,Ready meals,C,4,,4.5,0.47,5.4,11.9,,6,0
Almond choc ice cream,Magnum,Name brand,Ice cream & desserts,E,4,337.0,25.1,0.14,13.6,4.9,,8,0
Apple Slices Pie Fruit,Woolworths,Supermarket own brand,Ice cream & desserts,A,4,29.0,5.1,0.02,0.1,1.0,1.0,2,0
Whiting Fish Finger,Birds Eye,Name brand,Meat & seafood,B,,208.0,2.9,0.57,1.2,12.2,0.7,,0
French style Cheesecake,Woolworths,Supermarket own brand,Biscuits & cakes,D,,259.0,20.4,0.48,7.4,4.1,,,0
Rhubarb & Apple Crumble,Nanna's,Name brand,Biscuits & cakes,C,,206.0,19.4,0.32,3.8,2.4,,,0
Lightly dried Basil,Gourmet Garden,Name brand,Sauces & condiments,D,4,,1.0,12.57,1.7,10.9,,3,0
Philadelphia fresh creamy,Philadelphia,Name brand,Cheese,D,,225.0,4.0,0.82,15.2,4.8,,,0
Gluten Free Knot Pretzels,Eskal,Name brand,Chips & salty snacks,E,,483.0,2.0,2.5,10.0,0.7,,,0
Walnuts,Macro,Supermarket own brand,"Fruit, veg & legumes",,,697.0,2.7,,4.3,14.3,6.3,,0
Tiny teddy Hundreds & Thousands,Arnott's,Name brand,Biscuits & cakes,D,,440.0,30.0,0.73,7.0,4.8,4.8,,0
Sour Cream & Chives Rice Crackers,Fantastic,Name brand,Chips & salty snacks,D,4,449.0,6.8,1.64,5.6,7.6,,4,0
Quick oats,Woolworths,Supermarket own brand,Breakfast cereals,,,380.0,1.0,,1.5,13.0,10.7,,0
Cocoa Puffs,Woolworths,Supermarket own brand,Breakfast cereals,B,4,391.0,21.2,0.56,1.0,6.8,5.0,,0
Cheese and crackers edam,Mainland,Name brand,Chips & salty snacks,,,372.0,1.0,,12.6,20.8,,,0
doughnut,Noshu,Name brand,Biscuits & cakes,C,,264.0,3.1,0.27,13.1,9.1,10.4,,0
KitKat dark 70%,KitKat,Name brand,Muesli & protein bars,,,555.0,28.4,,22.6,7.1,,,0
No Sugar Added Strawberry Yoghurt,Chobani,Name brand,Yoghurt,A,,78.0,3.1,0.08,2.2,7.1,0.2,,0
Sour patch kids,Sour Patch Kids,Name brand,Confectionery,,,364.0,62.0,,4.0,4.0,,,0
Tropical Fruit Drink,Woolworths,Supermarket own brand,Soft drinks & juice,,4,0.0,9.7,,0.0,0.1,,1,0
Tropical Juice,Woolworths,Supermarket own brand,Soft drinks & juice,C,,45.0,10.0,0.02,0.0,0.2,0.2,,0
Organic Light Soy Milk,Macro,Supermarket own brand,Milk & alternatives,,,51.0,2.1,,0.3,3.2,,,0
Coconut milk light,,Unknown,Milk & alternatives,,,100.0,1.4,,9.4,1.2,,,0
Tomato sauce,Woolworths,Supermarket own brand,Sauces & condiments,D,4,107.0,20.7,1.7,6.7,6.7,,2,0
Cookies crumbles,Coles,Supermarket own brand,Biscuits & cakes,E,,528.0,38.9,0.2,13.5,5.4,,,0
Thyme leaves,Woolworths,Supermarket own brand,Sauces & condiments,,,100.0,,,,,,,0
Diced Italian Tomatoes with onion garlic and basil,Woolworths,Supermarket own brand,"Fruit, veg & legumes",A,,23.0,3.9,0.01,0.1,1.2,1.0,,0
French salad dressing,Woolworths,Supermarket own brand,Sauces & condiments,D,,69.0,15.7,2.11,1.0,1.0,,,0
Mayonnaise,Eta,Name brand,Sauces & condiments,,,352.0,14.0,,2.4,0.4,,,0
Creamed Corn,Woolworths,Supermarket own brand,"Pasta, rice & grains",A,3,62.0,4.2,0.2,0.1,1.9,1.2,1,0
Dream,Cadbury,Name brand,Confectionery,E,4,,56.1,0.29,22.1,6.9,,2,0
Peach Slices in Juice,Woolworths,Supermarket own brand,Ice cream & desserts,,,48.0,9.2,,0.1,0.5,0.1,,0
Apricot Jam,Gardener,Name brand,Spreads,,,244.0,58.5,,0.0,0.5,,,0
8 pack choc chip minis,Woolworths,Supermarket own brand,Biscuits & cakes,E,,512.0,33.5,0.4,14.9,5.4,,,0
Oreo Original 9 pack snack pack,Oreo,Name brand,Biscuits & cakes,,,500.0,38.9,,10.4,,,,0
Stroopwafels,,Unknown,Biscuits & cakes,,,468.0,,,9.0,,,,0
Strong Dijon Mustard,,Unknown,Sauces & condiments,C,3,158.0,2.0,5.5,2.0,8.0,4.0,,0
Steamed brown rice cups,Woolworths,Supermarket own brand,"Pasta, rice & grains",A,4,200.0,0.3,0.0,0.5,3.4,2.0,2,0
Double Choc,Pure pops,Name brand,Ice cream & desserts,D,4,,19.7,0.04,11.0,4.7,0.0,1,0
cream cheese apricot & almond,South care,Name brand,Cheese,D,,363.0,12.8,0.74,20.0,8.0,,,0
Macadamia Nuts,Coles,Supermarket own brand,"Fruit, veg & legumes",,,720.0,4.0,,12.1,9.1,8.4,,0
2 brown rice cups,Coles,Supermarket own brand,"Pasta, rice & grains",,,222.0,0.0,,0.4,4.0,3.1,,0
Doritos Cheese Supreme,Doritos,Name brand,Chips & salty snacks,D,4,518.0,2.4,0.62,13.1,8.9,,3,0
Cheddar style shreds,Dairy free down under,Name brand,Cheese,E,,168.0,0.8,1.77,11.6,1.6,,,0
Hubba bubba variety 4-pack,,Unknown,Confectionery,D,4,314.0,64.3,0.0,0.0,0.0,0.0,5,0
Quick and crispy pizza,,Unknown,Ready meals,B,,234.0,1.6,0.56,2.3,11.1,,,0
Marvellous creations lolly bag,Cadbury,Name brand,Muesli & protein bars,E,,524.0,57.2,0.2,16.8,6.8,,,0
Flathead,,Unknown,Meat & seafood,A,,96.0,1.0,0.2,0.2,21.0,,,0
Maltesers gold,Maltesers,Name brand,Confectionery,E,,528.0,43.6,0.32,15.6,5.2,,,0
Cadbury Faviourites Dark chovcolate edition,Cadbury,Name brand,Confectionery,E,,486.0,50.0,0.19,14.4,5.2,,,0
Mars Bar Funsize Sharepack,Nestle,Name brand,Muesli & protein bars,E,,451.0,57.5,0.31,8.1,3.1,,,0
Wrigley’s eclipse mints: strawberry,Eclipse,Name brand,Confectionery,C,,335.0,0.0,0.0,0.0,0.0,0.0,,0
3 bean mix,Macro,Supermarket own brand,"Fruit, veg & legumes",,,100.0,0.5,,0.1,7.9,4.3,,0
Cheetos Balls Cheese & Bacon,Cheetos,Name brand,Chips & salty snacks,D,,535.0,4.1,1.72,2.9,5.9,,,0
Lamington sponge cake jam filled,,Unknown,Biscuits & cakes,E,4,320.0,28.6,0.42,11.2,4.2,,13,0
Tangy tomato sauce,Mingle,Name brand,Sauces & condiments,B,3,51.0,6.3,1.48,0.0,2.0,1.9,,0
Garlic Bread,,Unknown,Chips & salty snacks,D,,323.0,3.0,1.46,5.1,7.8,,,0
Plant Proteinz Lentil & Roasted Kumara Dahl,watties,Name brand,Ready meals,,,256.0,7.3,,3.6,17.2,5.6,,0
Chicken and shiitake mushroom,Continental,Name brand,Ready meals,,,29.0,1.4,0.66,0.0,0.8,0.2,,0
cajun seasoning,Woolworths,Supermarket own brand,Sauces & condiments,D,4,,,,,,,,0
Butterflied Beef,Woolworths,Supermarket own brand,Meat & seafood,,4,,,,,,,7,0
Traditional instant gravy,Woolworths,Supermarket own brand,Sauces & condiments,C,4,41.0,0.8,0.82,1.0,0.4,,6,0
LMCs,Kellogg's,Name brand,Muesli & protein bars,E,4,413.0,34.5,0.57,5.9,4.5,,13,0
salt pepper squid,De Costi,Name brand,Meat & seafood,,4,,,,,,,6,0
"Quiche - Spinach, Semi Dried Tomato & Leek",CommunityCo,Name brand,Ready meals,,4,,,,,,,7,0
Deli Tuna Zesty Lemon & Italian Herbs,John West,Name brand,Meat & seafood,B,,205.0,1.1,1.06,1.5,23.5,,,0
Cheese & Bacon pizza slices,McCain,Name brand,Ready meals,D,4,241.0,4.9,4.9,4.5,11.2,,4,0
Tzatziki Dip,,Unknown,Sauces & condiments,,4,,,,,,,4,0
Maderia Cake,Woolworths,Supermarket own brand,Biscuits & cakes,D,,368.0,27.1,0.9,2.2,5.3,2.2,,0
Candy cane,,Unknown,Confectionery,,,394.0,93.0,,0.0,0.0,,,0
Gummy bears,,Unknown,Confectionery,,,334.0,46.0,,0.3,6.3,,,0
Lemon cake,Green's,Name brand,Biscuits & cakes,,4,345.0,36.3,1.01,3.6,4.5,,6,0
crumbed chicken breast fingers,Steggles,Name brand,Meat & seafood,B,,,2.3,1.55,1.4,10.3,3.6,,0
Tamari salt reduced,Spiral,Name brand,Sauces & condiments,C,,69.0,1.0,10.38,0.0,9.3,,,0
40% Triple Chocolate Chip Cookies,Coles,Supermarket own brand,Biscuits & cakes,E,,519.0,37.5,0.67,16.2,7.1,6.5,,0
Sour Patch Kids,Sour Patch,Name brand,Confectionery,,4,368.0,62.0,,4.0,4.0,,2,0
Almond Milk,,Unknown,Milk & alternatives,B,,92.0,4.3,0.26,0.5,2.0,,,0
Chilli Con Carne,,Unknown,Meat & seafood,A,,121.0,1.3,0.43,1.0,5.8,1.6,,0
Apricot jam,,Unknown,Spreads,,,273.0,62.7,,6.7,6.7,6.7,,0
Whole milk,,Unknown,Milk & alternatives,B,,63.0,4.8,0.11,2.2,3.2,,,0
Curry powder,,Unknown,Sauces & condiments,,1,,,,,,,,0
Mango Yoghurt,Danone,Name brand,Ice cream & desserts,B,4,80.0,6.0,0.18,2.5,4.9,,4,0
Activia Probiotics,Danone,Name brand,Ice cream & desserts,B,,75.0,5.1,0.17,2.4,4.9,,,0
Iced Orange Cake,Australian Country Bakehouse,Name brand,Biscuits & cakes,E,,,46.8,0.8,2.7,4.4,,,0
Goats Cheese & Caramelised Onion Arancini,Woolworths,Supermarket own brand,Chips & salty snacks,,,221.0,,,,4.1,1.4,,0
Truffle Arancini,Woolworths,Supermarket own brand,Chips & salty snacks,B,,248.0,4.0,0.83,4.0,6.0,4.0,,0
Chunky sous vide beef in rich gravy,Herbert Adams,Name brand,Ready meals,D,,257.0,0.8,1.1,6.7,9.7,,,0
Soup of the day - Thai chicken with chilli & lime,Heinz,Name brand,Ready meals,B,,41.0,1.5,0.67,1.3,1.7,0.6,,0
Gamerz,Sour Patch Kids,Name brand,Confectionery,,,369.0,62.4,,,0.0,,,0
Vegan cashew parmesan,,Unknown,Milk & alternatives,D,,500.0,3.7,0.84,5.3,20.8,,,0
Christmas pudding,Coles,Supermarket own brand,Ice cream & desserts,C,,325.0,41.8,0.24,2.0,3.2,6.5,,0
"Peppermint,strawberry & bubblegum mini candy canes",,Unknown,Confectionery,D,,406.0,82.0,0.0,0.0,0.0,0.0,,0
Pepperoni Pizza,,Unknown,Ready meals,D,,243.0,6.2,0.78,4.3,10.6,,,0
1 metre raspberry liquorice wheel,,Unknown,Confectionery,D,,348.0,29.6,0.22,2.0,0.8,,,0
Lemon cheese cake,Coles,Supermarket own brand,Biscuits & cakes,E,,329.0,23.8,0.46,9.6,4.6,1.9,,0
Chocolate easter eggs,Darrell Lea,Name brand,Confectionery,E,,524.0,56.4,0.2,19.6,6.4,,,0
M&M Chocolate Easter Egg,M&M's,Name brand,Confectionery,E,,510.0,61.2,0.24,15.2,6.0,,,0
Tzatziki,,Unknown,Sauces & condiments,C,,101.0,3.2,0.45,4.5,6.1,,,0
Tasmanian Apple Cider Pork Sausages,,Unknown,Meat & seafood,D,,267.0,1.7,1.18,8.0,12.5,,,0
Organic quinoa brown rice noodles,,Unknown,"Pasta, rice & grains",,,356.0,0.1,,1.1,8.1,4.1,,0
Lindt Easter Collection,Lindt,Name brand,Confectionery,E,,618.0,42.8,0.15,33.6,5.2,,,0
Butter Flavoured Cake Mix,Black & Gold,Supermarket own brand,Biscuits & cakes,,,,27.0,1.28,4.0,6.0,,,0
Collagen marshmello bar,,Unknown,Muesli & protein bars,C,,300.0,12.7,0.33,8.2,31.1,9.3,,0
Crumbed Prawn Cutlets,Woolworths,Supermarket own brand,Meat & seafood,D,,322.0,1.3,1.09,6.5,7.8,,,0
Dried mixed fruit,Macro,Supermarket own brand,"Fruit, veg & legumes",,,3333.0,70.0,,3.3,,3.3,,0
Snack time chickpeas lemon & pepper,Edgell,Name brand,"Fruit, veg & legumes",A,,153.0,0.9,1.43,0.7,7.1,5.4,,0
Blueberry yoghurt,Woolworths,Supermarket own brand,Ice cream & desserts,A,,33.0,8.6,0.91,1.4,3.9,7.1,,0
Top 'n 'fill Caramel,Nestlé,Name brand,Spreads,D,3,304.0,55.8,0.2,3.5,5.6,,,0
Stuffed Olives,Three Threes,Name brand,Sauces & condiments,D,,120.0,2.5,2.42,2.5,2.5,,,0
Rr Deli Dip Basil Pesto,Red Rock Deli,Name brand,Sauces & condiments,D,4,435.0,5.0,0.85,6.5,9.0,,2,0
Puff pastry,Borg's,Name brand,Ice cream & desserts,C,,317.0,0.8,0.97,7.5,6.0,4.0,,0
Smoke salmon,Huon,Name brand,Meat & seafood,,,211.0,0.1,,2.5,25.9,,,0
Lattice Apple Pie,Woolworths,Supermarket own brand,Biscuits & cakes,D,,268.0,21.0,0.4,6.6,2.4,,,0
Lemon cake,Woolworths,Supermarket own brand,Biscuits & cakes,E,,381.0,41.9,0.68,3.5,4.2,,,0
Chrick breats mear crumbled,Woolworths,Supermarket own brand,Meat & seafood,B,,224.0,3.7,0.88,1.9,10.4,,,0
Chicken breast tenders salt and vinegar,Inghams,Name brand,Meat & seafood,,,0.0,3.8,,1.0,12.2,,,0
Banoffee,Woolworths,Supermarket own brand,Biscuits & cakes,,,351.0,,,,,,,0
Burger pickles,Bryne company,Name brand,Sauces & condiments,C,,63.0,11.3,2.75,0.0,3.3,3.3,,0
Roast Pumpkin Caramelised Onion & Cashews,Red Rock Deli,Name brand,Sauces & condiments,D,,318.0,5.5,0.85,5.0,6.0,,,0
Spring Onion Dip,Chris',Name brand,Sauces & condiments,D,,236.0,2.5,0.78,12.0,5.0,0.5,,0
Hot Smoked Tassie Salmon,Tassal,Name brand,Meat & seafood,D,,249.0,1.3,1.84,3.2,24.7,,,0
Cashew butter,Wellness Road,Name brand,Spreads,D,,574.0,5.4,0.02,9.0,19.4,12.2,,0
Butter chicken sauce,,Unknown,Sauces & condiments,,,75.0,6.5,,0.3,2.3,1.6,,0
Pana Organic,Pana,Name brand,Spreads,E,,515.0,40.0,0.12,6.7,9.3,,,0
Tomato juice,,Unknown,Soft drinks & juice,B,,22.0,2.5,0.53,0.1,0.9,0.9,,0
White chocolate raspberry,The Bar Counter,Name brand,Confectionery,C,,355.0,3.0,0.38,6.2,27.5,12.0,,0
Mccain Ham & Pineapple Family Pizza 500G,McCain,Name brand,Ready meals,C,,231.0,6.5,0.88,4.3,9.9,,,0
English Ham,,Unknown,Meat & seafood,D,,106.0,2.7,2.63,1.2,16.0,,,0
Chopped spinach leaf,Logan Farm,Name brand,"Fruit, veg & legumes",,,24.0,1.7,0.14,,2.8,,,0
Chicken noodle soup,Dari’s,Name brand,Ready meals,B,,26.0,0.7,0.85,0.1,2.3,0.5,,0
Australian Jerky Kangaroo Soft,Billabong,Name brand,Meat & seafood,D,4,,9.6,7.42,0.3,43.5,,3,0
"Lamb Kebabs, Mint",Woolworths,Supermarket own brand,Meat & seafood,,4,288.0,2.6,,10.5,14.5,0.0,1,0
Almond meal,Coles,Supermarket own brand,"Fruit, veg & legumes",,,624.0,4.0,,4.0,24.0,9.0,,0
Roasted chic peas spicy tomato chilli,,Unknown,Chips & salty snacks,,,386.0,3.0,,1.5,22.7,19.7,,0
Veal Tortellini,Coles,Supermarket own brand,Ready meals,B,,268.0,1.9,0.32,1.2,13.3,,,0
Roasted chickpeas,The Happy Snack Company,Name brand,Chips & salty snacks,A,,420.0,3.5,0.23,1.6,17.5,11.9,,0
Wholegrain Crisps,Sunbites,Name brand,Chips & salty snacks,C,,448.0,3.5,0.45,2.2,7.2,,,0
Flavoured soap mix,Coles,Supermarket own brand,Ready meals,B,,49.0,1.4,0.54,1.0,1.0,1.0,,0
Whole pitted lychees in syrup,Coles,Supermarket own brand,Ice cream & desserts,B,3,80.0,17.9,0.01,0.0,0.0,1.1,,0
Trail Mix,Coles,Supermarket own brand,"Fruit, veg & legumes",,1,484.0,26.3,,3.7,15.3,6.3,,0
Peaches & Cream,Allens,Name brand,Confectionery,,4,,45.8,0.25,1.0,3.6,,2,0
Fresh Garlic,Woolworths Select,Supermarket own brand,Sauces & condiments,,,,,,,,,,0
Leggo's Pasta Bake Creamy Sundried Tomato & Garlic,Leggo's,Name brand,Sauces & condiments,C,4,,2.7,1.57,2.5,1.6,,4,0
Australian Brown Flat Mushrooms,Coles,Supermarket own brand,"Fruit, veg & legumes",,,,,,,,,,0
Gluten free bars,Arnold's Farm,Name brand,Muesli & protein bars,,4,,,,,,,3,0
Gaucho's Chimmi Sauce,Berenberg,Name brand,Sauces & condiments,C,4,,4.0,1.55,1.0,1.0,,3,0
Bundaberg Trop Mango 375ML / 12,Bundaberg,Name brand,Soft drinks & juice,E,4,47.0,11.5,0.06,0.0,0.0,0.0,4,0
Basil Pesto & Parmesan Agnolotti,Latina Fresh,Name brand,Ready meals,,3,,,,,,,1,0
Original Double Smoked Leg Ham,B-B Products,Name brand,Meat & seafood,,,92.0,0.5,,0.5,19.2,,,0
Kulaway Drinking Coconut,Kulaway,Name brand,"Fruit, veg & legumes",,1,,,,,,,,0
Lemons 1kg Prepack,Montague Fresh,Name brand,"Fruit, veg & legumes",,,,,,,,,,0
Classic Egg Fettucine,Latina Fresh,Name brand,"Pasta, rice & grains",A,,52.0,0.4,0.02,0.1,2.1,2.1,,0
Champignons Mushrooms Pieces & Stems Hand Picked,Always Fresh,Name brand,"Fruit, veg & legumes",A,3,,0.0,1.51,0.5,6.5,,,0
Dairy Milk Roast Almond,Cadbury,Name brand,Muesli & protein bars,E,4,,46.8,0.18,16.0,10.8,,2,0
sugar free lemonade,Kirks,Name brand,Soft drinks & juice,B,,,0.0,0.07,0.0,0.1,,,0
Chicken Laksa Soup,Woolworths Select,Supermarket own brand,Meat & seafood,B,,74.0,2.5,0.65,2.0,3.2,0.6,,0
Grain Waves Honey Soy,Sunbites,Name brand,Chips & salty snacks,B,4,,2.4,0.33,0.6,2.0,,2,0
Ice Break Refuel High Protein,Ice Break,Name brand,Soft drinks & juice,B,3,,9.4,0.1,1.0,4.5,,,0
Wurstel German Biersticks,Wurstel,Name brand,Meat & seafood,E,4,,1.0,2.47,9.3,12.2,,4,0
Caramelised Onion Sauce,The Beerenberg Family Farm,Name brand,Sauces & condiments,C,4,,14.0,0.89,1.0,1.0,,1,0
Latina Fresh Roast Chicken & Garlic Ravioli,Latina Fresh,Name brand,Ready meals,A,4,,1.0,0.83,1.3,6.6,3.1,,0
Yellow Curry Paste,Thai Gourmet,Name brand,Sauces & condiments,C,3,,9.4,6.24,1.0,1.7,5.9,2,0
Gow Gee Pastry,Double Merino,Name brand,Ice cream & desserts,A,,282.0,2.0,0.65,0.3,10.6,1.1,,0
Duck & Orange Pate,Maggie Beer,Name brand,"Pasta, rice & grains",D,,208.0,6.7,0.74,9.0,8.7,,,0
Lindt Easter Selection,Lindt,Name brand,Confectionery,E,4,,47.9,0.2,26.0,6.7,,1,0
Fresh Garlic,Amayson P/L,Name brand,Sauces & condiments,,1,,,,,,,,0
LA Ice Cola,Tru Blu,Name brand,Soft drinks & juice,,4,,11.4,0.01,,,,1,0
Plumrose Premium Spiced Ham,Plumrose,Name brand,Meat & seafood,E,,304.0,1.9,2.48,9.3,12.8,,,0
Fresh Spinach Bunch,Aussie Growers,Name brand,"Fruit, veg & legumes",,1,,,,,,,,0
Carman's Dark Choc cranberry & Almond Bars,Carman's,Name brand,Muesli & protein bars,D,,427.0,24.7,0.01,5.3,8.0,,,0
Lindor peanut butter,Lindt,Name brand,Confectionery,E,4,595.0,34.8,0.17,26.5,10.8,,1,0
Pop’d Chips,Cobs,Name brand,Chips & salty snacks,,,387.0,2.1,,0.7,5.8,0.0,,0
Schweppes Orange & Mango,Schweppes,Name brand,Soft drinks & juice,D,,,3.7,0.03,0.0,0.0,,,0
Sour Squirms,,Unknown,Confectionery,,4,340.0,48.8,,4.0,4.0,,5,0
Grahams hot chip sauce,Beerenberg,Name brand,Sauces & condiments,D,4,212.0,19.3,1.22,6.7,6.7,,2,0
"Carrot, peas and corn",BIRDS EYEE,Name brand,"Fruit, veg & legumes",,,63.0,3.1,,0.1,3.5,3.5,,0
Steam Fresh Carrots corn and broccoli,Heinz,Name brand,"Fruit, veg & legumes",,,51.0,3.9,,0.3,3.1,3.5,,0
Lime Jelly,Aeroplane,Name brand,Ice cream & desserts,B,4,44.0,9.6,0.11,0.8,1.2,0.8,5,0
kimchi,Bryne Co,Name brand,Sauces & condiments,C,,18.0,1.6,1.35,0.0,1.0,,,0
Thin Franks,Thomsons Deli,Name brand,Meat & seafood,D,3,,1.0,2.68,4.0,13.0,,,0
Garlic and Crumb Chicken Fillets,Woolworths,Supermarket own brand,Meat & seafood,A,,135.0,0.4,0.73,0.6,19.5,,,0
Middle bacon,Woolworths,Supermarket own brand,Meat & seafood,E,,246.0,2.0,12.0,7.8,15.2,,,0
Easter bunnies,,Unknown,Confectionery,D,,54.0,40.0,0.31,18.5,8.5,6.2,,0
Peach Slices in Juice,Coles,Supermarket own brand,"Fruit, veg & legumes",,,54.0,9.5,,0.8,0.8,0.8,,0
Cake in a cup triple choc brownie,White Wings,Name brand,Biscuits & cakes,E,,325.0,39.0,0.5,6.1,5.0,,,0
Sour mustard pickle,,Unknown,"Fruit, veg & legumes",A,,12.0,5.2,0.18,0.0,4.0,,,0
Spinach and Ricotta Tortellini,,Unknown,Ready meals,C,,111.0,2.7,1.44,1.0,4.9,1.3,,0
Ultimate meatlovers,,Unknown,Ready meals,D,,273.0,2.9,1.99,5.2,14.4,,,0
Carrot cake,,Unknown,Biscuits & cakes,D,,402.0,35.7,0.57,3.9,4.6,,,0
Calzone,,Unknown,Ready meals,D,,320.0,3.9,2.08,2.2,8.1,,,0
Onion powder,Master Foods,Name brand,"Fruit, veg & legumes",A,1,,,,,,,,0
M&M,M&M's,Name brand,Confectionery,E,4,451.0,61.6,0.16,11.2,5.2,,8,0
Cake in a Cup Cinnamon,White Wings,Name brand,Biscuits & cakes,,,265.0,25.6,1.0,4.0,4.5,,,0
Indian Tonic Water,Schweppes,Name brand,Soft drinks & juice,,4,37.0,8.6,,0.0,0.0,,1,0
Essentials Pasta Sauce,Woolworths,Supermarket own brand,Sauces & condiments,,,44.0,5.8,,0.8,1.6,2.3,,0
Peanut butter,,Unknown,Spreads,,3,629.0,8.7,,9.5,25.0,6.7,,0
Turkish delight,Turkish delight,Name brand,Confectionery,,,348.0,76.2,,0.1,0.1,,,0
Carman's Vanilla Birthday Cake Aussie Oat Bar,Carman's,Name brand,Muesli & protein bars,,,356.0,12.3,,4.3,8.3,,,0
Chokito,Nestle,Name brand,Confectionery,,,468.0,58.2,,12.7,5.3,,,0
Bush honey,,Unknown,Spreads,,2,,0.0,,0.0,,,,0
Capriccio tuna in olive oil,Capriccio,Name brand,Meat & seafood,,,390.0,1.0,,5.8,14.0,,,0
Brown rice puches,Coles,Supermarket own brand,"Pasta, rice & grains",,,231.0,,,1.0,4.1,3.1,,0
Premium collagen meal replacement Vanilla,,Unknown,Ready meals,,,205.0,0.9,,4.6,29.4,5.0,,0
Nes Milky Bar 170g,Nestlé,Name brand,Confectionery,,,559.0,54.4,,20.2,6.6,,,0
Lactose free greek yoghurt,Jalna,Name brand,Yoghurt,,3,122.0,3.0,,7.6,3.7,,,0
Quick Oats,Coles,Supermarket own brand,Breakfast cereals,,,380.0,45.0,,2.5,13.0,11.0,,0
Aniseed Honey,,Unknown,Spreads,,2,335.0,78.0,,0.0,0.0,,,0
Manuka honey,,Unknown,Spreads,,2,,0.0,,0.0,,,,0
Buckwheat Kernels,Coles,Supermarket own brand,"Pasta, rice & grains",,,352.0,2.0,,2.0,13.0,6.4,,0
Free from Gluten wholemeal,Woolworths,Supermarket own brand,Bread,,,,3.9,,1.5,3.5,13.5,,0
Frosty Fruits Tripical,Peters,Name brand,Ice cream & desserts,,4,104.0,25.3,,1.3,1.3,,3,0
Lemon sorbet,Coles,Supermarket own brand,Ice cream & desserts,,,129.0,19.0,,1.4,1.4,1.4,,0
Orange Juice,Nudie,Name brand,Soft drinks & juice,,,43.0,,,,0.9,,,0
Kids Blueberry Yoghurt,Vaalia,Name brand,Yoghurt,B,,68.0,7.2,0.1,1.2,3.4,,,0
Gullon Sugar Free Chocolate Wafer Biscuits 180g,Gullon,Name brand,Biscuits & cakes,D,4,460.0,0.7,0.15,13.0,4.3,3.3,4,0
Frozen Yoghurt Mango,Bulla,Name brand,Yoghurt,C,,123.0,18.0,0.1,1.9,4.1,,,0
Frozen Yoghurt Paddle Pop,Bulla,Name brand,Ice cream & desserts,C,,127.0,19.5,0.14,2.0,4.4,,,0
Chilli Crushed,Coles,Supermarket own brand,Sauces & condiments,,4,85.0,4.9,0.14,1.0,2.1,6.4,3,0
mozzarella,,Unknown,Cheese,D,4,,0.1,1.32,13.2,26.1,,2,0
Dairy milk furry friends,Cadbury,Name brand,Confectionery,E,4,535.0,55.9,0.2,18.5,7.6,,2,0
Creamy coleslaw,,Unknown,Chips & salty snacks,C,,69.0,3.1,0.65,2.4,1.6,,,0
Lights ‘n tasty,Cheer,Name brand,Cheese,D,3,335.0,0.9,0.7,15.3,30.0,,,0
Natural Macadamias,,Unknown,"Fruit, veg & legumes",C,,722.0,4.7,1.02,0.0,9.3,6.3,,0
Organic Rolled Oats,,Unknown,Breakfast cereals,D,,,1.0,37.5,1.2,11.0,,,0
Roast Chicken and thyme chips,Smith's,Name brand,Chips & salty snacks,D,,537.0,4.1,1.25,2.2,7.0,,,0
Tortilla strips,Natural chip company,Name brand,Chips & salty snacks,C,3,124.0,0.2,9.0,0.9,1.6,1.0,,0
Peanut butter crazy crunch,Ridiculously Delicious,Name brand,Spreads,E,,623.0,5.3,1.22,9.3,24.0,,,0
Peanit butter,Mayver's,Name brand,Spreads,A,,116.0,0.8,0.13,1.3,5.0,1.6,,0
Mini roma tomatoes,,Unknown,"Fruit, veg & legumes",A,,19.0,2.5,0.03,0.1,0.9,1.2,,0
Natural Raw honey,Fewster’s.,Name brand,Spreads,,2,250.0,61.5,,,,,,0
White Quinoa,,Unknown,"Pasta, rice & grains",,,370.0,0.8,,1.2,14.2,,,0
White Quinoa,Coles,Supermarket own brand,"Pasta, rice & grains",,,362.0,4.7,,1.0,13.4,8.0,,0
Sopressa Salami,,Unknown,Meat & seafood,E,,370.0,2.5,4.25,13.0,21.5,,,0
Barbecue Sauce,Woolworths,Supermarket own brand,Sauces & condiments,,4,167.0,5.3,,1.0,1.0,,1,0
Original BBQ Sauce,Bulls Eye,Name brand,Sauces & condiments,,4,161.0,33.0,,0.0,1.3,0.0,1,0
Traditional Lasagna Bolognese,,Unknown,Ready meals,D,,427.0,6.8,0.7,8.4,26.6,,,0
Organic black Chia seeds,,Unknown,"Pasta, rice & grains",,,486.0,0.0,,3.3,16.5,,,0
Ultimate chocolate chip cookie 6Pk,,Unknown,Biscuits & cakes,E,,513.0,41.5,0.18,16.2,5.3,,,0
White sweet potato noodle,,Unknown,"Pasta, rice & grains",,,361.0,0.0,1.55,0.0,0.4,3.0,,0
Mini rice cakes caramel white chocolate,,Unknown,"Pasta, rice & grains",E,,495.0,32.0,0.4,14.0,6.8,1.0,,0
tuna,Safcol,Name brand,Meat & seafood,A,3,83.0,0.0,0.17,0.3,17.0,0.0,,0
Snakes Alive,,Unknown,Confectionery,D,,335.0,44.0,0.24,4.0,4.4,0.0,,0
Tomato Sauce,Masterfoods,Name brand,Sauces & condiments,C,,32.0,6.7,0.56,0.1,0.4,,,0
Honey,Golden Bee,Name brand,Spreads,,2,335.0,82.0,,0.0,0.7,0.0,,0
Natural honey,Mountain View,Name brand,Spreads,,2,,0.0,,0.0,,,,0
Tofu,,Unknown,"Fruit, veg & legumes",,,103.0,0.3,,0.4,15.9,4.9,,0
Greek yogurt Vanilla,Chobani,Name brand,Yoghurt,A,,80.0,9.6,0.03,0.1,8.6,,,0
Pot Set Vanilla Flavoured Greek Yoghurt,Jalna,Name brand,Yoghurt,C,,130.0,8.3,0.14,6.1,4.2,,,0
Icy Twist,Streets,Name brand,Ice cream & desserts,,4,87.0,17.0,,0.0,0.1,,1,0
Tofu,Blue Lotus Foods,Name brand,"Fruit, veg & legumes",,,116.0,0.2,,0.8,12.0,,,0
Instant noodles,Fantastic,Name brand,"Pasta, rice & grains",,4,184.0,0.2,1.08,2.9,4.9,,7,0
Peanut Butter,Mayver's,Name brand,Spreads,A,,116.0,0.8,0.13,1.3,5.0,1.6,,0
Unbelievably Good,White Wings,Name brand,Biscuits & cakes,E,,457.0,42.2,0.92,4.8,4.3,,,0
Balsamic Dressing,Praise,Name brand,Sauces & condiments,D,,53.0,8.8,2.4,1.0,1.0,,,0
Dairy free Vanilla Bliss,Sanitarium,Name brand,Milk & alternatives,C,4,151.0,16.5,0.13,0.8,2.9,0.4,1,0
MOREish Raspberry White Chocolate,Chokolata,Name brand,Confectionery,D,3,,23.9,0.12,23.4,4.2,27.3,1,0
Apple & Berry Juice,Bickford's,Name brand,Soft drinks & juice,C,4,54.0,10.1,0.02,0.0,0.2,1.0,1,0
Iced Coffee Lactose Free,Farmers Union,Name brand,Milk & alternatives,,,10.0,1.2,,0.2,0.6,,,0
Stuffed olives,Always Fresh,Name brand,Sauces & condiments,C,4,,0.0,3.92,1.7,0.7,,3,0
Low Fat Milk,Sungold,Name brand,Milk & alternatives,,,50.0,4.5,,0.8,3.7,,,0
Full cream milk,Farmers Own,Name brand,Milk & alternatives,,,282.0,4.8,,2.5,,,,0
Australian Polenta,Galaxy,Name brand,"Pasta, rice & grains",A,1,,0.5,0.05,0.2,9.2,,,0
Stay Chicken,Coles,Supermarket own brand,Meat & seafood,D,,524.0,8.2,1.96,8.8,39.8,9.2,,0
Bran Flakes with sultana,Coles,Supermarket own brand,Breakfast cereals,C,3,342.0,30.0,0.66,1.0,8.1,15.9,,0
blueberry and white choclate cookie,Coles,Supermarket own brand,Biscuits & cakes,E,,457.0,25.0,0.21,9.1,4.9,,,0
Fresh skim milk,Coles,Supermarket own brand,Milk & alternatives,A,,37.0,4.5,0.0,1.0,3.8,,,0
Beef Lasagne,Coles,Supermarket own brand,Ready meals,B,,115.0,1.9,0.5,2.7,4.1,1.4,,0
100/100 astrailian patatoes,Coles,Supermarket own brand,Chips & salty snacks,,4,117.0,0.1,,0.0,2.6,1.5,,0
Corn kernels,Coles,Supermarket own brand,"Pasta, rice & grains",A,3,90.0,5.5,0.12,1.0,4.4,,,0
Full Cream Milk,Coles,Supermarket own brand,Milk & alternatives,,,62.0,4.7,,2.4,3.4,,,0
Tomato ketchup,Coles,Supermarket own brand,Sauces & condiments,,,130.0,28.5,1.0,0.0,,1.4,,0
soy sause,coles,Supermarket own brand,Sauces & condiments,C,,67.0,1.0,15.32,0.0,1.0,1.0,,0
Creamy Butter Chicken,Coles,Supermarket own brand,Meat & seafood,B,,153.0,2.2,0.42,2.1,5.9,0.6,,0
Magnum Gold Almond Remix,Magnum,Name brand,Ice cream & desserts,E,4,317.0,25.5,0.27,12.2,5.0,,8,0
Pepperoni,Don,Name brand,Meat & seafood,E,,409.0,2.0,4.2,14.4,19.2,0.0,,0
Natural salami,,Unknown,Meat & seafood,E,,352.0,4.0,3.0,10.0,18.0,,,0
Prunes,Hiltona,Name brand,"Fruit, veg & legumes",B,1,249.0,40.5,0.05,0.0,1.6,7.1,,0
Organic coconut milk,,Unknown,Milk & alternatives,,,171.0,2.3,,16.0,1.6,,,0
Chicken Sausages,Woolworths,Supermarket own brand,Meat & seafood,,,161.0,,,2.8,13.8,,,0
Frozen Yoghurt Vanilla Bean,Twisted,Name brand,Ice cream & desserts,C,,114.0,14.2,0.1,1.5,3.2,,,0
Whole Egg Mayo,S&W,Name brand,Sauces & condiments,E,,720.0,1.3,1.35,13.3,1.3,,,0
Hungarian Mild Salami,San Marina Smallgoods,Name brand,Meat & seafood,E,,356.0,0.0,4.6,12.8,25.2,,,0
Baked Pea Crisps Chilli,Calbee,Name brand,Chips & salty snacks,D,,481.0,3.8,1.41,10.0,18.1,9.4,,0
BBQ Sauce,,Unknown,Sauces & condiments,D,,132.0,28.4,1.55,0.0,0.8,,,0
Garlic and fennel salami,The Provedore,Name brand,Meat & seafood,E,,301.0,2.0,5.08,6.8,27.4,,,0
Sausage,,Unknown,Meat & seafood,D,,229.0,1.6,1.48,5.8,13.6,,,0
Connoisseur Ice Cream Salted Caramel,Connoisseur,Name brand,Ice cream & desserts,E,,379.0,27.2,0.2,14.9,4.3,,,0
Bagels,,Unknown,Bread,B,,292.0,2.9,1.13,0.6,9.6,2.7,,0
Premium salted pistachios,,Unknown,Chips & salty snacks,C,,591.0,6.3,1.6,5.3,21.0,10.3,,0
Chilli con carne,,Unknown,Meat & seafood,A,,144.0,2.7,0.52,3.2,8.2,2.0,,0
Tasty Grated Cheese,Bega,Name brand,Cheese,D,,411.0,4.0,1.8,21.2,24.4,,,0
Margherita pizza,,Unknown,Ready meals,B,,216.0,5.8,0.44,3.2,8.2,,,0
Sandwich slices,Devondale,Name brand,Cheese,D,,290.0,0.0,3.58,16.2,19.5,,,0
Puff'd Protein Crisps - White Choc,Vitawerx,Name brand,Biscuits & cakes,D,,480.0,6.0,0.84,20.3,38.2,4.8,,0
Toasted Fine Cut Nori,,Unknown,Meat & seafood,D,,373.0,0.0,1.6,0.0,44.0,,,0
Mainland cheese and crackers,Mainland,Name brand,Cheese,E,,411.0,13.1,1.59,15.9,19.5,,,0
Blueberries,,Unknown,"Fruit, veg & legumes",,,328.0,69.0,,1.0,1.2,4.8,,0
Honey,,Unknown,Spreads,,2,335.0,82.1,,0.0,0.4,,,0
Parmesan cheese shredded,,Unknown,Cheese,E,,371.0,4.0,2.53,18.8,32.0,,,0
Creamy Vanilla Rolled Oats,Uncle Tobys,Name brand,Breakfast cereals,A,4,,19.7,0.06,1.4,11.4,7.1,,0
Organic apple juice,,Unknown,Soft drinks & juice,C,,46.0,9.9,0.01,0.0,0.1,,,0
"Natural Muesli, Strawberry & Yoghurt",,Unknown,Breakfast cereals,D,,375.0,17.9,0.13,4.1,10.9,,,0
Carman’s Fruit Free Muesli,Carman's,Name brand,Breakfast cereals,A,,451.0,8.0,0.03,2.4,14.6,9.6,,0
Lemon and herb chiken salad with grains & honey mustard dres,7 Eleven,Name brand,Ready meals,A,3,,1.2,0.34,1.0,7.0,3.8,1,0
Smoked oysters,John West,Name brand,Meat & seafood,A,3,48.0,1.0,0.47,0.6,5.5,,,0
Basmati rice,,Unknown,"Pasta, rice & grains",,,100.0,0.0,,0.0,8.7,0.0,,0
Australian sultanas,,Unknown,"Fruit, veg & legumes",,,322.0,65.6,,2.8,2.8,3.6,,0
Greek yogurt,Chobani,Name brand,Yoghurt,,,75.0,8.8,,0.1,8.2,,,0
Mango organic yogurt,,Unknown,Yoghurt,C,,102.0,12.0,0.13,2.3,4.4,,,0
Raspberry jam,,Unknown,Spreads,,,123.0,30.7,,0.0,0.0,,,0
Woolworths tasty cheese anc crackers,Woolworths,Supermarket own brand,Cheese,D,,417.0,1.7,1.56,17.3,19.0,,,0
Quiche Lorraine,Woolworths,Supermarket own brand,Ready meals,D,4,193.0,2.6,1.1,7.9,10.7,0.6,6,0
Milk,SADA Fresh,Name brand,Milk & alternatives,B,1,64.0,4.7,0.12,2.3,3.3,,,0
Match green tea and white chocolate icecream,Connoisseur,Name brand,Ice cream & desserts,D,,271.0,22.7,0.1,12.0,3.3,,,0
lactose free vanilla icecream,peters,Name brand,Ice cream & desserts,D,4,212.0,20.2,0.22,7.3,2.4,,4,0
Premium organic rolled oats,Kuala pure organics,Name brand,Breakfast cereals,,1,,1.3,,1.2,14.0,10.0,,0
Marble,Cadbury,Name brand,Ice cream & desserts,D,,202.0,23.8,0.17,4.7,26.4,,,0
chorizo,d'orsogna,Name brand,Meat & seafood,,3,,,,,,,,0
Chewy Gooey Choc Brownie,Tilly's,Name brand,Ice cream & desserts,A,,120.0,8.2,0.31,3.2,5.5,4.5,,0
Creamy Lime & Herb,Praise,Name brand,Sauces & condiments,E,,346.0,12.0,2.44,5.0,5.0,,,0
Choc Honeycomb,Oak,Name brand,Milk & alternatives,B,,86.0,10.0,0.11,2.3,9.9,,,0
Plant Based YoPRO Passionfruit,Danone,Name brand,Yoghurt,,,144.0,1.3,,4.1,7.4,,,0
Havaheart,Peters,Name brand,Muesli & protein bars,E,,328.0,25.1,0.21,18.3,2.6,,,0
Coconuts for mango,Proud & Punch,Name brand,Ice cream & desserts,,,126.0,15.9,,4.5,0.3,,,0
Vegan BBQ Sauce,,Unknown,Sauces & condiments,C,,54.0,6.0,1.75,0.1,1.6,,,0
Apple sauce,Three Threes,Name brand,Ice cream & desserts,,,504.0,23.4,,0.0,1.4,,,0
Freshly Grated parmesan,,Unknown,Cheese,D,,352.0,0.9,1.87,15.2,25.4,0.0,,0
Caramel ice cream cones,Drumstick,Name brand,Ice cream & desserts,D,,314.0,26.1,0.2,11.4,4.7,,,0
Coconut Mylk Greek Yoghurt,,Unknown,Yoghurt,,,106.0,1.8,,8.7,2.0,,,0
Chilli haloumi cheese,Woolworths,Supermarket own brand,Cheese,E,,328.0,2.0,2.75,17.6,21.2,,,0
Full Cream Milk,Country Dairy,Name brand,Milk & alternatives,B,,25.0,4.4,0.05,2.2,3.3,,,0
Chocolate chip protein cooke,,Unknown,Biscuits & cakes,,4,200.0,,,,12.0,,10,0
Orange juice,,Unknown,Soft drinks & juice,,,48.0,10.4,,0.2,0.6,,,0
Peanut Butter Crunchy - No added Salt,Coles,Supermarket own brand,Spreads,D,3,,4.6,0.03,7.6,28.6,,,0
Chocolate mini cupcakes,Coles,Supermarket own brand,Biscuits & cakes,D,4,377.0,46.3,0.17,4.5,4.1,5.1,11,0
Corn Kernels,Coles,Supermarket own brand,"Pasta, rice & grains",A,3,,4.6,0.4,0.0,2.6,,,0
Chicken curry foodland,,Unknown,Meat & seafood,,,,2.1,,,2.6,,,0
Sushi rice,Pandaroo,Name brand,"Pasta, rice & grains",B,,333.0,0.0,0.0,0.0,6.6,,,0
Light Milk,Devondale,Name brand,Milk & alternatives,B,,50.0,4.0,0.11,1.4,3.2,,,0
Sour cream and onion deli style crackers,Red rock deli,Name brand,Chips & salty snacks,C,,460.0,6.4,1.6,1.6,9.2,4.4,,0
Apple Blackcurrant juice,Golden Circle,Name brand,Soft drinks & juice,C,,46.0,8.5,0.0,0.0,0.3,,,0
Mild Danish Salami,Roar,Name brand,Cheese,E,,481.0,2.0,21.43,17.0,24.0,,,0
lunch plates,Hans,Name brand,Cheese,E,,278.0,28.2,1.63,8.5,14.7,,,0
SA full cream milk,Pauls,Name brand,Milk & alternatives,B,1,64.0,4.9,0.1,2.2,3.4,,,0
Tuna and Crackers,Select,Name brand,Meat & seafood,,,179.0,4.6,,2.7,12.9,1.2,,0
Thai green curry noodles,Sum in,Name brand,"Pasta, rice & grains",,,,,,1200.0,780.0,100.0,,0
Frozen yoghurt Aussie Mangi,Twisted,Name brand,Ice cream & desserts,,,66.0,8.3,,0.9,1.7,0.0,,0
Creamy Caesar Dressing,Birch & Waite,Name brand,Sauces & condiments,D,,385.0,1.2,1.69,4.0,3.2,,,0
Balsamic Vinaigrette,Birch & Waite,Name brand,Sauces & condiments,E,,366.0,10.0,2.85,3.2,0.4,,,0
Simply nuts peanut butter,Bega,Name brand,Spreads,,,605.0,5.3,,6.1,27.7,,,0
Cooked prawns,Just Caught,Name brand,Meat & seafood,C,,353.0,1.0,1.1,1.0,18.6,,,0
Australian tasty cheese,Woolworths,Supermarket own brand,Cheese,D,,396.0,0.4,1.63,21.6,25.6,,,0
Stackers Chicken Breast,Primo,Name brand,Cheese,D,,274.0,2.2,1.79,9.1,18.2,,,0
Mild salami cheddar cheese & crackers,Primo,Name brand,Chips & salty snacks,E,,392.0,1.0,2.72,13.1,20.1,,,0
Crunchy munch,Munchables,Name brand,Cheese,,,205.0,6.9,,14.5,14.7,,,0
Apple cider vinegar,Cornwell's,Name brand,Sauces & condiments,,2,,,,,,,,0
Real Coffee Ice Break Extra Shot,Parmalat,Name brand,Milk & alternatives,E,4,71.0,9.6,0.4,1.1,3.7,0.0,,0
Toffee Nut Latte,Dare,Name brand,Milk & alternatives,B,,81.0,8.7,0.11,2.4,3.4,0.0,,0
Dare espresso,Dare,Name brand,Milk & alternatives,B,,64.0,4.9,0.1,2.2,3.4,0.0,,0
Oak Plus Banana and Honey,Oak,Name brand,Milk & alternatives,,4,,,,,,,4,0
Chocolate flavoured Milk 250ml,Pauls,Name brand,Milk & alternatives,A,,56.0,7.0,0.12,0.8,3.8,,,0
Traditional Mayonnaise,Praise,Name brand,Sauces & condiments,E,,550.0,9.0,1.44,7.0,5.0,,,0
Mayonnaise,Heinz,Name brand,Sauces & condiments,E,,607.0,2.8,1.8,5.6,1.2,,,0
Mayonnaise,Heinz,Name brand,Sauces & condiments,E,,640.0,2.8,1.65,6.0,1.6,,,0
messina,Messina,Name brand,Ice cream & desserts,E,,381.0,29.9,0.41,13.8,4.3,,,0
Magnum  golf caramelised,Magnum,Name brand,Ice cream & desserts,,,270.0,22.0,,11.4,3.0,,,0
Rich chocolate,Twisted,Name brand,Ice cream & desserts,D,,199.0,1.1,0.19,12.5,6.6,,,0
Mint Choc Crunch,Woolworths,Supermarket own brand,Ice cream & desserts,,,328.0,28.0,,13.1,4.2,,,0
Chicken poppers,Primo,Name brand,Cheese,C,,136.0,3.3,1.1,3.3,20.3,,,0
Drumstick plant based,Peters,Name brand,Ice cream & desserts,,,286.0,23.8,,10.4,2.8,,,0
Woolworths Camembert Cheese,Woolworths,Supermarket own brand,Cheese,,4,,,,,,,1,0
Burrata,La Casa,Name brand,Cheese,C,,282.0,0.7,0.12,16.6,15.1,,,0
All natural crunchy granola,Irrewarra,Name brand,Breakfast cereals,E,,496.0,21.0,1.4,4.0,11.0,,,0
Forest fruits jam,Ixl,Name brand,Spreads,,,19.0,32.3,,1.0,0.5,,,0
Oreo wafer sticks milk chocolate,Oreo,Name brand,Biscuits & cakes,E,,523.0,39.8,0.23,15.6,7.8,,,0
Honey,Capilano,Name brand,Spreads,,2,,0.0,,0.0,,,,0
Cream cheese,Moondarra,Name brand,Cheese,,,346.0,12.3,,19.0,6.6,,,0
Pita crisps,Okinawa bake house,Name brand,Chips & salty snacks,A,,316.0,2.0,1.25,1.5,10.0,8.0,,0
Seed grains crispbread,Woolworths,Supermarket own brand,Chips & salty snacks,C,,470.0,1.6,1.32,2.9,16.4,15.5,,0
Wafer crackers,Olina's,Name brand,Chips & salty snacks,D,,397.0,2.0,1.68,2.0,10.0,,,0
Gormet crackers - aged cheddar and caramalised onion,Red Rock Deli,Name brand,Chips & salty snacks,,,470.0,9.2,,3.6,11.2,,,0
Magnum white chocolate ice cream,Magnum,Name brand,Ice cream & desserts,E,,329.0,30.8,0.13,12.4,3.8,,,0
Caramello icecream,Cadbury,Name brand,Ice cream & desserts,D,,221.0,28.5,0.23,6.2,1.9,,,0
Burnt Butter and Caramel Sauce,Hinterland,Name brand,Ice cream & desserts,,,223.0,23.2,,8.3,3.5,,,0
Cheddar and parmesan crackers,Red Rock Deli,Name brand,Chips & salty snacks,D,,459.0,5.6,1.65,1.6,9.2,,,0
Speciality Crackers Fig & Pecan,Ob Finest,Name brand,Chips & salty snacks,E,,435.0,24.0,1.98,2.0,10.7,,,0
,Fantastic,Name brand,Chips & salty snacks,,4,,,,,,,5,0
Hot Salami + Mozzarella,San Marino,Name brand,Meat & seafood,E,,296.0,0.8,1.94,12.8,23.2,,,0
Oak Chocolate,Oak,Name brand,Milk & alternatives,C,,90.0,10.6,0.12,2.2,3.5,,,0
Colombia cold brew,Hunt & brew,Name brand,Milk & alternatives,,,178.0,6.4,,,9.6,,,0
red kidney bean with chilli and olive oil,Edgell,Name brand,"Fruit, veg & legumes",A,,187.0,0.9,0.64,1.6,6.9,,,0
4 Cheese Melt,Perfect Italiano,Name brand,Cheese,D,,328.0,0.4,1.59,16.0,26.0,,,0
Mighty pops,Fropro,Name brand,Ice cream & desserts,A,,131.0,6.4,0.13,2.2,10.0,,,0
Nutri-Grain peanut bautter crunch,Kellogg's,Name brand,Breakfast cereals,C,,400.0,23.5,0.68,1.0,20.8,5.2,,0
Peanut butter,Sanitarium,Name brand,Spreads,D,,623.0,9.5,1.18,9.5,25.9,5.9,,0
Bean Sprouts,Parilla Fresh,Name brand,"Fruit, veg & legumes",A,1,,0.0,0.05,0.0,2.0,2.0,,0
Wholemeal Raisin Toast,Tip Top Bakery,Name brand,Bread,C,4,,18.1,0.75,0.6,10.7,,,0
Smooth Peanut Butter 500G,Kraft,Name brand,Spreads,,,619.0,8.5,,10.3,23.8,,,0
Extra Bolognese Pasta Sauce,Dolmio,Name brand,Sauces & condiments,C,,50.0,5.9,0.76,0.1,1.7,,,0
Coles Australian Vintage Cheddar Slices,Coles,Supermarket own brand,Cheese,D,,,1.0,1.55,21.4,26.6,,,0
Kit Kat Milk Choc Chunk Cookie,Nestle,Name brand,Muesli & protein bars,E,,526.0,50.7,0.24,16.1,7.2,,,0
Dolmio Classic Tomato Pasta Sauce,Dolmio,Name brand,Sauces & condiments,A,4,,,,,,,,0
Rocky road mallows,Woolworths Select,Supermarket own brand,Confectionery,E,4,455.0,53.6,0.23,10.2,4.7,,9,0
Persian fetta,Yarra valley cheese,Name brand,Cheese,D,,304.0,7.2,1.05,14.4,16.0,,,0
Woolworths Lightly Salted Popcorn,Woolworths,Supermarket own brand,Chips & salty snacks,B,,467.0,1.0,0.35,1.9,10.9,,,0
Mission Protein Wraps Wholemeal,Philadelphia,Name brand,Cheese,C,3,239.0,2.8,0.38,15.3,6.1,,,0
Weis mango & ice cream bar,Wies,Name brand,Ice cream & desserts,C,4,140.0,22.2,0.05,3.2,1.2,,,0
Ultra chocolate icecream,Sara Lee,Name brand,Ice cream & desserts,D,4,226.0,21.0,0.11,9.4,3.9,,4,0
Sardines In Olive Oil,King Oscar,Name brand,Meat & seafood,,,225.0,0.0,,4.0,16.3,0.0,,0
Smoked tassie salmon,Tassal,Name brand,Meat & seafood,E,4,209.0,1.0,2.83,12.7,11.8,,2,0
Camembert,South Cape,Name brand,Cheese,C,,303.0,1.0,0.6,16.0,19.0,,,0
Italian diced tomatoes,SoleNatura,Name brand,"Fruit, veg & legumes",A,1,19.0,3.0,0.1,0.0,1.1,,1,0
Peanuts smoky BBQ,Nobby,Name brand,"Fruit, veg & legumes",B,,610.0,5.3,0.42,8.4,26.9,9.1,,0
Mini Brie,,Unknown,Cheese,D,,299.0,4.0,1.5,15.2,20.0,,,0
Pauls Trim Milk,Pauls,Name brand,Milk & alternatives,A,1,,4.9,0.1,0.8,3.4,,,0
Nougat Milk Chocolate Easter Egg,Darrell Lea,Name brand,Confectionery,E,4,,53.9,0.29,11.0,3.9,,4,0
Italian Basil Pesto,Sandhurst,Name brand,Sauces & condiments,E,4,,2.0,2.79,6.8,5.4,,,0
wild rice,About life,Name brand,"Pasta, rice & grains",D,,,1.0,5.0,1.0,10.6,,,0
Organic Tartar Sauce,Chefs' choice,Name brand,Sauces & condiments,E,4,664.0,1.0,0.95,8.1,1.5,,,0
Light Crunchy Peanut Spread,Kraft,Name brand,Spreads,,4,,,,,,,1,0
Sydney City Oysters Fresh Sydney Rock Oysters,Sydney city Oysters,Name brand,Meat & seafood,A,1,,0.1,0.8,0.9,12.2,,,0
Moroccan Pumpkin Soup,The Whole Food Kitchen,Name brand,Ready meals,A,3,,5.0,0.25,0.2,2.0,,,0
Chicken & Mushroom Dumplings,One + One,Name brand,Meat & seafood,C,4,,0.9,0.99,3.8,11.5,,1,0
Australian Figs Premium Selection,Aldi,Supermarket own brand,"Fruit, veg & legumes",A,1,,,,,,,,0
Premium Apple & Peach Juice,Mountain Fresh Fruit Juices,Name brand,Soft drinks & juice,,,,10.5,0.01,,0.2,1.0,1,0
Light 'n Tasty,Coon,Name brand,Cheese,,3,,,,,,,,0
Pantalica Cheese Co Mascarpone,Pantalica Cheese Co,Name brand,Cheese,D,3,,3.4,0.09,22.1,6.0,0.0,1,0
Fad Free Tuna Spicy Chilli,Safcol,Name brand,Meat & seafood,C,4,,9.0,1.91,1.0,15.2,,1,0
Deli Selection Chorizo,Hans,Name brand,Meat & seafood,E,4,,1.0,4.39,10.5,21.8,,3,0
The Decadent chocolate Chip Cookie,Australias Choice,Name brand,Biscuits & cakes,E,4,,32.1,0.8,16.7,6.0,,3,0
Chinese Hot and Sour Instant Noodle Soup,Asian Home Gourmet,Name brand,"Pasta, rice & grains",,4,,4.6,1.45,0.1,1.6,,1,0
baked beans cheesy tomato,heinz,Name brand,Ready meals,A,,,4.1,0.81,0.3,5.3,5.3,,0
Woolworths Select Green Asparagus Spears,Woolworths Select,Supermarket own brand,"Fruit, veg & legumes",A,3,,1.5,0.61,0.0,1.9,3.9,,0
Homebrand Water Chestnuts,Homebrand,Supermarket own brand,"Fruit, veg & legumes",A,1,,1.4,0.01,0.1,0.7,1.3,1,0
Champignons,Riviana,Name brand,"Fruit, veg & legumes",A,,31.0,0.6,0.62,0.2,3.0,,,0
Coles Whole Champignons,Coles,Supermarket own brand,"Fruit, veg & legumes",A,3,,1.0,0.56,0.1,2.8,,1,0
Cheerios,Uncle Tobys,Name brand,Breakfast cereals,B,4,387.0,1.0,0.29,0.7,8.2,,3,0
Wild Tides Sweet Chilli tuna,,Unknown,Meat & seafood,C,,138.0,6.2,1.05,1.1,3.6,1.1,,0
organic raw muesli with coconut,macro wholefoods market,Supermarket own brand,Breakfast cereals,C,1,,18.0,0.01,5.5,11.8,8.6,,0
Hot BBQ sauce,,Unknown,Sauces & condiments,E,,251.0,58.0,1.93,0.0,1.0,,,0
Chicken Flavoured Instant Noodles,,Unknown,"Pasta, rice & grains",,,81.0,0.5,0.72,1.7,1.7,,,0
Fruitier & Nuttier Dark Chocolate,Darrell Lea,Name brand,Confectionery,E,,486.0,49.1,0.03,14.8,5.9,,,0
Rice bubbles,Kellogg's,Name brand,Breakfast cereals,C,3,389.0,8.6,1.05,1.1,7.4,,,0
Bocconcini,,Unknown,Cheese,C,,204.0,0.7,0.41,10.3,17.7,,,0
Full cream milk,,Unknown,Milk & alternatives,B,,63.0,5.0,0.1,2.2,3.1,,,0
whole red lentils,,Unknown,"Fruit, veg & legumes",A,1,,,,,,,,0
Prawn Gyoza,,Unknown,Ready meals,,3,,,,,,,,0
G / Circ Nectar Banana Mango,Golden Circle,Name brand,Soft drinks & juice,E,,265.0,14.0,1.0,0.0,0.1,,,0
Dark cacao,,Unknown,Confectionery,D,,550.0,20.8,0.5,5.3,11.7,,,0
Arnott's Tiny Teddy Variety,Arnotts,Name brand,Biscuits & cakes,,4,,,,,,,,0
Yo Pro 22 Gram Protein Bottle Yoghurt,Danone,Name brand,Yoghurt,,,60.0,4.0,,0.4,8.7,0.0,,0
Thick & creamy dark cherry yogurt,Dairy Famers,Name brand,Yoghurt,C,4,127.0,13.4,0.12,4.1,3.8,,2,0
Tasty light cheese and crackers,Mainland,Name brand,Chips & salty snacks,,,,1.0,1.61,12.4,,,,0
whole milk,Aussie farmers direct,Name brand,Milk & alternatives,,,,,,,,,,0
Salted Caramel And Dark Choc Chip Cookies,The Happy Cookie Co,Name brand,Biscuits & cakes,,,486.0,41.0,,11.2,3.8,0.0,,0
"Rice Crackers, Smokey BBQ",Tribe Organics,Name brand,Chips & salty snacks,,,382.0,2.6,,0.8,6.6,1.5,,0
Cocoa + coconut granola,,Unknown,Breakfast cereals,C,,384.0,12.9,0.13,4.3,9.4,,,0
Greek Style Yoghurt Strawberry & Blueberry,Tamar Valley Dairy,Name brand,Yoghurt,C,4,,16.0,0.15,2.9,5.2,,1,0
Hommus Chips,Wholesome Food Company,Name brand,Chips & salty snacks,D,,,1.3,1.96,4.1,11.9,,,0
Salmon fillets,By George,Name brand,Meat & seafood,,,199.0,1.0,,2.0,19.0,,,0
Coles Ground Cardamom,Coles,Supermarket own brand,Sauces & condiments,,1,,,,,,,,0
Bon appetit Greek Yoghurt,Bon Appetit,Name brand,Yoghurt,,4,,,,,,,4,0
Vintage Light Cheddar,Cracker Barrel,Name brand,Cheese,,,,0.0,1.83,15.2,,,,0
Brazil nuts,,Unknown,"Fruit, veg & legumes",,,662.0,3.3,,15.0,14.3,0.0,,0
Unsalted organic butter,,Unknown,Spreads,E,2,,0.0,0.01,53.8,1.1,,,0
Unsalted butter,,Unknown,Spreads,E,2,,1.0,0.03,56.4,1.0,,,0
Salted butter,,Unknown,Spreads,E,2,736.0,10.0,1.07,62.0,10.0,0.0,,0
Salted Butter,,Unknown,Spreads,E,2,731.0,0.0,1.3,56.0,0.0,,,0
Pine Nut,,Unknown,"Fruit, veg & legumes",,,700.0,3.4,,4.2,13.0,5.1,,0
Pine nuts,,Unknown,"Fruit, veg & legumes",,,720.0,3.7,,5.0,13.7,3.7,,0
Pink Lady Apple Juice,Preshafruit,Name brand,Soft drinks & juice,,,38.0,,,,0.1,,,0
Natural Australian Almond Kernels,,Unknown,"Fruit, veg & legumes",,,600.0,4.0,,3.0,19.0,,,0
Almonds,Macro,Supermarket own brand,"Fruit, veg & legumes",,,599.0,4.7,,7.0,19.3,,,0
Finest 7 Seed and Grain Vienna,Coles,Supermarket own brand,Bread,,3,268.0,,,,10.7,,,0
No Sugar Added Greek Yogurt - Mango Passion Fruit,Chobani,Name brand,Yoghurt,A,,79.0,3.9,0.09,2.0,7.1,0.5,,0
choc pops,Coles,Supermarket own brand,Ice cream & desserts,C,,175.0,18.7,0.13,2.7,3.7,,,0
Choc Coated Sticks,Coles,Supermarket own brand,Ice cream & desserts,E,4,253.0,23.0,0.14,10.3,2.9,1.4,6,0
woolworths beef mince,Woolworths,Supermarket own brand,Meat & seafood,C,4,207.0,0.9,0.11,8.2,14.5,,1,0
Salad dressing (lemon and Tumeric),,Unknown,Sauces & condiments,D,,393.0,2.0,0.45,6.7,0.0,0.0,,0
Smoked Barbecue Sauce,Masterfoods,Name brand,Sauces & condiments,E,,239.0,49.3,2.6,0.7,0.7,,,0
Coleslaw,Woolworths,Supermarket own brand,Chips & salty snacks,B,,31.0,3.8,0.07,1.0,1.6,1.9,,0
Beetroot and Feta Salad,Woolworths,Supermarket own brand,Ready meals,C,,148.0,9.8,0.83,2.4,5.5,2.0,,0
South Australian Lite Milk (1 Litre),Foodland,Name brand,Milk & alternatives,B,,45.0,4.6,0.11,0.9,3.5,,,0
Oat Milk Unsweetened,Vitasoy,Name brand,Milk & alternatives,C,4,48.0,1.1,0.12,0.3,0.6,0.9,2,0
Potato Chips,,Unknown,Chips & salty snacks,C,,486.0,2.1,0.66,1.8,8.2,3.6,,0
Thin Salt & Balsamic Vinegar Flavoured Rice Cakes,SunRice,Name brand,"Pasta, rice & grains",C,4,394.0,1.9,1.25,1.1,7.1,3.7,2,0
Bubble O’Bill,Streets,Name brand,Ice cream & desserts,D,,240.0,25.4,0.19,7.9,3.4,,,0
Souvlaki bread,Mission,Name brand,Bread,D,,323.0,6.1,2.29,2.5,9.5,2.7,,0
YoPRO PERFORM Mango Passionfruit,Danone,Name brand,Yoghurt,A,,69.0,3.6,0.13,0.4,11.5,,,0
Roasted & salted almonds,Woolworths,Supermarket own brand,"Fruit, veg & legumes",A,,637.0,4.3,0.38,4.7,21.3,10.4,,0
Dry roasted almonds,,Unknown,"Fruit, veg & legumes",B,,,4.8,0.01,3.6,26.2,,,0
Garlic Crackers,Coles,Supermarket own brand,Chips & salty snacks,E,4,479.0,4.9,980.0,1.6,9.2,2.4,,0
Wicked Rice Pudding,Wicked Sister,Name brand,Ice cream & desserts,C,,151.0,14.0,0.06,3.8,2.8,,,0
Salted pistachios,,Unknown,Chips & salty snacks,C,,,6.3,1.6,5.5,21.1,,,0
O/E pado Jumbo Tortillas 6pks,Old El Paso,Name brand,Bread,D,,325.0,1.6,1.49,1.5,8.0,2.0,,0
Grated Parmesan Style Cheese,Coles Smart Buy,Supermarket own brand,Cheese,E,3,460.0,0.0,7.35,25.0,28.0,,,0
Sweet chilli chicken tenders,Ingham's,Name brand,Meat & seafood,C,,226.0,2.9,1.02,1.9,12.6,,,0
Free from gluten vanilla cake mix,Woolworths,Supermarket own brand,Biscuits & cakes,E,4,386.0,55.8,1.33,1.0,2.6,,4,0
Hokkien Noodles,Mr Chen's,Name brand,"Pasta, rice & grains",A,,123.0,0.5,0.13,0.5,3.8,,,0
Chicken wing nibbles,Steggles,Name brand,Meat & seafood,D,,252.0,1.0,1.8,3.8,17.8,1.0,,0
Peas,McCain,Name brand,"Fruit, veg & legumes",A,,85.0,6.0,0.0,0.2,5.5,5.0,,0
Camembert,Tasmanian Heritage,Name brand,Cheese,D,,342.0,2.0,1.33,21.2,20.0,,,0
"Almond, Honey & Dark Chocolate Toasted Muesli",Sunsol,Name brand,Breakfast cereals,C,4,464.0,16.6,0.04,4.0,11.0,9.2,1,0
Brazil nuts raw,Woolworths,Supermarket own brand,"Fruit, veg & legumes",B,,691.0,2.1,0.01,14.8,14.4,8.5,,0
Dream White Christmas,Cadbury,Name brand,Confectionery,E,,533.0,50.8,0.26,16.0,7.2,,,0
Vanilla Malt Cereal,Nutrigrain,Name brand,Breakfast cereals,C,4,380.0,17.8,0.75,0.5,20.2,8.2,2,0
Light sandwich slices,Coles,Supermarket own brand,Cheese,E,,231.0,4.8,3.07,11.0,18.6,4.8,,0
Obento Teriyaki Marinade,Obento,Name brand,Sauces & condiments,E,4,192.0,36.8,11.0,0.4,8.0,,3,0
Seaweed Rice Crackers,Sakata,Name brand,Chips & salty snacks,D,,386.0,4.4,2.15,0.4,8.8,0.8,,0
Butter chicken with rice,Woolworths,Supermarket own brand,Meat & seafood,B,,129.0,1.8,0.39,1.7,4.8,0.9,,0
beef ravioli,,Unknown,Ready meals,C,4,84.0,1.4,0.49,1.1,3.4,,3,0
Roasted Garlic Chicken Tenerloins,Woolworths,Supermarket own brand,Meat & seafood,B,,203.0,4.3,0.91,0.7,13.6,,,0
MASCARPONE,Coles,Supermarket own brand,Cheese,D,,421.0,2.7,0.06,31.7,1.9,,,0
Choc Coated Classic Sticks,Woolworths,Supermarket own brand,Ice cream & desserts,E,,251.0,23.0,0.14,10.3,2.9,,,0
Crunch Multi Falvoured Ice Cream Sticks 8 pack,Bulla,Name brand,Ice cream & desserts,E,4,299.0,24.8,0.0,16.3,2.7,0.0,8,0
Tiptop bakery hamburger rolls,Tip Top,Name brand,Bread,B,,275.0,4.2,0.93,0.7,9.9,4.5,,0
Power Blend Prebiotic Pine Orange,V8,Name brand,Soft drinks & juice,C,,53.0,9.9,0.12,0.1,0.5,,,0
Kit caesar salad,Woolworths,Supermarket own brand,Ready meals,C,,137.0,2.9,0.93,1.9,4.8,1.1,,0
Diana chans honey soy chicken dumplings,Golden Wok,Name brand,Ready meals,C,,183.0,5.4,1.4,0.4,7.7,,,0
Freckles,Nestlé,Name brand,Confectionery,E,,478.0,67.5,0.21,16.0,5.0,,,0
BBQ chicken and bacon pizza,Coles,Supermarket own brand,Ready meals,D,4,244.0,5.9,1.23,3.8,12.6,3.0,11,0
Roasted Pumpkin Soup,LaZuppa,Name brand,Ready meals,C,,34.0,4.4,0.69,0.1,0.6,,,0
Chicken nuggets,BLACK & GOLD,Supermarket own brand,Meat & seafood,D,,272.0,4.8,1.55,2.9,11.1,,,0
Australian Nut Mix,Woolworths,Supermarket own brand,"Fruit, veg & legumes",C,,673.0,4.0,0.04,5.7,14.7,8.7,,0
Full cream milk,Canberra Milk,Name brand,Milk & alternatives,C,,62.0,4.4,0.11,2.3,3.4,,,0
Tzatziki Dip,,Unknown,Sauces & condiments,E,,398.0,8.8,1.76,21.6,12.0,,,0
Milk chocolate chunk cookie mix,Betty Crocker,Name brand,Biscuits & cakes,E,,459.0,38.3,0.54,12.4,6.2,1.7,,0
Tasty Shredded Cheese,Hillview,Name brand,Cheese,D,,392.0,0.4,1.71,22.4,23.2,,,0
neapolitan ice cream 4 litres,Coles,Supermarket own brand,Ice cream & desserts,D,,198.0,22.1,0.19,4.9,3.5,1.2,,0
Brown Rice,Sun Rice,Name brand,"Pasta, rice & grains",B,,355.0,0.7,0.01,0.7,8.1,3.4,,0
Tasty Cheese,,Unknown,Cheese,D,,404.0,4.0,1.63,21.6,26.0,,,0
Cara more,Health Lab,Name brand,Confectionery,E,4,511.0,27.5,0.27,20.0,5.8,,1,0
Cadbury Dairy Milk Vanilla with Choc Seirld Ice Cream,Cadbury,Name brand,Ice cream & desserts,E,,375.0,28.6,0.16,18.3,4.4,,,0
Potato Salad,Coles Kitchen,Supermarket own brand,Ready meals,C,4,116.0,3.1,0.71,1.0,1.1,1.8,4,0
Vegan aioli,Heinz,Name brand,Sauces & condiments,E,4,679.0,5.6,1.85,4.8,0.4,,3,0
CAD Moro bar 50g,Cadbury,Name brand,Muesli & protein bars,E,4,443.0,55.8,0.67,9.4,3.2,,6,0
Whole egg mayo with kombucha,Made With Kombucha,Name brand,Sauces & condiments,E,,,3.3,1.02,6.3,1.4,,,0
Pumpkin & Sweet Potato Soupe,Continental,Name brand,Ready meals,B,,39.0,2.4,0.27,0.4,0.7,,,0
Pulled Chicken,Primo,Name brand,Meat & seafood,B,4,133.0,1.5,1.29,1.5,24.2,,6,0
3 Cheese Blend,Devondale,Name brand,Cheese,C,4,359.0,1.0,0.64,19.8,25.3,,3,0
25% less sugar Snakes,The Natural Confectionery Co,Name brand,Confectionery,D,4,334.0,31.2,0.08,4.0,4.0,4.8,5,0
boysenberry twist yogurt,Gippsland,Name brand,Yoghurt,C,,149.0,16.7,0.15,3.9,5.9,,,0
Prunes,Angas Park,Name brand,"Fruit, veg & legumes",A,,189.0,31.0,0.01,0.2,2.8,6.6,,0
Chicken & Vegetable Soup,LaZuppa,Name brand,Ready meals,B,,42.0,1.5,0.62,0.1,3.1,1.6,,0
Rainbow paddle pop,Streets,Name brand,Ice cream & desserts,C,4,134.0,17.4,0.2,2.8,1.8,,11,0
Sumeet’s InTalian Simmer Sauce,MasterChef Australia,Name brand,Sauces & condiments,E,3,113.0,10.1,3.46,1.0,2.5,,,0
Clusters,Arnold's Farm,Name brand,Breakfast cereals,D,,422.0,15.1,0.05,3.7,10.5,,,0
Master food Mild English Mustard,Masterfoods,Name brand,Sauces & condiments,E,3,110.0,2.0,3.8,2.0,4.0,,,0
Herb and parmesan baked chicken breast,Food 4 fitness,Name brand,Meat & seafood,A,,118.0,2.7,0.15,2.3,13.9,,,0
Vanilla Bean Yoghurt,Five:am Organic,Name brand,Yoghurt,C,4,,10.4,0.16,3.4,4.5,,1,0
Choc mallow bites,Pascall,Name brand,Confectionery,E,4,426.0,56.4,0.2,12.4,4.0,,5,0
Chicken schnitz,Free from gluten,Name brand,Meat & seafood,A,1,187.0,1.0,,1.2,12.3,1.3,,0
Garlic chicken breast kiev,,Unknown,Meat & seafood,D,,214.0,2.3,1.39,6.0,13.9,1.0,,0
Chicken Breast Kiev (With Garlic Butter & a Sourdough Mix),Ingham's,Name brand,Meat & seafood,D,,,4.6,0.95,4.9,14.3,,,0
Jelly Fruits,,Unknown,Confectionery,B,,51.0,10.0,0.19,0.0,0.0,,,0
Milk chocolate raspberry bullets,,Unknown,Confectionery,E,,424.0,44.0,0.23,8.8,2.0,,,0
Honey,Beechworth,Name brand,Spreads,C,2,94.0,23.0,0.01,0.0,0.1,,,0
Salted Caramel plant based,Pana Organic,Name brand,Milk & alternatives,E,,340.0,24.3,0.27,18.6,1.1,,,0
Oat slice,Carman's,Name brand,Muesli & protein bars,E,4,445.0,27.1,0.35,16.3,6.9,6.3,3,0
Cont Creamy bacon carbonara,Continental,Name brand,Ready meals,D,,379.0,6.0,2.27,1.4,10.9,2.3,,0
Cont Alfredo 85g,Continental,Name brand,Ready meals,C,4,109.0,3.6,0.5,0.9,4.1,0.5,5,0
panko crumbs,Coles,Supermarket own brand,Bread,A,3,,4.2,0.36,1.0,14.0,3.8,1,0
,Coles,Supermarket own brand,Confectionery,C,,,17.6,0.09,1.0,1.0,1.3,,0
Coconut flavour m&m’s,,Unknown,Confectionery,E,,430.0,63.2,0.17,7.2,5.2,,,0
Tim Tam Jatz,Arnott's,Name brand,Biscuits & cakes,E,,524.0,41.5,1.39,15.3,4.9,1.6,,0
Comm co Taco Seasoning 35g,,Unknown,Sauces & condiments,E,,335.0,31.4,16.57,2.9,5.7,,,0
KitKat Cookie Collision,Nestle,Name brand,Muesli & protein bars,E,4,531.0,50.2,0.22,16.0,7.1,0.0,1,0
No Sugar Added Greek Yoghurt Apple Cinnamon,Chobani,Name brand,Yoghurt,A,4,80.0,3.4,0.07,2.2,7.0,0.1,2,0
Honey and soy stir-fry sauce,Passage to Asia,Name brand,Sauces & condiments,D,4,95.0,16.3,2.15,0.1,1.4,,3,0
Beef Ragù Pappardelle,On the menu,Name brand,Ready meals,C,4,110.0,2.0,0.72,1.3,4.6,,1,0
Life saver Fruit Pastilles,Life Savers,Name brand,Confectionery,D,4,306.0,40.6,0.06,0.1,1.0,,6,0
Guacamole,Obela,Name brand,Spreads,D,,168.0,5.0,1.25,5.0,5.0,,,0
Cottage Pie,,Unknown,Ready meals,D,,584.0,2.1,0.62,4.0,5.2,,,0
Cottage pie,Coles,Supermarket own brand,Ready meals,C,,116.0,1.9,0.55,3.0,6.9,1.9,,0
Butter chicken,Youfoodz,Name brand,Meat & seafood,D,,180.0,2.7,1.04,4.7,8.2,1.1,,0
RR HONEY SOY CHICKEN 90g,Red Rock Deli,Name brand,Chips & salty snacks,D,,490.0,5.4,0.52,2.8,7.7,,,0
CAD CHOMP BAR CRML WAFER 30GM,Cadbury,Name brand,Muesli & protein bars,E,,483.0,60.3,0.2,15.3,2.1,,,0
Quick Sachets Protein Berry,Uncle Tobys,Name brand,Breakfast cereals,A,4,384.0,18.7,0.08,1.1,25.0,5.7,,0
Large pasta shells,Woolworths,Supermarket own brand,"Pasta, rice & grains",A,,360.0,3.0,0.01,0.4,13.0,3.8,,0
Blue Gum Pure Honey,Gumeracha,Name brand,Spreads,E,2,338.0,82.1,0.14,0.0,0.3,,,0
Tasty Cheddar,,Unknown,Cheese,D,,413.0,0.0,1.83,21.4,22.6,,,0
Tasty Cheddar shredded,,Unknown,Cheese,C,,421.0,1.0,0.41,8.5,25.4,,,0
Chinese barbecue,,Unknown,Sauces & condiments,C,,31.0,5.1,0.58,0.0,0.4,,,0
Vegan BBQ extra thick coconut amino sauce,,Unknown,Sauces & condiments,E,,117.0,21.6,4.23,0.0,1.0,0.0,,0
Slices Peanut Caramel,Cadbury,Name brand,Confectionery,E,,555.0,47.2,0.23,18.8,7.6,,,0
Caesar salad kit,Coles,Supermarket own brand,Ready meals,C,,133.0,2.2,0.99,2.6,5.0,1.1,,0
Mango Yoghurt,,Unknown,Yoghurt,C,4,119.0,13.7,0.15,3.1,5.2,,4,0
Tuna & crackers snack pack Mayonnaise and Corn,Woolworths,Supermarket own brand,Meat & seafood,B,,154.0,4.1,0.92,2.3,14.3,,,0
Atlantic salmon,,Unknown,Meat & seafood,B,,244.0,1.6,0.4,3.1,19.4,0.5,,0
Man-Size Chicken Kiev with veg and potato chunks,McCain,Name brand,Meat & seafood,C,,158.0,1.4,0.53,2.8,5.6,,,0
Turkey Bacon,Gourmet,Name brand,Meat & seafood,C,,142.0,0.4,1.48,2.4,14.7,,,0
Vermicelli,Bean thread,Name brand,"Pasta, rice & grains",C,,348.0,0.2,0.08,0.2,0.4,,,0
Pinsa romana,,Unknown,Ready meals,C,,225.0,3.7,0.98,2.2,9.8,3.5,,0
Gluten free bread,,Unknown,Bread,C,4,214.0,5.9,0.87,1.0,5.9,,1,0
Mini blue berry muffins,Woolworths,Supermarket own brand,Biscuits & cakes,E,,336.0,75.0,0.25,27.5,2.5,,,0
Kit Kat Gooey Caramel,Kit Kat,Name brand,Muesli & protein bars,E,,506.0,58.2,0.3,20.6,5.3,,,0
Pumpkin Parmigiana,Vesco,Name brand,Ready meals,C,4,126.0,1.8,0.62,1.3,3.3,2.3,5,0
Barbie dreamtopia lollipops,,Unknown,Confectionery,C,,390.0,0.0,0.0,0.0,0.0,,,0
Creamy Classics Neapolitan Ice Cream Sandwich,Bulla,Name brand,Ice cream & desserts,E,,332.0,24.6,0.55,8.3,3.9,,,0
Chicken Casserole,Coles,Supermarket own brand,Meat & seafood,C,3,104.0,1.6,0.76,3.6,5.6,1.1,1,0
Vanilla cream wafers,Coles,Supermarket own brand,Biscuits & cakes,E,4,,36.3,0.28,23.5,3.2,1.1,2,0
Chicken Tikka Masala,Coles,Supermarket own brand,Meat & seafood,C,4,132.0,6.3,0.7,3.0,10.2,1.6,1,0
white sandwich bread,Coles white sandwich,Supermarket own brand,Bread,C,4,252.0,2.8,1.0,1.5,8.5,2.7,3,0
Australian butter,Coles,Supermarket own brand,Spreads,E,2,732.0,1.0,0.63,56.5,1.0,0.0,,0
Thai Red Curry Paste,,Unknown,Sauces & condiments,E,4,167.0,2.3,5.79,1.1,2.2,,1,0
YoPro Frozen Desert Double Choc Tub,Danone,Name brand,Ice cream & desserts,B,,105.0,4.0,0.12,3.1,10.0,,,0
Tennessee Style Barbecue Sauce Jalapeño Chilli BBQ,Jack Daniel's,Name brand,Sauces & condiments,D,,134.0,24.0,1.11,5.0,5.0,,,0
Strawberry coconut yoghurt,cocobella,Name brand,Milk & alternatives,C,4,118.0,4.5,0.01,7.1,0.9,0.0,1,0
Sweet potato superfood salad,Coles,Supermarket own brand,Ready meals,C,,166.0,14.6,0.54,0.9,10.1,3.0,,0
Dairy free cookies and creme,Woolworths,Supermarket own brand,Milk & alternatives,D,,230.0,18.4,0.2,11.6,1.9,1.8,,0
Crumbed chicken nuggets,Steggles,Name brand,Meat & seafood,C,,253.0,0.9,1.05,2.8,10.8,1.4,,0
Hommus Dip,Willow Farm,Name brand,Spreads,C,,164.0,0.5,0.46,1.1,6.2,,,0
Vegan chipotle,,Unknown,Sauces & condiments,E,4,650.0,2.7,1.05,8.0,0.0,,1,0
4 plain bagels,Coles,Supermarket own brand,Bread,B,,255.0,4.2,0.84,1.0,2.8,8.0,,0
Beef Bolognese sauce with Tomato & Italian Herbs,Leggo’s,Name brand,Sauces & condiments,C,,86.0,5.0,0.92,1.5,4.4,1.3,,0
Smoked Tassie Salmon,Tassal,Name brand,Meat & seafood,D,,208.0,2.0,2.83,2.4,23.6,,,0
Cadbury,Cadbury,Name brand,Confectionery,,4,136.0,7.0,,4.9,1.9,,1,0
Heinz condensed cream of pumpkin,Heinz,Name brand,Ready meals,,3,,,,,,,,0
Crunchy Noodle Coleslaw Kit,Woolworths,Supermarket own brand,Ready meals,A,4,65.0,5.5,0.37,0.8,1.9,1.8,4,0
"Balsamic Beetroot, Feta and Cashews",Red Rock Deli,Name brand,Sauces & condiments,,3,,,,,,,3,0
Apricots,,Unknown,"Fruit, veg & legumes",C,,226.0,37.4,0.18,0.2,2.4,,,0
Premium extra lean gf beef sausages,Peppercorn,Name brand,Meat & seafood,B,4,149.0,1.5,1.13,2.9,13.4,2.0,2,0
Premuim pink gin and soda,Gordon's,Name brand,Soft drinks & juice,,4,47.0,6.1,,0.0,0.0,0.0,8,0
Grass fed hot dog,Cleaver's,Name brand,Meat & seafood,E,,272.0,0.2,2.01,11.3,14.1,,,0
Tzatziki Dip,,Unknown,Sauces & condiments,C,,138.0,7.9,0.61,5.5,5.2,,,0
Veggie pasta bake,Annabel Karmel,Name brand,Ready meals,A,3,97.0,4.3,0.0,1.4,4.7,,,0
Australian Hoki,Birds Eye,Name brand,Meat & seafood,B,,227.0,3.6,0.5,1.2,12.9,0.7,,0
"Bundaberg Lemon, Lime & Bitters",Bundaberg,Name brand,Soft drinks & juice,E,4,,11.5,0.02,0.3,0.3,,4,0
Cola,,Unknown,Soft drinks & juice,B,,3.0,0.0,0.0,0.2,0.5,,,0
lime and chilli sauce,,Unknown,Sauces & condiments,,4,,,,,,,4,0
Cadbury Turkish Delight Chocolate Eggs,Cadbury,Name brand,Confectionery,E,4,478.0,64.7,0.17,13.3,2.1,,7,0
Infusions Tassie Salmon (Smokey),Tassal,Name brand,Meat & seafood,C,,223.0,1.0,1.54,3.0,18.6,,,0
Jamaican Simmer Sauce,,Unknown,Sauces & condiments,C,,70.0,2.5,0.4,3.8,1.3,,,0
My favourite pizza,,Unknown,Ready meals,,,258.0,2.5,,3.3,,,,0
Vegan basil pesto,,Unknown,Sauces & condiments,D,,356.0,0.1,3.73,0.4,3.3,,,0
Sweet dreams gummies,,Unknown,Confectionery,C,,277.0,0.0,0.4,0.0,0.0,,,0
Spaghetti,Wattie's,Name brand,"Pasta, rice & grains",C,,69.0,5.0,0.74,0.1,2.0,,,0
Organic sriracha tomato sauce,Rosella,Name brand,Sauces & condiments,E,,147.0,26.7,2.05,6.7,6.7,,,0
Carbonara fresh,Leggos,Name brand,Sauces & condiments,,,1027.0,2.9,,4.1,4.2,,,0
Thick tangy herb burger sauce,Masterfoods,Name brand,Sauces & condiments,B,,76.0,0.8,0.47,0.6,0.3,,,0
Sliced Smoked Salmon,Ocean Blue,Name brand,Meat & seafood,D,,198.0,0.0,2.6,1.8,22.0,,,0
Egyptian Beetroot Dip,Chris',Name brand,Sauces & condiments,C,,76.0,9.0,1.0,0.5,2.0,,,0
Sparkling natural mineral water,,Unknown,Soft drinks & juice,E,,45.0,10.8,0.03,0.0,0.0,0.0,,0
,,Unknown,"Pasta, rice & grains",A,1,,0.1,0.01,0.2,6.1,4.0,,0
Atlantic Salmon Fillets - Skin On,Petuna,Name brand,Meat & seafood,A,,192.0,0.0,0.15,3.0,21.0,,,0
snickers white,Snickers,Name brand,Muesli & protein bars,E,,518.0,48.5,0.64,11.5,10.0,,,0
So delicious dairy free coco breeze,,Unknown,Milk & alternatives,C,,123.0,6.8,0.01,6.8,0.7,,,0
Natures Kitchen Vegetable Lasagne,Coles,Supermarket own brand,Ready meals,B,,71.0,2.5,0.3,0.2,2.5,,,0
Rainbow layer cake,Woolworths,Supermarket own brand,Biscuits & cakes,E,,424.0,40.8,0.41,14.0,3.4,,,0
Green peas,Golden Circle,Name brand,"Fruit, veg & legumes",A,,89.0,5.3,0.65,0.0,6.8,,,0
roast beef,Woolworths,Supermarket own brand,Meat & seafood,,4,,,,,,,4,0
L&P Lemon and Paeroa,,Unknown,Soft drinks & juice,E,4,46.0,10.9,0.02,0.0,0.0,0.0,5,0
Beef Casserole with Mash,Woolworths,Supermarket own brand,Meat & seafood,B,,90.0,1.7,0.61,1.5,5.5,1.4,,0
Peanut Butter Envy Ball,Health Lab,Name brand,"Fruit, veg & legumes",E,4,492.0,34.0,31.0,12.2,11.2,,1,0
5 Blueberry rush!,Wrigley's,Name brand,Confectionery,,4,178.0,0.0,0.0,0.0,0.0,,12,0
Eclipse Mints - Grape Flavour,,Unknown,Confectionery,C,,335.0,0.0,0.0,0.0,0.0,0.0,,0
Peppermint,Extra,Name brand,Confectionery,,,216.0,0.0,0.0,0.0,0.0,0.0,,0
Devils food cake mix gluten free,Betty Crocker,Name brand,Biscuits & cakes,,4,378.0,42.9,2.08,3.0,4.8,3.7,3,0
salt and vinegar harvest snaps,Calbee Harvest,Name brand,Chips & salty snacks,E,4,461.0,27.8,1.81,11.1,16.7,11.1,7,0
Moroccan seasoning,Masterfoods,Name brand,Sauces & condiments,B,4,0.0,0.0,0.0,0.0,0.0,,1,0
Very Mandarin,Strangelove,Name brand,Soft drinks & juice,,,16.0,3.7,,0.0,0.0,,,0
Creamy Peanut Butter,Menguy’s,Name brand,Spreads,,,629.0,8.7,,9.5,25.0,6.7,,0
Grated Mozzarella cheese,W,Name brand,Cheese,,,309.0,,,,25.0,,,0
Pink Salmon,Coles,Supermarket own brand,Meat & seafood,,,118.0,1.0,,1.4,10.6,1.0,,0
Natural macadamia,Coles,Supermarket own brand,"Fruit, veg & legumes",,,747.0,3.3,,13.0,8.7,6.7,,0
Sandwich slices smokey flavoured,Coles,Supermarket own brand,Cheese,,,332.0,,0.0,16.7,18.8,,,0
Hilo milk,Harvey Fresh,Name brand,Milk & alternatives,,,46.0,,,,3.4,,,0
Pure Harvest Oat Milk,Pure Harvest,Name brand,Milk & alternatives,,,121.0,,,0.5,3.5,0.0,,0
Fantastic Chicken and Corn Noodles,Fantastic,Name brand,"Pasta, rice & grains",,4,93.0,0.7,0.99,1.7,1.9,,,0
Milo Minis,Nestle,Name brand,Breakfast cereals,,,382.0,24.0,0.3,,8.3,,,0
Raspberries IQF,Speedy Berry,Name brand,"Fruit, veg & legumes",,,61.0,7.0,,0.1,1.2,,,0
Rough barked apple honey,,Unknown,Spreads,,2,362.0,88.0,,0.0,0.3,5.0,,0
Honey,Coles,Supermarket own brand,Spreads,,2,336.0,82.0,,0.0,0.0,,,0
Tasmanian meadow honey,,Unknown,Spreads,,2,335.0,82.1,,0.0,0.3,,,0
South Australian Pure Honey,Foodland,Name brand,Spreads,,2,335.0,81.9,0.03,,0.3,,,0
cold extracted yellow box honey,,Unknown,Spreads,,2,335.0,82.1,,0.0,3.0,,,0
Manuka honey,,Unknown,Spreads,,2,,0.0,,0.0,,,,0
Spring flora honey,,Unknown,Spreads,,2,,0.0,,0.0,,,,0
Pure raw honey,,Unknown,Spreads,,2,,0.0,,0.0,,,,0
Miel de Tasmanie,Meadow,Name brand,Spreads,,2,335.0,,,,0.3,,,0
Triple Choc Brownie,Chobani,Name brand,Yoghurt,,,136.0,15.4,,2.1,7.7,,,0
Kids Vanilla flavoured yoghurt,,Unknown,Yoghurt,,,76.0,9.0,,1.0,1.6,,,0
Classic Golden Oats Muesli Bars,Uncle Tobys,Name brand,Muesli & protein bars,B,4,,13.0,0.11,3.4,6.9,12.4,4,0
Soup Sensations Creamy Roast Chicken & Spring Onion,Continental,Name brand,Ready meals,,4,57.0,1.3,0.66,1.6,1.5,0.2,,0
Kinder bueno white,Kinder,Name brand,Muesli & protein bars,C,,464.0,8.5,0.03,3.3,1.7,,,0
Sweet Spiced Gherkin,Three Threes,Name brand,Sauces & condiments,,3,79.0,15.0,,0.0,0.0,0.0,,0
Woolworths Lasagne Sheets,Woolworths,Supermarket own brand,"Pasta, rice & grains",,,358.0,2.2,,0.8,13.2,,,0
Cheesy Tuna Melt,Devour,Name brand,Ready meals,C,,161.0,1.5,0.8,4.1,6.3,1.1,,0
Filo pastry,Pampas,Name brand,"Pasta, rice & grains",C,3,,1.7,1.75,0.6,9.1,,1,0
Caramilk Wallaby,Cadbury,Name brand,Confectionery,,,550.0,57.5,,19.2,8.3,,,0
Extra Tropical Flavour,Wrigley's,Name brand,Confectionery,,,212.0,0.0,0.01,0.0,0.0,0.0,,0
Natural Muesli,Sunsol PRO-biotic,Name brand,Breakfast cereals,,,420.0,2.5,,1.7,7.0,5.0,,0
Passionfruit Ice Cream,The Man Shake,Name brand,Ice cream & desserts,,,362.0,3.6,,4.3,53.6,12.1,,0
,gamze smokehouse,Name brand,Meat & seafood,B,3,,,,,,,1,0
Cornichons with cocktail onions,Coles,Supermarket own brand,"Fruit, veg & legumes",A,,17.0,0.0,0.84,0.0,1.2,1.5,,0
Loin steaks with smoky bbq rub,Coles,Supermarket own brand,Meat & seafood,B,,31.0,1.4,1.06,2.1,18.4,1.0,,0
Vanilla Cake with Lotus Biscoff,Woolworths,Supermarket own brand,Biscuits & cakes,E,,362.0,28.0,0.76,12.8,3.0,,,0
Coca-Cola Zero Sugar - K-Wave flavour limited edition,Coca-Cola,Name brand,Soft drinks & juice,B,4,0.0,0.0,0.0,0.0,0.0,0.0,6,0
Spirals,Vetta,Name brand,"Pasta, rice & grains",A,,356.0,3.0,0.01,0.4,12.7,,,0
Singapore style noodles,Trident,Name brand,Ready meals,,,168.0,0.6,,0.2,7.2,,,0
Honey soy stir fry,Maggi,Name brand,Sauces & condiments,,,,31.2,3.92,1.0,1.3,1.0,,0
BUNDABERG Passion Fruit Sparkling Drink Mini Cans,Bundaberg,Name brand,Soft drinks & juice,,,94.0,23.0,,1.0,1.0,,,0
Greek style Yoghurt,Woolworths,Supermarket own brand,Yoghurt,C,3,109.0,4.7,0.67,5.0,6.0,,,0
Splice pine lime,Streets,Name brand,Ice cream & desserts,,,126.0,20.2,,1.4,1.2,,,0
Hommus,Obela,Name brand,Spreads,B,3,,2.6,1.17,2.2,7.6,,2,0
Raw honey,,Unknown,Spreads,,2,239.0,58.6,,0.0,0.0,,,0
Cold pressed valencia orange,Presha Fruit,Name brand,Soft drinks & juice,,,42.0,8.3,,0.1,0.3,,,0
Brie,Woolworths,Supermarket own brand,Cheese,D,,367.0,0.0,1.37,22.8,16.4,,,0
Passionfruit sorbet,Gelativo,Name brand,Ice cream & desserts,,,123.0,26.3,,0.0,0.1,,,0
Orange Juice,Woolworths,Supermarket own brand,Soft drinks & juice,,,44.0,7.7,,0.0,0.6,0.2,,0
20 Ice Blocks,Woolworths,Supermarket own brand,Ice cream & desserts,,4,75.0,15.6,,1.3,0.4,,7,0
choc dipped milk ice sticks,Woolworths,Supermarket own brand,Ice cream & desserts,D,,172.0,18.2,0.12,5.7,3.2,,,0
Vanilla Ice Cream Cones,Peters,Name brand,Ice cream & desserts,D,,312.0,25.1,0.18,11.9,4.6,,,0
Profiterole 8pk,,Unknown,Biscuits & cakes,D,,237.0,15.2,0.48,6.1,2.3,,,0
Caramel macadamia ice cream,Denada,Name brand,Ice cream & desserts,D,,210.0,1.5,0.14,10.2,5.8,1.4,,0
Smoothie pops choc banana,Proud & Punch,Name brand,Ice cream & desserts,C,,158.0,19.5,0.05,3.7,1.8,,,0
cottage cookies,,Unknown,Biscuits & cakes,E,,493.0,32.5,0.28,13.5,5.7,3.4,,0
Pink iced donut,Balfours,Name brand,Biscuits & cakes,E,,98.0,33.1,0.79,8.6,5.8,,,0
ClassicDouble brie,Unicorn,Name brand,Cheese,D,,337.0,0.4,2.15,19.2,19.6,,,0
Magic sprinkles - lunch box bites - choc mint,123 Nourish me,Name brand,Biscuits & cakes,E,3,,24.7,0.05,30.7,7.0,,,0
Coles Green Sliced Beans,Coles,Supermarket own brand,"Fruit, veg & legumes",A,3,,2.3,0.62,1.0,0.8,,,0
Strawberry jam,,Unknown,Spreads,D,,269.0,64.0,0.13,0.0,1.3,,,0
Strawberry Jam,,Unknown,Spreads,,,265.0,60.0,,0.0,0.4,3.0,,0
Australian Snow Peas,Coles,Supermarket own brand,"Fruit, veg & legumes",A,1,,,,,,,,0
Hommus,Black Swan,Name brand,Spreads,D,,325.0,2.5,3.95,2.5,6.5,,,0
Orange C,,Unknown,Soft drinks & juice,,,31.0,7.3,,0.4,0.4,,,0
Australian Coleslaw,Coles,Supermarket own brand,Chips & salty snacks,,3,,,,,,,,0
Australian Manuka Honey,,Unknown,Spreads,,2,335.0,71.0,,1.0,0.3,,,0
Mango & Chilli Dressing,Coles,Supermarket own brand,Sauces & condiments,D,4,,,,,,,3,0
Swirl Mango Ice Cream,Coles,Supermarket own brand,Ice cream & desserts,C,4,,,,,,,10,0
Double Choc Muffin,Woolworths,Supermarket own brand,Biscuits & cakes,,4,,,,,,,9,0
Breast Fillet Crunchy Nacho,Coles,Supermarket own brand,Meat & seafood,,4,,,,,,,6,0
Grated Edam cheese,Woolworths,Supermarket own brand,Cheese,,,344.0,1.0,,16.0,26.0,,,0
Fried Onion,,Unknown,Sauces & condiments,,,198.0,1.9,,1.1,7.0,,,0
2 Premium Quiche Tasty Cheese & Bacon,Temptation Bakeries,Name brand,Cheese,D,,406.0,3.3,1.67,13.8,11.5,0.0,,0
Greek style yogurt,Chris,Name brand,Yoghurt,C,,147.0,8.5,0.17,6.5,5.5,0.0,,0
Goat Milk,Caprilac,Name brand,Milk & alternatives,,,65.0,4.1,,2.6,3.0,0.0,,0
Pickled Onion Cheddar,Mersey Valley,Name brand,Cheese,D,3,,2.4,0.71,18.7,22.1,,2,0
Cadbury Dairy Milk- Mini Eggs,Cadbury,Name brand,Confectionery,E,4,526.0,58.0,22.0,17.2,6.8,,5,0
Apple & mango juice,Woolworths,Supermarket own brand,Soft drinks & juice,E,4,47.0,9.5,10.0,0.0,0.4,,1,0
Mini Chicken soy  inhaler,Woolworths,Supermarket own brand,Meat & seafood,,,187.0,,,,15.3,,,0
Apple juice serve chilled,Golden Circle,Name brand,Soft drinks & juice,C,,50.0,11.7,0.0,0.0,0.1,,,0
Australian Dairy Extra Light,Devondale,Name brand,Milk & alternatives,A,,68.0,9.8,0.23,0.2,6.4,,,0
Oreo,Oreo,Name brand,Biscuits & cakes,E,4,486.0,37.5,1.18,11.6,4.9,,4,0
Raspberries,Macro,Supermarket own brand,"Fruit, veg & legumes",,,49.0,6.1,,1.0,1.2,5.0,,0
Soy & Ginger Tuna,Sirena,Name brand,Meat & seafood,B,,143.0,0.7,1.05,0.1,23.9,,,0
Sirena Savoury Onion Tuna,Sirena,Name brand,Meat & seafood,,,193.0,0.7,,1.1,20.0,0.0,,0
Purée & simple (apple & banana),Spc,Name brand,Ice cream & desserts,A,,65.0,13.0,0.01,0.1,0.7,,,0
Balsamic vinegar,Praise,Name brand,Sauces & condiments,,4,203.0,15.5,,5.0,0.0,,2,0
Greek style yogurt dressing,Birch & Waite,Name brand,Sauces & condiments,C,,49.0,2.0,1.46,3.3,1.9,,,0
Golden Goddess Tahini Lemon  Garlic Sauce,Birch & Waite,Name brand,Sauces & condiments,C,,81.0,2.7,1.55,2.7,1.8,,,0
Probiotic Super Peanut Butter,Mayver's,Name brand,Spreads,D,,562.0,4.0,0.61,6.5,24.0,,,0
Peach and Raspberry,Daylesford,Name brand,Spreads,,,347.0,81.3,,,0.7,,,0
Australian tasty Cheese Cubes,Woolworths,Supermarket own brand,Cheese,D,,394.0,0.5,1.63,21.8,25.5,,,0
Cheese,Norco,Name brand,Cheese,,,391.0,1.0,,22.4,26.0,,,0
Snack plates Spanish style chorizo,Hans,Name brand,Cheese,,,425.0,5.6,,14.0,20.6,,,0
Bone Active,Dairy Farmers,Name brand,Milk & alternatives,A,,55.0,6.2,0.13,0.8,4.5,,,0
A2 milk,A2,Name brand,Milk & alternatives,,,65.0,4.7,,2.4,3.3,,,0
Iced coffe,Farmers Union,Name brand,Milk & alternatives,B,,66.0,9.1,0.11,1.1,3.2,,,0
Chocolate flavoured milk,Woolworths,Supermarket own brand,Milk & alternatives,C,,80.0,8.9,0.09,2.3,3.2,,,0
heinz whole egg mayonnaise,Heinz,Name brand,Sauces & condiments,E,4,,,,,,,4,0
Fudge Choc Hazelnut Icecream,Peters,Name brand,Ice cream & desserts,E,,284.0,27.1,0.24,9.1,3.2,,,0
Maxibon,Peters,Name brand,Ice cream & desserts,E,,317.0,30.8,0.43,9.7,3.6,,,0
MAXIBON,Peters,Name brand,Ice cream & desserts,E,,332.0,28.9,0.34,10.6,4.3,,,0
Chicken dippers with bbq sauce,Primo,Name brand,Cheese,C,,171.0,18.1,1.8,1.2,14.7,,,0
MARGHERITA,McCain,Name brand,Ready meals,D,,278.0,6.0,0.88,8.0,12.8,,,0
Raspberry and Coconut bars,Weis,Name brand,Ice cream & desserts,,,184.0,24.8,,8.1,1.1,,,0
Sweet chilli cheese,Woolworths,Supermarket own brand,Cheese,,,1380.0,5.3,,20.9,8.0,,,0
Yackandandah Lemmon Butter Gluten Free,Yackandandah,Name brand,Spreads,E,4,321.0,50.8,1.5,1.3,3.1,,3,0
Messy Monkeys,Messy Monkeys,Name brand,Breakfast cereals,C,,347.0,2.9,0.43,15.8,2.9,63.0,,0
Sourdough crisps cracked pepper and thyme,Arnotts,Name brand,Chips & salty snacks,D,,495.0,1.7,1.61,5.6,7.2,3.9,,0
Barista Almond Milk,Inside Out,Name brand,Milk & alternatives,B,,48.0,1.5,0.25,0.0,2.0,,,0
Rosemary and sea salt crispbread,Woolworths,Supermarket own brand,Chips & salty snacks,B,,389.0,1.5,1.38,0.7,11.7,5.6,,0
Beetroot crispbread,Woolworths,Supermarket own brand,Chips & salty snacks,B,,391.0,5.0,0.96,1.8,14.6,12.7,,0
sunflower seed crisps,Olina's,Name brand,Chips & salty snacks,C,,564.0,1.5,0.8,4.5,17.5,16.5,,0
Farmhouse cheddar,The Natural Cracker Co.,Name brand,Chips & salty snacks,D,,206.0,5.7,1.65,6.2,6.8,,,0
Plain rice crackers,Sakata,Name brand,Chips & salty snacks,C,,415.0,0.0,1.0,0.0,6.2,0.8,,0
premiam original,Nabisco,Name brand,Chips & salty snacks,E,4,,,,,,,,0
Neapolitan ice cream,Woolworths,Supermarket own brand,Ice cream & desserts,C,,170.0,21.3,0.4,3.0,2.0,,,0
Espresso with chocolate almonds,Hinterland,Name brand,Ice cream & desserts,D,,239.0,23.1,0.16,7.8,4.1,,,0
ice cream,Streets,Name brand,Ice cream & desserts,,4,,,,,,,2,0
Paddle Pup Rainbow,Streets,Name brand,Ice cream & desserts,,,88.0,,,2.9,1.3,,,0
Sweet chili andSour cream,Red Rock Deli,Name brand,Chips & salty snacks,C,,459.0,6.8,1.61,1.6,8.8,4.4,,0
Oak Cookies and Cream,Oak,Name brand,Milk & alternatives,C,,84.0,10.1,0.12,2.1,3.3,,,0
Coconut milk yoghurt mango,Nakula,Name brand,Yoghurt,C,4,136.0,5.9,0.02,10.1,0.8,,,0
Royale Feast Jasmine Rice,Royal Feast,Name brand,"Pasta, rice & grains",,,356.0,2.0,,2.0,6.7,,,0
Turkey breast steak,Bobs,Name brand,Meat & seafood,,,101.0,,,,24.4,,,0
Honey soy chicken kebabs,Woolworths,Supermarket own brand,Meat & seafood,,,152.0,4.6,,1.6,17.5,,,0
Sultana Brand Hot Cross Buns Flavour,Kellogg's,Name brand,Breakfast cereals,C,,351.0,24.0,0.72,0.7,10.0,15.1,,0
Lavosh Snacks,Kurrajong Kitchen,Name brand,Chips & salty snacks,,,1952.0,,,,12.0,4.0,,0
Shapes Crackers Pizza,Arnott's,Name brand,Biscuits & cakes,D,,495.0,1.6,1.55,5.6,8.0,,,0
Strawberries,Freshpict,Name brand,"Fruit, veg & legumes",A,1,,,,,,,,0
strawberry donut,Woolworths,Supermarket own brand,Biscuits & cakes,,4,,,,,,,7,0
Extra Tasty Cheese,Woolworths,Supermarket own brand,Cheese,,,395.0,0.5,,21.8,25.5,0.0,,0
Curry Powder Standart,,Unknown,Sauces & condiments,,,20.0,0.5,,1.0,1.0,,,0
Ultimate Greek Black Cherry,Danone,Name brand,Yoghurt,C,4,,13.4,0.07,4.5,3.0,,2,0
"Cloudy Apple, carrot and Ginger juice",,Unknown,Soft drinks & juice,,,28.0,8.5,,0.0,0.2,0.0,,0
Five:am superfood yoghurt,,Unknown,Yoghurt,C,,114.0,11.2,0.16,3.4,4.6,,,0
Greek honey yoghurt,,Unknown,Yoghurt,C,,115.0,10.9,0.14,3.9,3.8,,,0
Greek yogurt,,Unknown,Yoghurt,A,3,91.0,9.9,0.0,1.0,7.9,,2,0
Bickfords Light Lemon Cordial,Bickfords,Name brand,Soft drinks & juice,,3,,,,,,,3,0
Himalayan Pink Crystal Rock Salt with Organic Black Pepper,Anita's Grange,Name brand,Sauces & condiments,,2,,0.2,66.75,0.1,3.2,,,0
Munch and Crunch Carrots,Sweet Baby,Name brand,"Fruit, veg & legumes",,,,,,,,,,0
Bocconcini,Bellezza Della Puglia,Name brand,Cheese,C,3,,0.6,0.79,11.8,16.5,,1,0
Creamy Pot Set Natural Set Yoghurt Greek Style,The Margaret River Dairy Company,Name brand,Yoghurt,C,3,,5.3,0.14,4.4,5.0,,,0
Chobani Yogurt,Chobani,Name brand,Yoghurt,A,4,,9.2,0.08,1.1,8.1,,4,0
Creamy yohhourt - low fat Vanilla,Jalna,Name brand,Yoghurt,C,4,105.0,14.1,0.78,1.4,5.0,,,0
Fruit Salad Chunky in Juice,Golden Circle,Name brand,"Fruit, veg & legumes",A,4,,11.8,0.03,0.0,0.5,1.1,,0
Turmeric,Hoyts,Name brand,Sauces & condiments,,1,,,,,,,,0
mixed blossom pure & natural honey,allowrie,Name brand,Spreads,D,2,,82.5,0.04,0.0,0.3,,,0
Fountain Soy & Honey Sauce,Fountain,Name brand,Sauces & condiments,D,4,,,,,,,2,0
Light 'n Tasty Berry,Sanitarium,Name brand,Breakfast cereals,B,4,,23.0,0.25,0.4,8.0,6.8,2,0
Smooth Peanut Butter,Woolworths Homebrand,Supermarket own brand,Spreads,C,4,,11.7,1.24,11.6,22.6,6.0,1,0
Minced Garlic,Woolworths Homebrand,Supermarket own brand,Sauces & condiments,B,3,,19.5,1.08,0.1,5.3,,1,0
Vegetable Samosas,Woolworths Select,Supermarket own brand,Ready meals,C,3,,4.1,1.26,4.0,5.8,,1,0
Coles Pineapple Pieces in Syrup,Coles,Supermarket own brand,Ice cream & desserts,,3,,,,,,,2,0
Hi fibre white sandwich,woolwoorth,Name brand,Bread,D,,228.0,2.6,3.93,1.0,6.1,,,0
WHOLEMEAL BAGUETTE,,Unknown,Bread,A,,228.0,3.3,0.9,1.5,9.3,5.1,,0
Coke Zero Vanilla,Coca-Cola,Name brand,Soft drinks & juice,,,0.0,0.0,,0.0,0.0,0.0,,0
Chicken massaman curry - Chef Good,,Unknown,Sauces & condiments,,,139.0,1.8,,0.8,8.5,,,0
Rindless Streaky Bacon,D'orsogna,Name brand,Meat & seafood,,,293.0,,,,15.2,,,0
Nut bar - Carmans,Carman's,Name brand,Muesli & protein bars,,,491.0,4.7,,13.5,16.2,14.7,,0
White french stick,Coles,Supermarket own brand,Bread,A,4,280.0,2.0,0.82,1.6,10.5,4.4,,0
Pane Di Casa Seeded Loaf,Stone baked,Name brand,Bread,A,,265.0,2.0,0.95,1.0,9.0,3.4,,0
The BIG softy Giant White Sandwhich,mias bakery,Name brand,Bread,A,4,298.0,2.7,0.91,0.1,7.9,7.4,4,0
5 Seed Gluten-free Bread,Helga's,Name brand,Bread,B,4,287.0,3.1,0.99,1.6,6.0,6.0,2,0
Wholemeal Roll,Coles Bakery,Supermarket own brand,Bread,,4,,0.4,0.27,0.7,9.1,5.3,2,0
Mission mini naan bread,Mission,Name brand,Bread,D,,305.0,5.2,2.09,3.0,9.0,2.5,,0
Fruit hot cross buns,The Bakery at Coles,Name brand,Biscuits & cakes,,4,,,,,,,5,0
Seeded sourdough loaf,,Unknown,Bread,C,,,1.3,1.22,0.6,9.7,,,0
Bread,Tip Top,Name brand,Bread,A,,249.0,2.6,0.73,0.7,10.3,5.8,,0
The Ultimate yoghurt by Danone - Natural & Sweet,Danone,Name brand,Yoghurt,C,,131.0,10.0,0.03,5.1,3.8,,,0
Salmon Skin-On,John West,Name brand,Meat & seafood,B,,,1.0,0.09,3.6,19.0,,,0
Fruit Pastilles,,Unknown,Confectionery,,4,2.0,0.5,,0.5,1.0,0.5,12,0
Vegetable lasagna,My Muscle Chef,Name brand,Ready meals,B,,113.0,2.7,0.88,1.2,4.8,1.6,,0
Orange Juice,Coles,Supermarket own brand,Soft drinks & juice,B,4,,7.1,0.0,1.0,1.0,1.0,1,0
Australian Chilli Honey,,Unknown,Spreads,D,2,320.0,78.0,0.2,0.0,1.0,0.0,,0
Honey,,Unknown,Spreads,,2,213.0,50.9,,0.0,0.1,,,0
Nothing But 31.5 Oranges Pulp Free Juice,Nudie,Name brand,Soft drinks & juice,B,1,,8.4,0.01,1.0,1.0,1.0,,0
Orange juice,Nippy's,Name brand,Soft drinks & juice,C,1,,9.7,0.01,1.0,1.0,,1,0
Orange juice unsweetened,Nippy's,Name brand,Soft drinks & juice,,,39.0,7.0,,0.0,0.7,,,0
Choc Berry Crunch Bar,Bioslim,Name brand,Muesli & protein bars,,,,19.1,,13.7,34.3,10.8,,0
Lime Juice,,Unknown,Soft drinks & juice,B,,36.0,0.0,0.1,0.0,0.0,0.0,,0
Seaweed rice crackers,Woolworths,Supermarket own brand,Chips & salty snacks,C,3,416.0,1.2,0.91,0.8,7.6,1.6,,0
Auvitis Count Sparkling Red Grape Juice,Auvitis Count,Name brand,Soft drinks & juice,,,,,0.02,,0.4,,,0
tic toc biscuits,Arnott's,Name brand,Biscuits & cakes,E,4,,38.8,0.55,6.2,4.6,,8,0
Miel à la lavande vegan,Vegablum,Name brand,Spreads,,2,344.0,72.0,,0.1,0.1,,,0
Honey,,Unknown,Spreads,,2,335.0,82.0,,0.0,10.0,,,0
honey,,Unknown,Spreads,,2,335.0,82.0,,0.0,0.7,,,0
"Deluxe Crisps Chilli, Roast Garlic & Lemon",,Unknown,Chips & salty snacks,D,,495.0,2.6,4.6,2.0,7.6,,,0
Manuka honey,,Unknown,Spreads,,2,334.0,82.9,,0.0,0.0,,,0
Australian orange blossom honey,,Unknown,Spreads,,2,315.0,82.0,,6.7,3.3,0.0,,0
Dijon Mustard,,Unknown,Sauces & condiments,E,,105.0,20.0,2.3,20.0,20.0,,,0
honey,Pure peninsula,Name brand,Spreads,,2,83.0,20.5,,,0.1,,,0
Choc mint,Blue ribbon,Name brand,Ice cream & desserts,E,,416.0,40.0,0.31,11.0,7.0,0.0,,0
Australian Manuka Active Honey,,Unknown,Spreads,,2,338.0,82.7,,0.0,0.3,,,0
Premium Raw Honey,,Unknown,Spreads,,2,,0.0,,0.0,,,,0
Honey,,Unknown,Spreads,,2,48.0,12.0,,0.0,0.0,,,0
Pure honey,,Unknown,Spreads,,2,,0.0,,0.0,,,,0
Honey,,Unknown,Spreads,,2,68.0,13.6,,0.0,0.1,,,0
Farmers’ Tasty,Bega,Name brand,Cheese,E,,410.0,0.0,6.5,23.8,24.8,,,0
Honey,Bega,Name brand,Spreads,,2,,0.0,,0.0,,,,0
Mum’s sauce,Coles,Supermarket own brand,Sauces & condiments,,3,16.0,,,,,,,0
Fruit and seed muesli,,Unknown,Breakfast cereals,,,394.0,8.8,,3.8,12.2,11.4,,0
Tic Tac Fruit Adventure,Ferrero,Name brand,Confectionery,,4,2.0,0.5,,0.5,0.1,,8,0
Sliced mushrooms in butter sauce,Woolworths,Supermarket own brand,"Fruit, veg & legumes",B,4,,0.2,1.01,1.0,1.0,1.0,,0
Bio dynamic organic slightly sweetened,Jalna,Name brand,Yoghurt,C,3,110.0,10.7,0.12,3.3,4.5,,,0
Probiotic Kefir Frozen Yoghurt,,Unknown,Yoghurt,C,,113.0,15.8,0.16,2.6,2.5,,,0
Probiotic kefir frozen yoghurt,,Unknown,Yoghurt,E,,112.0,14.4,0.2,2.2,3.4,,,0
Caramilk Icecream,Cadbury,Name brand,Ice cream & desserts,,,840.0,32.4,,11.4,,,,0
South Atlantic Batter Fish Bites,Birds Eye,Name brand,Meat & seafood,B,,210.0,1.2,0.5,1.7,12.0,0.6,,0
Raspberries,Macro,Supermarket own brand,"Fruit, veg & legumes",,,67.0,9.8,,,,8.4,,0
Tuna Chilli in Olive Oil,Sole Mare,Name brand,Meat & seafood,C,3,,0.0,1.19,1.6,20.9,,,0
Firm Tofu,Fortune,Name brand,"Fruit, veg & legumes",A,3,62.0,0.5,0.0,0.8,8.0,2.8,,0
Chocolate chip fudge,Arnotts,Name brand,Biscuits & cakes,E,,471.0,38.0,0.51,10.0,4.8,2.4,,0
Paw patrol character cookies,,Unknown,Biscuits & cakes,D,,459.0,23.2,0.6,4.0,8.0,,,0
Snack right,Arnotts,Name brand,Biscuits & cakes,,,119.0,,,8.6,1.7,2.5,,0
Honey & Almond crackers,Olina's,Name brand,Chips & salty snacks,D,,433.0,20.7,1.72,1.3,12.0,,,0
Tuna & crackers,Woolworths,Supermarket own brand,Meat & seafood,,,213.0,,,,15.0,1.4,,0
Savoury Chicken Rice,Ben's Original,Name brand,Ready meals,B,4,154.0,1.3,0.51,0.1,3.2,,,0
Beef Ravioli,Latina Fresh,Name brand,Meat & seafood,B,4,178.0,0.9,0.4,2.2,6.7,,,0
Jasmine Rice,Woolworths,Supermarket own brand,"Pasta, rice & grains",,,354.0,0.1,,0.3,7.0,1.1,,0
KitKat Milky Bar,KitKat,Name brand,Muesli & protein bars,E,,544.0,51.7,0.21,17.2,7.6,,,0
Lemon pepper spice blend,Masterfoods,Name brand,Sauces & condiments,,4,,12.7,28.85,0.3,5.1,,,0
Mild Hungarian Salami,Thomson's Deli,Name brand,Meat & seafood,E,,393.0,1.2,3.47,13.6,21.2,,,0
Party mix,The Natural Confectionary Company,Name brand,Confectionery,D,4,345.0,46.8,0.08,4.0,4.0,,5,0
chocolate flavoured topping,Woolworths,Supermarket own brand,Sauces & condiments,D,4,220.0,49.0,0.17,0.5,0.5,,4,0
Orange Juice,Woolworths,Supermarket own brand,Soft drinks & juice,,,40.0,8.2,,0.0,0.6,0.2,,0
Traditional Mayonnaise,Woolworths,Supermarket own brand,Sauces & condiments,E,4,557.0,9.0,1.36,7.4,1.0,,4,0
Guacamole spice mix,Old El Paso,Name brand,Sauces & condiments,,4,,46.9,6.97,0.1,2.7,4.2,1,0
Frozen Puff Pastry,Borg's,Name brand,"Pasta, rice & grains",C,4,,0.7,0.97,7.5,6.0,4.0,3,0
Beef Noodle Cup,Supreme,Name brand,"Pasta, rice & grains",,,89.0,0.2,1.07,1.6,1.9,,,0
Chicken noodles,Supreme,Name brand,"Pasta, rice & grains",,,89.0,0.3,1.06,1.6,1.8,,,0
Golden Vegetable Rice,Ben's Original,Name brand,"Pasta, rice & grains",B,4,158.0,1.5,0.56,0.1,3.2,,,0
French Style Lentils,McKenzie's,Name brand,"Fruit, veg & legumes",,,330.0,,,,25.2,13.4,,0
Garlic salt blend,Masterfoods,Name brand,Sauces & condiments,,2,,0.5,74.73,0.1,3.3,,,0
Paprika smoked,Woolworths,Supermarket own brand,Sauces & condiments,,,0.0,0.0,0.0,0.0,0.0,0.0,,0
Cream cheese spring onion and chive,South cape,Name brand,Cheese,,,316.0,,,19.9,7.8,,,0
Spicy peri peri mayonnaise,Heinz,Name brand,Sauces & condiments,D,,617.0,3.2,1.45,5.6,0.8,,,0
Choccy Wheats,Woolworths,Supermarket own brand,Biscuits & cakes,E,,491.0,34.5,0.67,9.7,5.5,3.6,,0
Tim tam Deluxe Raspberry Tart,Arnotts,Name brand,Biscuits & cakes,E,,470.0,45.7,0.3,11.4,4.1,4.1,,0
Butter beans,Woolworths,Supermarket own brand,"Fruit, veg & legumes",A,1,,0.1,0.04,0.1,4.5,4.9,,0
Pancake and picklet mix,Woolworths,Supermarket own brand,Biscuits & cakes,,,157.0,6.1,,1.4,5.6,3.7,,0
Macro Organic Chopped Spinach Leaf Portions,Macro,Supermarket own brand,"Fruit, veg & legumes",A,,16.0,1.0,0.23,1.0,2.8,2.5,,0
Macro organic Corn Kernels,Macro,Supermarket own brand,"Pasta, rice & grains",,,70.0,2.3,,1.0,2.3,1.9,,0
Watties Rainbow Vegetables Mix,Watties,Name brand,"Fruit, veg & legumes",,,41.0,3.4,,0.1,2.5,2.8,,0
Table Spread Soft and Spreadable,Woolworths,Supermarket own brand,Spreads,D,4,442.0,10.0,0.9,12.0,10.0,0.0,5,0
Mozzarela,Coles,Supermarket own brand,Cheese,D,3,305.0,1.0,1.16,16.3,21.5,0.0,,0
Chicken Pad Thai,Woolworths,Supermarket own brand,Ready meals,C,,209.0,6.7,0.67,1.2,4.9,,,0
Tuna Mexican style,Coles,Supermarket own brand,Meat & seafood,A,4,75.0,2.5,0.72,1.1,11.9,1.1,1,0
Snack Right Oaty Bites Fruit & Oat,Arnott's,Name brand,Biscuits & cakes,C,4,460.0,16.6,0.2,4.9,5.3,8.2,3,0
Light ‘n tasty,Cheese,Name brand,Cheese,D,3,333.0,4.8,1.75,15.2,30.0,,,0
Italuan Espresso Greek Yoghurt,,Unknown,Yoghurt,,,156.0,12.2,,5.9,13.2,,,0
Spicy Jalapeno Burger Sauce,Masterfoods,Name brand,Sauces & condiments,E,,519.0,8.0,2.85,4.0,1.3,,,0
Boost sorbet,,Unknown,Ice cream & desserts,,,130.0,28.7,,0.2,1.0,,,0
QOTA Nutritionally Complete Meal - Salted Caramel,QOTA,Name brand,Ready meals,,4,394.0,3.2,0.31,3.6,24.4,5.4,2,0
Plus Antioxidants,Uncle Tobys,Name brand,Breakfast cereals,A,4,,17.7,0.21,0.4,7.5,12.0,2,0
Oreo Cookies and cream ice cream,,Unknown,Ice cream & desserts,D,4,238.0,22.0,0.33,9.2,3.6,,10,0
,chefs choice express Spanish seasoned paella bomba rice,Name brand,"Pasta, rice & grains",C,,,1.0,0.76,1.0,7.0,,,0
Jarrah Honey,,Unknown,Spreads,,2,,0.0,,0.0,,,,0
Australian Pure Local Honey,,Unknown,Spreads,,2,338.0,82.5,,0.0,0.3,,,0
Honey,,Unknown,Spreads,,2,320.0,80.0,,0.0,0.0,,,0
Aloe vera drink natural,,Unknown,Soft drinks & juice,,,36.0,8.4,,0.0,0.0,0.0,,0
Coconut milk,,Unknown,Milk & alternatives,,,166.0,1.6,,15.9,0.9,0.4,,0
Coconut milk,,Unknown,Milk & alternatives,,,129.0,1.2,,12.3,1.5,,,0
Organic coconut milk,,Unknown,Milk & alternatives,,,90.0,1.4,,13.9,1.0,0.0,,0
Unsweetened Coconut Milk,,Unknown,Milk & alternatives,,,40.0,0.6,,3.7,0.7,,,0
strawberry jam,,Unknown,Spreads,,,273.0,65.3,,6.7,6.7,,,0
"Bocconcini, tomato, basil pesto & guacamole on turkish",Woolworths,Supermarket own brand,Cheese,B,,192.0,1.4,0.82,2.5,8.1,,,0
Peanut butter crunchy,,Unknown,Spreads,,,641.0,4.5,,10.0,26.0,,,0
Eucalyptus honey,,Unknown,Spreads,D,2,335.0,82.0,0.2,0.0,0.4,,,0
Sultanas,,Unknown,"Fruit, veg & legumes",,,321.0,72.1,,0.2,2.9,2.9,,0
Lemon butter,Masterfoods,Name brand,Spreads,D,,305.0,50.5,0.04,4.5,0.5,,,0
Shoyu,Shoy,Name brand,Sauces & condiments,C,,63.0,0.0,12.04,0.0,8.8,,,0
Goumet tarama,,Unknown,Spreads,E,,472.0,1.2,2.64,5.6,3.6,,,0
Murray River Salt (Pink),Murray River Gourmet,Name brand,Sauces & condiments,,2,,,,,,,,0
Strawberry Milk,Oak,Name brand,Milk & alternatives,E,,231.0,29.8,11.9,5.8,8.0,,,0
Steggles tempura chicken breast nuggets 400g,Steggles,Name brand,Meat & seafood,B,,148.0,1.6,1.2,0.6,12.5,1.0,,0
Dark choc cooking block,Essentials,Supermarket own brand,Confectionery,E,,557.0,50.0,0.03,23.8,3.9,,,0
Cookies and cream ice-cream,Streets,Name brand,Ice cream & desserts,C,,180.0,20.5,0.17,3.2,3.2,,,0
Cookies classic,Cadbury,Name brand,Biscuits & cakes,E,4,487.0,33.8,0.78,14.2,5.0,,7,0
Flour,White Wings,Name brand,"Pasta, rice & grains",C,1,341.0,1.5,2.12,0.2,9.5,3.0,,0
Sweet spiced gherkins,Fehlbergs,Name brand,Sauces & condiments,D,,109.0,22.0,1.57,0.1,1.5,,,0
Peas super juicy corn,Mccain,Name brand,"Fruit, veg & legumes",,,92.0,6.5,,0.3,4.4,3.5,,0
Chilli and ginger fish,Be fit food,Name brand,Ready meals,,,257.0,4.9,,,25.0,,,0
Dark Cacao Bar,Blue Dinosaur,Name brand,Muesli & protein bars,B,3,553.0,20.8,0.01,5.3,11.7,12.4,,0
vegetable pad Thai with rice noodles,Woolworths,Supermarket own brand,Ready meals,B,,109.0,2.9,0.62,0.8,3.0,1.3,,0
Teriyaki sauce,Coles,Supermarket own brand,Sauces & condiments,D,,169.0,34.4,10.55,0.0,6.5,1.0,,0
Thin Hokkien Noodles,,Unknown,"Pasta, rice & grains",A,1,172.0,0.9,0.4,0.2,7.1,,,0
Hand crafted Australian jerky & biltong,Jim's Jerky,Name brand,Chips & salty snacks,B,,,4.5,0.54,2.8,54.7,,,0
Triple Smoked Ham Loin,,Unknown,Meat & seafood,E,,665.0,4.0,2.0,26.8,8.0,,,0
Chicken Tortellini,Coles,Supermarket own brand,Ready meals,C,,252.0,18.0,0.65,2.0,4.7,4.6,,0
Beetroot & Feta arancini,,Unknown,Chips & salty snacks,C,,259.0,4.5,0.82,4.5,5.9,4.5,,0
Mediterranean style pasta sauce,Dolmio,Name brand,Sauces & condiments,B,,65.0,4.0,0.65,0.3,1.4,,,0
Crinkly crisps bbq,,Unknown,Chips & salty snacks,C,,478.0,2.8,1.09,2.0,6.0,4.4,,0
Pumpkin Risotto,Coles,Supermarket own brand,Ready meals,B,,84.0,1.2,0.5,1.0,2.6,1.5,,0
Almond Butter,,Unknown,Spreads,,,600.0,4.8,,3.6,19.6,,,0
BBQ Chicken Burgers with Corn & Cajun Spices,,Unknown,Meat & seafood,A,,134.0,1.6,0.93,1.9,13.9,2.1,,0
"Apple, Pear",The Juice Brothers,Name brand,"Fruit, veg & legumes",,,44.0,9.9,,0.0,0.0,0.1,,0
Honey Flavoured Sausages,Woolworths,Supermarket own brand,Meat & seafood,,,251.0,2.4,,10.4,10.7,0.0,,0
Sunbites,Sunbites,Name brand,Chips & salty snacks,,,480.0,6.0,,2.0,6.0,4.0,,0
Orange & Mango,Schweppes,Name brand,Soft drinks & juice,D,4,17.0,3.7,0.03,0.0,0.0,0.0,3,0
country style LEMONADE,,Unknown,Soft drinks & juice,E,,44.0,10.0,0.0,0.0,0.1,0.0,,0
4 chocolate chip muffins,Coles,Supermarket own brand,Biscuits & cakes,D,,385.0,26.8,0.34,3.6,5.5,,,0
Almond Coconut Milk,Sanitarium,Name brand,Milk & alternatives,B,,17.0,0.2,0.03,0.3,0.5,,,0
Barramundi Portions,Woolworths,Supermarket own brand,Meat & seafood,,,92.0,0.0,,0.4,19.4,0.0,,0
Birds Eye Australian Country Harvest,Birds Eye,Name brand,"Fruit, veg & legumes",A,1,,2.5,0.03,0.1,1.8,2.8,,0
Lamb Mince 15% Fat,Woolworths,Supermarket own brand,Meat & seafood,,,210.0,0.0,,8.2,17.8,0.0,,0
Original fruit free muesli bars,Carman's,Name brand,Muesli & protein bars,C,,447.0,12.0,0.03,2.2,10.0,,,0
almond crescents,,Unknown,"Fruit, veg & legumes",,4,,,,,,,11,0
vegatarian Quiches,,Unknown,Ready meals,D,,259.0,3.7,1.0,7.7,8.9,,,0
vanilla bean custard,Pauls,Name brand,Ice cream & desserts,C,,122.0,14.9,0.17,2.6,3.2,,,0
stir fry,Woolworths,Supermarket own brand,Meat & seafood,,,,,,,,,,0
Bio Tzatziki Dairy Free,Bio,Name brand,Sauces & condiments,D,,225.0,0.1,1.1,20.0,0.7,,,0
Spaghetti,Coles,Supermarket own brand,"Pasta, rice & grains",,,356.0,2.9,,0.8,12.0,,,0
Petit Miam mango,Yoplait,Name brand,Ice cream & desserts,B,,71.0,7.6,0.11,1.4,3.4,,,0
Zooper dooper,Zooper Dooper,Name brand,Ice cream & desserts,,,9.0,0.0,,0.0,0.1,,,0
Banana muffin bars,Woolworths,Supermarket own brand,Biscuits & cakes,D,,370.0,28.0,0.52,2.5,4.0,,,0
Blurts Vanilla Custard,Pauls,Name brand,Ice cream & desserts,B,,93.0,12.9,0.17,1.1,3.6,,,0
Vegetable Gyoza,Mr Chen's,Name brand,Ready meals,C,,168.0,2.4,0.9,0.8,4.8,,,0
Liquorice Bunny,Darrell Lea,Name brand,Confectionery,,,511.0,,,,5.5,,,0
Butter Puff Padtry,Pampas,Name brand,Ice cream & desserts,D,,359.0,2.0,0.28,13.6,6.0,,,0
Curry,Thai Cuisine Cook- In  Sauce,Name brand,Meat & seafood,C,,86.0,4.7,1.24,3.6,6.0,,,0
Baby Capers,Coles,Supermarket own brand,Sauces & condiments,,3,,,,,,,,0
Sun-dried tomato dip,Coles,Supermarket own brand,Sauces & condiments,D,,184.0,4.6,0.35,9.9,4.6,,,0
Slow cooked pork,Woolworths,Supermarket own brand,Meat & seafood,,4,,,,,,,5,0
Pea and ham,Campbell's,Name brand,Ready meals,A,4,57.0,2.2,0.71,0.2,4.3,2.1,1,0
"Tomato, Onion & Roast Garlic Pasta Sauce",Dolmio,Name brand,Sauces & condiments,A,3,,5.6,0.97,0.1,2.1,,,0
Spicy capsicum dip,Coles,Supermarket own brand,Sauces & condiments,C,,165.0,3.7,0.89,7.8,4.0,2.5,,0
Smoked Pork Bones,Bertocchi,Name brand,Meat & seafood,D,3,,1.0,2.59,7.0,17.7,,2,0
Caramel Snows,Darrell Lea,Name brand,Confectionery,E,4,,56.0,0.37,11.4,1.6,,5,0
Emu jerky,Mariani,Name brand,Meat & seafood,D,4,,3.8,6.71,1.4,45.8,,5,0
Low Cholesterol Mix,Market Grocer,Name brand,"Fruit, veg & legumes",D,3,,7.0,0.02,5.5,19.2,,,0
Pacific West Fish Cocktails Lemmon Pepper,Pacific West,Name brand,Meat & seafood,,4,,,,,,,4,0
Almond Meal,Freshlife,Name brand,"Fruit, veg & legumes",B,1,614.0,4.0,0.02,3.3,20.7,9.0,,0
,Winn,Name brand,"Fruit, veg & legumes",,4,,,,,,,4,0
Dairy milk-Rocky road,Cadbury,Name brand,Muesli & protein bars,E,,224.0,50.3,0.07,18.5,8.4,,,0
M &M Milk Block 160G / 13,M&Ms,Name brand,Confectionery,E,4,538.0,57.1,0.08,18.4,5.9,,9,0
Onion Rings,Birdseye,Name brand,"Fruit, veg & legumes",A,,207.0,4.0,0.97,0.9,2.6,2.8,,0
Mediterranean Vegetable Ultra Thin Pizza,Mccain,Name brand,Ready meals,D,4,,6.0,1.14,5.5,9.5,,1,0
Iced coffee strong,Farmers Union,Name brand,Soft drinks & juice,E,4,57.0,7.5,0.08,1.0,2.6,0.0,1,0
Tricolore Fettucchini,Guzzi,Name brand,"Pasta, rice & grains",A,1,,1.8,0.09,0.8,14.8,3.1,,0
Beef lasagna,Latina Fresh,Name brand,Ready meals,B,,163.0,3.4,0.73,4.0,8.3,1.4,,0
Lebanese Cucumber,Colemans Fresh Produce PTY LTD,Name brand,"Fruit, veg & legumes",,,,,,,,,,0
Organic vanilla bean yoghurt,Five:am,Name brand,Ice cream & desserts,C,,469.0,12.0,0.07,2.7,4.6,0.0,,0
Fortified Milk Chocolate Flavour,My Yummy Lunchbox,Name brand,Soft drinks & juice,,3,,,,,,,,0
Orange Crush,Tru Blu,Name brand,Soft drinks & juice,,4,,10.8,0.03,,,,5,0
Apple Cider Brewed Softdrink,Bundaberg,Name brand,Soft drinks & juice,,4,0.0,2.6,0.0,0.3,,,3,0
Gravy granules for chicken,Green's,Name brand,Sauces & condiments,C,4,52.0,2.9,1.35,2.1,1.0,,5,0
lays,,Unknown,Chips & salty snacks,,4,,,,,,,6,0
Organic wholegrain spelt fettuccini,,Unknown,"Pasta, rice & grains",,,0.0,0.1,,0.4,14.3,,,0
honeycomb chocolate crunch protein bar,The Bar Counter,Name brand,Muesli & protein bars,C,,365.0,2.8,0.42,11.2,30.0,7.8,,0
Milk chocolate coated peanuts,Cadbury,Name brand,Muesli & protein bars,E,,550.0,42.8,0.15,13.2,11.2,,,0
Hans Twiggy Sticks Mild,,Unknown,Meat & seafood,E,,382.0,4.4,20.0,11.4,25.8,,,0
Veggie rice,Birds eye,Name brand,"Fruit, veg & legumes",,,24.0,1.5,,0.1,1.9,2.4,,0
Lentil Salad,The Salad Servers,Name brand,Ready meals,B,,129.0,2.5,0.68,0.2,7.1,,,0
Lindor milk,Lindt,Name brand,Confectionery,E,,618.0,42.0,0.17,34.0,5.2,,,0
Belgisn chocolate brownie,Carman's,Name brand,Muesli & protein bars,E,,450.0,22.5,0.35,15.0,6.5,,,0
Pitted dates,Trident,Name brand,"Fruit, veg & legumes",C,,346.0,68.2,0.12,2.0,2.0,,,0
flat haed fish,Birds Eye,Name brand,Meat & seafood,C,,268.0,5.0,1.36,0.9,16.3,,,0
"Carrot, walnuts and Sultana bread slices",Woolworths,Supermarket own brand,Biscuits & cakes,,,376.0,30.0,,1.5,5.8,1.8,,0
Supreme Family Pizza,Mccain,Name brand,Ready meals,D,,228.0,4.8,0.98,4.5,10.8,,,0
Oriental stir fry,Birds Eye,Name brand,"Fruit, veg & legumes",,,36.0,3.0,,0.1,1.8,,,0
Tapioca pearls,Lion,Name brand,Ice cream & desserts,C,,137.0,12.2,0.3,2.3,3.4,,,0
Zesty Avocado & Feta Green Goddess,Red Rock Deli,Name brand,Sauces & condiments,D,,232.0,5.0,1.51,7.5,5.0,,,0
Adzuki Beans,Macro,Supermarket own brand,"Fruit, veg & legumes",,,104.0,0.5,,0.1,6.5,6.4,,0
Pizza Hawaii,Dr. Oetker,Name brand,Ready meals,C,,220.0,5.4,1.1,3.0,8.2,,,0
Taramosalata,,Unknown,Confectionery,C,,278.0,0.6,0.64,1.8,1.0,,,0
Milky bar cookies,Nestle,Name brand,Muesli & protein bars,,,540.0,,,,7.5,,,0
Coconut Siracha,Marions kitchen,Name brand,Sauces & condiments,,,177.0,34.9,,3.1,,,,0
Black beans,Edgell,Name brand,"Fruit, veg & legumes",,,110.0,1.8,,,7.1,6.7,,0
Ready bacon,Don,Name brand,Meat & seafood,E,,416.0,8.3,6.02,10.0,30.8,,,0
Deep dish rustic apple pie,Sara Lee,Name brand,Ice cream & desserts,D,,289.0,24.2,0.43,5.6,2.9,,,0
Battered fish fillet,Woolworths,Supermarket own brand,Meat & seafood,B,4,185.0,3.7,0.8,0.9,11.1,0.7,4,0
Tomato relish,Woolies organic,Name brand,Sauces & condiments,,,93.0,,,,,,,0
Thin pork sausages,,Unknown,Meat & seafood,D,,190.0,1.6,1.88,4.3,13.6,,,0
Sugar Free Cake Mix,Noshu,Name brand,Biscuits & cakes,A,,60.0,1.5,0.52,3.7,5.0,17.1,,0
Pinto Beans,Macro,Supermarket own brand,"Fruit, veg & legumes",A,1,103.0,1.0,0.02,0.2,7.0,7.2,,0
French onion dip and spread,Chris',Name brand,Sauces & condiments,D,,215.0,3.5,0.93,11.0,20.0,0.5,,0
Bubblegum M&M’s,M&m's,Name brand,Muesli & protein bars,C,,452.0,15.3,0.13,2.8,4.6,,,0
Oat slice brownie,Carman's,Name brand,Biscuits & cakes,D,,447.0,22.0,0.38,12.7,7.3,5.6,,0
Sprite,Coca-Cola,Name brand,Soft drinks & juice,D,4,21.0,4.9,0.02,0.0,0.0,0.0,5,0
FRESH TASSIE SALMON,Tassal,Name brand,Meat & seafood,B,,234.0,0.7,0.11,3.2,21.2,,,0
Sugar Free-Zies All Natural Icy Stic,No Nasties,Name brand,Ice cream & desserts,,,17.0,0.0,,0.0,1.0,,,0
Tiramisu,Buonissimo,Name brand,Biscuits & cakes,C,,50.0,25.4,0.38,4.3,3.1,0.0,,0
Fresh Barramundi,Humpty Doo,Name brand,Meat & seafood,,,,,,2.2,19.5,,,0
Chilli Peppers,Always Fresh,Name brand,Sauces & condiments,C,,24.0,0.5,1.81,0.1,0.5,,,0
Mini Vienna Sticks,Coles,Supermarket own brand,Ice cream & desserts,D,,228.0,22.4,0.23,11.0,2.8,1.0,,0
Garlic Dip,,Unknown,Sauces & condiments,C,,206.0,0.2,0.26,1.7,0.6,,,0
Activated almond and coconut milk,,Unknown,Milk & alternatives,,,48.0,3.2,,0.8,0.8,0.4,,0
Beef bone broth,,Unknown,Ready meals,D,,346.0,2.5,6.62,1.2,62.5,,,0
Strawberry spread,Macro,Supermarket own brand,Spreads,,,207.0,50.0,,0.7,0.7,0.7,,0
Prosciutto,San Marino,Name brand,Meat & seafood,D,,220.0,4.0,5.65,4.0,26.8,,,0
Moroccan seasoning,Green Leaf,Name brand,Sauces & condiments,,,420.0,,,,10.0,,,0
Zombie chew,,Unknown,Confectionery,D,,377.0,60.7,0.21,2.1,0.0,,,0
Lindt lindor,Lindor,Name brand,Confectionery,E,,622.0,37.2,0.1,35.2,5.2,,,0
Creamy Chicken Stroganoff,Continental,Name brand,Ready meals,,4,345.0,,,,,,,0
Boost mango frozen yoghurt,,Unknown,Ice cream & desserts,C,,106.0,15.9,0.14,1.4,3.0,,,0
coles kitchen Ramen Noodles,Coles,Supermarket own brand,"Pasta, rice & grains",A,,184.0,1.4,0.2,0.7,6.3,1.8,,0
Spaghetti,San Remo,Name brand,"Pasta, rice & grains",,,366.0,2.5,,0.8,12.5,3.0,,0
Soup sensations,Continental,Name brand,Ready meals,B,,47.0,3.2,0.67,0.0,1.0,0.8,,0
Salt and Pepper Squid,Just Caught,Name brand,Meat & seafood,D,,210.0,1.2,2.12,2.3,11.2,,,0
Lindor Dark Assorted,Lindt,Name brand,Confectionery,E,,630.0,32.8,0.04,36.8,5.2,0.0,,0
Lincolnshire Receipe Sausages,,Unknown,Meat & seafood,E,,301.0,1.0,1.74,9.2,17.4,,,0
Giant Choc-Loaded Easter Slice,,Unknown,Confectionery,E,4,470.0,34.8,0.14,17.6,5.6,,3,0
Chocolate mug cake,,Unknown,Biscuits & cakes,D,,375.0,47.0,0.5,0.8,5.2,,,0
Spicy Hoisin,,Unknown,Sauces & condiments,E,,47.0,41.0,5.35,0.5,2.0,,,0
Curry paste butter chicken,,Unknown,Sauces & condiments,C,,116.0,12.3,0.59,0.7,2.7,,,0
balducci rigatoni,,Unknown,"Pasta, rice & grains",,,361.0,3.2,,0.5,11.2,4.0,,0
Traditional anzac bread suits,Green's,Name brand,Biscuits & cakes,,4,460.0,30.9,0.92,16.0,4.5,,4,0
Natures Kitchen Sundried Pesto,Coles,Supermarket own brand,Sauces & condiments,D,,384.0,5.1,1.5,4.0,5.1,2.9,,0
Frozen yoghurt strawberry,Bulla,Name brand,Yoghurt,C,,129.0,19.4,0.17,2.1,4.3,,,0
Ultimate gluten free cookies,Coles,Supermarket own brand,Biscuits & cakes,,,184.0,14.4,,6.4,1.0,1.0,,0
Brown Calrose medium grain rice,Sun Rice,Name brand,"Pasta, rice & grains",,,349.0,1.0,,1.0,7.3,3.3,,0
Lactose Free Sweet & Creamy Greek Original Yoghurt,Jalna,Name brand,Yoghurt,,3,141.0,9.7,0.03,6.6,,,,0
Oat milk,Inside Out,Name brand,Milk & alternatives,,3,46.0,3.0,,0.2,1.2,,,0
Greek yogurt pod,,Unknown,Yoghurt,,,143.0,10.8,,2.6,8.4,0.9,,0
,Nature's Way,Name brand,Ready meals,,4,349.0,23.4,279.0,1.8,18.2,16.8,3,0
Yop Vanilla Yoghurt,Yoplait,Name brand,Yoghurt,B,4,58.0,4.0,0.11,1.5,3.2,0.0,5,0
Australia lite milk,Woolworths,Supermarket own brand,Milk & alternatives,B,1,45.0,4.9,0.11,1.3,3.4,,,0
Mexican style salsa & guacamole,,Unknown,Spreads,D,4,,3.3,1.61,7.8,3.3,0.0,4,0
Rolled Oats traditional sachet,Uncle tobys,Name brand,Breakfast cereals,,,379.0,20.9,,1.7,12.8,9.1,,0
Salt & Vinegar Flavoured Crinkle Cut Potato Chips,Smith's,Name brand,Chips & salty snacks,D,,533.0,3.0,1.99,2.2,6.7,,,0
Simply nuts natural peanut butter,Bega,Name brand,Spreads,D,,607.0,5.3,0.38,6.1,27.6,,,0
Peanut Butter Smooth,Bega,Name brand,Spreads,,,624.0,1.7,,2.3,5.3,,,0
Hum honey,,Unknown,Spreads,,2,335.0,82.1,,0.0,0.2,,,0
MANUKA ACTIVE HONEY,,Unknown,Spreads,,2,338.0,82.7,,0.0,0.3,,,0
Tri-Colour Quinoa,,Unknown,"Pasta, rice & grains",,,370.0,2.0,,0.6,13.2,11.4,,0
Organic Quinoa Flakes,Coles,Supermarket own brand,Breakfast cereals,A,1,366.0,4.1,0.01,1.0,11.9,8.0,,0
Italian beef lasagna,,Unknown,Ready meals,D,,164.0,15.1,0.54,17.0,10.2,,,0
Ocean selections raw prawns,Birds Eye,Name brand,Meat & seafood,B,,80.0,1.0,1.4,0.2,17.8,1.0,,0
Chia Seeds,,Unknown,"Pasta, rice & grains",,,457.0,0.1,,3.2,20.7,41.2,,0
Chicken Breast Crumbed Nuggets,,Unknown,Meat & seafood,B,,202.0,1.2,0.99,1.4,15.1,,,0
Chicken schnitzel tomato & herbs,Primo,Name brand,Meat & seafood,D,,244.0,1.3,1.81,2.0,16.8,,,0
Chicken Breast Gluten Free,Ingham's,Name brand,Meat & seafood,D,,184.0,1.2,4.0,1.0,14.5,,,0
Lower Carb Wholemeal & Seed Bread,Helga's,Name brand,Bread,A,,270.0,1.9,0.91,1.3,12.9,8.1,,0
Simply Less - Light Hommus Dip,Coles,Supermarket own brand,Spreads,B,4,,0.6,0.9,1.0,5.0,,2,0
Apple juice no added sugar,Golden Circle,Name brand,Soft drinks & juice,,1,48.0,11.7,,0.0,0.1,,1,0
Orange Juice,Daily Juice Co,Name brand,Soft drinks & juice,C,3,,,,,,,2,0
Snakes,,Unknown,Confectionery,,,230.0,0.3,,0.0,7.0,21.0,,0
Noodles chicken,Fantastic,Name brand,"Pasta, rice & grains",,,94.0,0.8,0.73,1.7,2.0,,,0
Honey,Calipano,Name brand,Spreads,,2,0.0,5.8,,0.0,0.1,,,0
Arrabbiata Sauce,Lucia's Australia,Name brand,Sauces & condiments,B,,50.0,3.8,0.52,0.3,2.0,,,0
Honey,Golden Nectar,Name brand,Spreads,,2,,0.0,,0.0,,,,0
Active manuka honey,Hab Shifa,Name brand,Spreads,B,2,16.0,3.0,0.0,0.0,0.0,,,0
sesame bagels,Woolworths,Supermarket own brand,Bread,A,,297.0,6.0,1.32,1.0,8.7,5.1,,0
Soy sauce,Pure Harvest,Name brand,Sauces & condiments,C,,6.0,0.1,1.35,0.0,0.8,,,0
Cashew Milk,Inside Out,Name brand,Milk & alternatives,,,24.0,,,,0.8,0.1,,0
Apple and peach puree,Woolworths,Supermarket own brand,Ice cream & desserts,C,,299.0,14.3,0.5,0.1,0.3,,1,0
Honey soy chicken breast tenders,Steggles,Name brand,Meat & seafood,,,205.0,6.1,,,11.4,1.8,,0
MOREish Cookies & Cream Gold Chocolate,Chokolata,Name brand,Confectionery,D,4,,24.6,0.14,20.3,4.6,21.7,1,0
Swiss Cheese Slices,Woolworths,Supermarket own brand,Cheese,D,,342.0,1.0,1.38,18.6,24.8,,,0
Spinach,Bell Farms,Name brand,"Fruit, veg & legumes",,,28.0,1.3,,1.3,2.0,3.3,,0
Wholemeal pita,,Unknown,Bread,A,,,1.5,0.62,0.3,11.8,5.4,,0
Fresh full cream milk,Coles,Supermarket own brand,Milk & alternatives,C,,66.0,10.8,0.25,6.0,8.8,0.0,,0
FatBlaster Weight Loss Shake - Chocolate flavour,Naturopathica,Name brand,Ready meals,,,349.0,,0.67,,,8.5,,0
Greek Style Yoghurt,Brownes Dairy,Name brand,Yoghurt,,,123.0,2.5,,6.0,6.4,,,0
Australian pistachios roasted and salted,Coles,Supermarket own brand,"Fruit, veg & legumes",B,,607.0,5.3,1.06,5.3,23.3,9.7,,0
Chocolate Chip Vegan Cookie,Start Me Up,Name brand,Biscuits & cakes,D,,381.0,23.3,2.22,4.8,13.3,7.8,,0
Raspberry Sherbert Fizz Stix,,Unknown,Confectionery,D,,356.0,45.6,0.27,4.0,10.8,,,0
The Greek,Brownes Dairy,Name brand,Yoghurt,C,4,,5.5,0.13,7.1,5.0,1.0,,0
Doughnuts,Coles,Supermarket own brand,Biscuits & cakes,,,,,,,,,,0
Blueberry muffins,Coles,Supermarket own brand,Biscuits & cakes,,,336.0,,,,4.5,1.2,,0
Grain Free Granola,Coles,Supermarket own brand,Breakfast cereals,D,,610.0,13.0,0.48,12.6,16.0,11.6,,0
Almond & Apricot Yogurt,Future Bake Australia,Name brand,Yoghurt,E,4,,28.3,0.61,9.2,6.3,2.9,8,0
Anzac biscuits,Coles,Supermarket own brand,Biscuits & cakes,,3,77.0,,,2.4,0.5,,,0
Cranberry & blackcurrant clusters,Coles,Supermarket own brand,Breakfast cereals,A,,412.0,15.4,0.21,1.6,9.0,8.8,,0
Chicken nuggets,Coles,Supermarket own brand,Meat & seafood,,,187.0,1.6,,1.0,14.0,,,0
Hummus,Coles,Supermarket own brand,Spreads,,,345.0,1.0,,4.0,10.0,1.0,,0
Cookies And Cream White chocolate,Coles,Supermarket own brand,Confectionery,E,4,552.0,52.9,0.9,19.6,6.0,,2,0
Buckwheat flour,Coles,Supermarket own brand,"Pasta, rice & grains",A,1,360.0,1.4,0.01,1.0,12.7,4.1,,0
Blueberries,Coles,Supermarket own brand,"Fruit, veg & legumes",,,49.0,9.5,,0.0,0.1,,,0
Traditional brioche Burger Buns,Coles,Supermarket own brand,Bread,D,,357.0,10.8,0.93,8.6,9.7,,,0
Life savers jelly beans,,Unknown,Confectionery,,4,328.0,52.4,,0.0,4.0,0.0,9,0
Parmesan Stuffed Olives,Always Fresh,Name brand,Cheese,D,4,144.0,0.0,3.27,3.0,2.0,,5,0
Vanilla Custard,Woolworths,Supermarket own brand,Ice cream & desserts,C,4,100.0,13.0,0.16,1.6,3.2,,4,0
Shredded Parmesan Dairy Free,,Unknown,Milk & alternatives,E,,379.0,0.0,2.15,28.0,0.0,3.0,,0
Salted popcorn,,Unknown,Chips & salty snacks,B,,387.0,0.9,0.3,0.6,13.0,0.0,,0
Wafer crackers,Ob Finest,Name brand,Chips & salty snacks,D,,406.0,1.0,1.73,2.0,4.0,0.0,,0
Salami,Thompson's Deli,Name brand,Meat & seafood,,,378.0,0.0,,12.3,20.4,,,0
Sweet chilli &sour cream,Natural Chip Company,Name brand,Chips & salty snacks,C,,495.0,2.8,1.12,2.4,6.8,4.0,,0
Tartare Sauce,,Unknown,Sauces & condiments,D,,414.0,19.0,1.42,2.4,0.4,0.4,,0
Raspberry conserve,,Unknown,Spreads,,,284.0,65.6,,4.0,4.0,0.0,,0
Hollandaise,Maggi,Name brand,Sauces & condiments,C,,155.0,4.0,1.01,4.6,2.0,,,0
Pana organic mint frozen desert,Pana,Name brand,Ice cream & desserts,,,269.0,18.5,,14.9,1.8,,,0
Salted caramel frozen dessert,Pana,Name brand,Ice cream & desserts,D,,133.0,12.0,0.2,8.5,1.1,,,0
Vanilla bean frozen dessert,Pana,Name brand,Ice cream & desserts,,,127.0,10.8,,7.5,0.6,,,0
Original Neapolitan,Peters,Name brand,Ice cream & desserts,D,4,180.0,22.2,0.23,5.2,2.0,,3,0
Spreadable hot salami,Northside Fine Foods,Name brand,Meat & seafood,E,4,272.0,1.0,3.0,9.4,18.6,,5,0
chocolate chip,,Unknown,Biscuits & cakes,E,,482.0,26.8,0.49,13.7,3.7,1.6,,0
White Miso paste,,Unknown,"Fruit, veg & legumes",D,,43.0,14.0,19.5,0.0,10.0,,,0
Devondale Our Creamy Colby,Devondale,Name brand,Cheese,D,3,,1.0,1.55,23.2,23.7,,,0
Boysenberry ice cream cone,Woolworths,Supermarket own brand,Ice cream & desserts,D,,280.0,27.5,0.19,8.9,3.4,,,0
Cream Apple Turnover,Coles Patisserie,Supermarket own brand,Ice cream & desserts,,4,,,,,,,15,0
Premium margherita pizza,,Unknown,Ready meals,C,,206.0,2.1,0.73,3.0,7.8,,,0
Black and gold barbecue sauce,,Unknown,Sauces & condiments,D,,136.0,32.0,1.27,0.0,0.5,,,0
Italian Style Hot Salami,,Unknown,Meat & seafood,E,,280.0,4.0,3.87,8.4,20.4,,,0
Almond Milk Unsweetened,,Unknown,Milk & alternatives,,,20.0,0.1,,0.2,0.7,,,0
Crustini,Always Fresh,Name brand,Chips & salty snacks,C,3,447.0,3.8,0.73,2.3,10.9,,,0
"John West Street Asian Indonesian Sambal, Chilli & Tuna",John West,Name brand,Meat & seafood,A,3,,3.3,0.78,0.9,16.5,,1,0
Manuka Honey,,Unknown,Spreads,D,2,,60.7,0.0,0.0,0.4,,,0
Barista Almond Milk,Sanitarium,Name brand,Milk & alternatives,,,38.0,1.6,,0.2,0.8,0.8,,0
YoPRO Blueberry,Danone,Name brand,Yoghurt,B,4,59.0,3.6,0.1,0.2,0.0,,1,0
Bagels,,Unknown,Bread,D,,0.0,6.4,1.02,61.0,0.3,,,0
Cashews,,Unknown,"Fruit, veg & legumes",C,,620.0,5.3,0.94,8.7,16.7,5.7,,0
Apple Juice,Golden Circle,Name brand,Soft drinks & juice,C,4,10.0,23.3,0.1,0.0,0.2,,1,0
Brownie,White Wings,Name brand,Biscuits & cakes,E,,397.0,44.1,0.9,8.5,4.8,,,0
The so soft marshmallow co.,So Soft,Name brand,Confectionery,D,4,,56.0,0.12,0.0,4.5,,1,0
Healthy choice Butter Chicken,McCain,Name brand,Meat & seafood,A,,107.0,1.2,0.12,1.6,4.9,,,0
Chocolate Milk,OAK,Name brand,Milk & alternatives,B,,34.0,4.9,0.13,0.5,1.4,,,0
Vanilla cheesecake,,Unknown,Biscuits & cakes,D,,349.0,17.3,0.42,13.8,8.6,,,0
Tamari,,Unknown,Sauces & condiments,D,,85.0,1.0,12.93,0.0,14.0,,,0
Lactose Free Milk,,Unknown,Milk & alternatives,C,,130.0,8.0,0.18,5.2,7.0,,,0
Almond milk,Almo,Name brand,Milk & alternatives,,,36.0,2.0,,0.2,1.1,0.4,,0
Camembert,yarra valley cheese,Name brand,Cheese,D,,,0.5,1.56,17.6,20.8,,,0
Jam Drop Biscuit,Woolworths,Supermarket own brand,Biscuits & cakes,,4,,,,,,,13,0
Organic chicken sausage,,Unknown,Meat & seafood,C,,171.0,0.2,1.28,3.0,17.6,,,0
Ultimate tropical mango,Danone,Name brand,Yoghurt,C,,144.0,14.4,0.08,4.8,3.1,,,0
Japanese Green Tea Ice-cream,,Unknown,Milk & alternatives,D,,,21.6,0.14,8.9,3.9,,,0
Spicy Thai noodles,,Unknown,"Pasta, rice & grains",,,410.0,3.0,2.29,6.1,1.2,,,0
Noodles with curried prawn flavour,Suimin,Name brand,"Pasta, rice & grains",,,,0.6,0.77,2.1,2.2,0.7,,0
Bbq sauce,,Unknown,Sauces & condiments,D,,132.0,28.5,1.55,0.0,1.0,,,0
Tuna-red curry,,Unknown,Meat & seafood,C,,129.0,3.1,0.64,5.6,11.9,,,0
Fruit & Nut Natural Muesli,Heritage Mill,Name brand,Breakfast cereals,B,,393.0,13.2,0.1,1.6,12.1,,,0
Greek yogurt &quot;flip&quot;,Chobani,Name brand,Yoghurt,B,,152.0,14.2,0.03,2.4,8.1,,,0
Choc biscuit crunch,Cadbury,Name brand,Biscuits & cakes,E,,556.0,46.6,0.1,19.4,5.7,,,0
blackcurrant juice syrup,ribena,Name brand,Soft drinks & juice,,4,,12.2,0.0,0.0,0.0,,4,0
Ambrosia Organic Peanut Butter,,Unknown,Spreads,,,587.0,,,,28.0,5.0,,0
Sesame Seeds,,Unknown,"Pasta, rice & grains",C,,253.0,0.6,0.02,6.8,22.2,,,0
Icelandic style yoghurt,,Unknown,Yoghurt,A,,61.0,2.9,0.04,0.5,9.6,,,0
yopro Vanilla and chai,,Unknown,Yoghurt,,4,,,,,,,1,0
Banana maple Greek Yoghurt with oats,Chobani,Name brand,Yoghurt,D,,96.0,11.4,22.9,0.1,7.2,,,0
cherry tomatoes in tomato juice,squisito,Name brand,"Fruit, veg & legumes",A,1,,3.8,0.03,0.0,1.2,,1,0
,Krispy Kreme Doughnuts,Name brand,Biscuits & cakes,,4,,,,,,,6,0
Dark Chocolate orange,Cadbury,Name brand,Confectionery,E,4,,29.5,0.01,28.2,6.7,,,0
,Krispy Kreme Doughnuts,Name brand,Biscuits & cakes,,4,,,,,,,2,0
Christmas 100s and 1000s,,Unknown,Confectionery,,,392.0,68.3,,0.2,0.1,,,0
Greek yogurt coconut,Chobani,Name brand,Yoghurt,,,87.0,9.8,,1.1,7.7,,,0
Turkish delight,,Unknown,Confectionery,,,373.0,77.6,,0.0,1.0,,,0
salted butter,,Unknown,Spreads,D,2,,,,,,,,0
Buttery blend spread,Coles,Supermarket own brand,Spreads,D,2,492.0,10.0,0.95,17.0,10.0,10.0,,0
Mexican Fajita,Mingle,Name brand,Sauces & condiments,,3,311.0,12.6,8.0,,12.6,13.7,,0
Organic Australian Silvered Almonds,,Unknown,"Fruit, veg & legumes",,,593.0,4.7,,4.0,21.3,10.0,,0
Almonds,,Unknown,"Fruit, veg & legumes",,,600.0,4.8,,3.7,19.5,,,0
Salmon spagetti,Woolworths,Supermarket own brand,Meat & seafood,,,107.0,2.7,,0.4,8.2,3.0,,0
Beef bone broth,Nutra organic,Name brand,Ready meals,,,8.0,0.0,,0.0,1.8,,,0
Lentils,Coles,Supermarket own brand,"Fruit, veg & legumes",,3,96.0,1.9,0.52,,7.7,4.6,,0
Creamy chicken & noodle soup,Hart & Soul,Name brand,Ready meals,C,4,73.0,0.8,0.21,2.2,2.1,,1,0
Hi-Tin Seed Loaf,,Unknown,Bread,C,,208.0,1.0,0.77,0.3,6.2,0.6,,0
Organic cheddar,The Organic Milk Co,Name brand,Cheese,D,,397.0,4.0,1.61,21.2,25.2,,,0
Oak protein vanilla,Oak,Name brand,Milk & alternatives,C,4,58.0,5.3,0.13,0.9,6.0,0.2,4,0
Mrs McGregor's margarine spread,,Unknown,Spreads,C,2,406.0,0.0,0.93,12.0,0.0,,,0
Trix,Nestle,Name brand,Breakfast cereals,C,4,398.0,27.0,0.22,0.7,6.7,5.0,5,0
"Big'N Chunky Bacon, Steak, Potato",Heinz,Name brand,Ready meals,B,4,49.0,1.9,0.54,0.4,2.4,,4,0
Leggo's fresh beef raviolo with tomato and parmesan,Leggos,Name brand,Ready meals,C,,228.0,1.3,1.22,1.8,8.9,1.7,,0
Lentils,Woolworths,Supermarket own brand,"Fruit, veg & legumes",A,1,60.0,0.1,0.09,0.0,4.5,4.5,,0
connoisseur mini ice cream salted caramel and macadamia,Connoisseur,Name brand,Ice cream & desserts,E,4,384.0,27.8,0.27,15.3,4.5,,10,0
almond,Woolworths,Supermarket own brand,"Fruit, veg & legumes",B,1,615.0,3.9,0.01,3.4,20.5,,,0
Hellmann's Real Mayonnaise,Hellmanns,Name brand,Sauces & condiments,E,4,708.0,1.3,1.49,6.4,1.1,0.0,,0
Almond,Woolworths,Supermarket own brand,Ice cream & desserts,E,,339.0,26.4,0.13,11.1,5.4,,,0
Weet-Bix Bites Coco Crunch,Sanitarium,Name brand,Breakfast cereals,D,4,779.0,20.0,0.2,3.0,10.0,9.2,2,0
English Vintage Cheddar,Thomas Dux,Name brand,Cheese,D,3,,0.1,1.75,21.7,25.0,,,0
Chicken Parmigiana,McCain,Name brand,Ready meals,B,,155.0,1.3,0.4,2.0,6.0,,,0
Veggie strips,Wildly good,Name brand,"Fruit, veg & legumes",A,,143.0,3.4,0.97,0.5,5.9,3.9,,0
Raspberry flavoured gummy frogs imp,Funday Natural Sweets,Name brand,Confectionery,A,,214.0,6.6,0.1,0.0,6.0,14.0,,0
Mozzarella Shredded Cheese,Woolworth’s,Name brand,Cheese,D,4,264.0,4.0,1.12,10.0,25.6,,2,0
SUNSOL,,Unknown,Breakfast cereals,A,,431.0,1.7,0.01,2.4,13.0,9.5,,0
Protein Pizza,Fropro,Name brand,Ready meals,C,,168.0,1.1,1.5,2.8,16.4,14.7,,0
Natural Pine Nuts,,Unknown,"Fruit, veg & legumes",A,,699.0,3.3,0.01,5.4,14.1,4.8,,0
Barbecue flavoured rice crackers,Peckish,Name brand,Chips & salty snacks,D,4,422.0,4.4,0.96,4.4,7.1,,3,0
Classic roast chicken,Moira Mac’s,Name brand,Meat & seafood,C,,131.0,1.0,1.92,1.0,18.0,0.0,,0
Fettuccine,Woolworths,Supermarket own brand,"Pasta, rice & grains",A,,360.0,3.0,0.01,0.4,13.0,3.8,,0
pumpkin and lentil dahl,we feed you,Name brand,Ready meals,B,3,,1.8,0.24,2.1,4.1,3.0,2,0
Wensleydale & Cranberries Gippsland Club Cheese,Coles,Supermarket own brand,Cheese,D,3,,10.0,1.3,13.0,21.3,2.9,,0
barista tiger nut milj,,Unknown,Milk & alternatives,C,3,,1.5,0.14,0.5,0.9,,,0
Lactose Chocolate,Pauls,Name brand,Milk & alternatives,D,,76.0,7.9,0.1,2.2,3.2,0.4,,0
Beef tortellini,Core Powerfoods,Name brand,Ready meals,C,,163.0,1.9,0.63,1.9,8.9,,,0
Soy Sauce,Mr Chen's Pantry,Name brand,Sauces & condiments,E,3,39.0,5.0,16.2,,4.0,,1,0
Primo Reserve Smoked Leg Ham,Primo,Name brand,Meat & seafood,D,4,105.0,0.2,2.08,0.2,21.4,,4,0
Caesar salad,Coles,Supermarket own brand,Ready meals,C,,126.0,3.0,1.06,2.5,5.2,1.1,,0
Protein Plus+ Cereal,Uncle Tobys,Name brand,Breakfast cereals,A,,370.0,19.2,0.36,0.8,14.0,7.8,,0
Continental Cucumber,Woolworths,Supermarket own brand,"Fruit, veg & legumes",A,,,1.2,0.03,0.0,0.8,1.4,,0
Twirl Sharepack,Cadbury,Name brand,Confectionery,E,4,531.0,56.4,0.21,17.9,7.1,,1,0
White soft wraps,Woolworths,Supermarket own brand,Bread,C,4,291.0,2.7,0.83,4.2,9.1,5.1,7,0
Brazil Nuts,Macro,Supermarket own brand,"Fruit, veg & legumes",B,,690.0,2.0,0.01,14.7,14.3,8.7,,0
Raspberry High Protein Yoghurt,Siggi's,Name brand,Yoghurt,A,4,78.0,7.8,0.09,0.2,9.1,0.3,1,0
Cabanossi,Primo,Name brand,Meat & seafood,E,,220.0,1.0,3.27,5.7,17.4,,,0
White Sourdough,Abbot’s,Name brand,Bread,C,4,244.0,3.2,0.95,0.4,9.6,,2,0
Giant Sausage Roll,Mrs Macs,Name brand,Chips & salty snacks,D,4,302.0,0.5,1.27,8.3,9.4,,7,0
Doongara Clever Rice,Sunrice,Name brand,"Pasta, rice & grains",C,,355.0,1.4,0.02,0.0,7.4,1.4,,0
Basil pesto & pecorino dip,Rozas,Name brand,Sauces & condiments,D,,270.0,1.5,0.79,15.0,9.0,,,0
,John West,Name brand,Meat & seafood,D,4,,1.0,0.41,7.2,16.7,,,0
25 Degrees South,25 South,Name brand,Ready meals,D,4,195.0,1.1,1.65,3.2,7.9,2.5,2,0
Big Feast Japanese Katsu Chicken,On the Menu,Name brand,Ready meals,C,,112.0,1.5,0.72,0.7,4.4,,,0
Cont beef stroganoff seasoning 40g,continental,Name brand,Meat & seafood,E,,345.0,28.2,11.8,0.0,3.6,2.7,,0
Manga greek yoghurt,Chobani,Name brand,Yoghurt,A,4,100.0,12.2,0.1,0.1,11.0,,6,0
Ridiculously delicious peanut butter,,Unknown,Spreads,D,,623.0,5.3,1.22,9.3,24.0,,,0
Broccoli Florets,Macro,Supermarket own brand,"Fruit, veg & legumes",A,,31.0,1.0,0.02,1.0,4.7,3.7,,0
Butter Chicken with Turmeric Rice and Currants,Dineamic,Name brand,Meat & seafood,C,,127.0,3.0,0.52,2.2,6.9,1.5,,0
High Protein Pasta,Vetta,Name brand,Ready meals,A,4,343.0,2.4,0.04,0.3,24.9,,,0
Australian medium grain Calrose Rice,Sunrice,Name brand,"Pasta, rice & grains",B,,210.0,1.4,0.02,0.1,3.9,1.4,,0
Lemon Pepper and Herb Carved Chicken Breast,Mt Barker,Name brand,Meat & seafood,A,4,131.0,1.9,0.9,0.6,24.4,,3,0
Mixed Leaf with Carrot,Woolworths,Supermarket own brand,"Fruit, veg & legumes",A,1,25.0,2.0,0.06,1.0,0.0,2.2,,0
Oat Milky,Vitasoy,Name brand,Milk & alternatives,C,,42.0,0.9,0.12,0.3,0.5,,,0
Pesto Sundried Tomato,Leggos,Name brand,Sauces & condiments,D,4,200.0,6.8,2.68,1.5,3.8,3.2,1,0
Max Charge Cereal,Woolworths,Supermarket own brand,Breakfast cereals,D,,383.0,21.3,0.88,2.7,17.7,7.3,,0
Smoked Sprats,Woolworths,Supermarket own brand,Meat & seafood,A,4,0.0,0.0,0.0,1.7,17.6,0.0,,0
Teeny Tiny Teddy Treasure Hunt Porridge,Arnott's,Name brand,Breakfast cereals,C,4,395.0,20.6,0.04,1.7,9.9,9.0,1,0
Salted butter,,Unknown,Spreads,E,2,730.0,1.0,1.38,53.1,1.0,0.0,,0
Tzatziki dip,,Unknown,Sauces & condiments,D,,230.0,12.0,1.82,5.0,11.0,,,0
Tzatziki,,Unknown,Sauces & condiments,C,,59.0,4.0,0.61,1.6,0.6,,,0
Thick tzatziki,,Unknown,Sauces & condiments,C,,80.0,4.8,0.77,2.4,5.2,,,0
Tzatziki,,Unknown,Sauces & condiments,C,,112.0,8.0,0.55,4.0,5.2,,,0
Violet Crumble,Menz,Name brand,Confectionery,E,4,,15.0,0.19,16.3,2.4,,4,0
Australia corn kernels,Woolworths,Supermarket own brand,"Pasta, rice & grains",C,,93.0,3.1,0.02,1.3,3.1,2.5,,0
Jasmine rice gluten free,Sun rice,Name brand,"Pasta, rice & grains",B,4,171.0,0.1,0.01,0.1,2.9,0.1,1,0
Tasmanian Salmon Portions,Coles,Supermarket own brand,Meat & seafood,A,,231.0,,0.12,3.0,21.0,,,0
Classic ice cream sandwitches- cookies and cream,Woolworths,Supermarket own brand,Ice cream & desserts,D,,294.0,23.1,0.59,6.4,4.2,1.2,,0
LA Ice Cola Soft Drink 2L,LA Ice,Name brand,Soft drinks & juice,E,4,43.0,10.5,0.0,0.0,0.0,0.0,2,0
Real choc top,Natvia,Name brand,Sauces & condiments,B,,32.0,0.1,0.53,0.5,0.4,,,0
Beef Ravioli with Napolitana Sauce,My Muscle Chef,Name brand,Ready meals,B,,127.0,3.4,0.82,0.7,10.3,0.6,,0
Tuna chunks in springwater,Coles,Supermarket own brand,Meat & seafood,A,,101.0,0.0,0.74,0.3,22.7,0.0,,0
Mixed nibbles,Snappy,Name brand,Chips & salty snacks,C,,390.0,2.6,0.45,0.1,4.1,,,0
Red rock deli honey soy chicken deli style crackers,red-rock-deli,Name brand,Chips & salty snacks,D,,447.0,6.2,1.92,1.5,6.9,4.4,,0
,Dare,Name brand,Milk & alternatives,E,4,,9.9,0.11,2.2,3.6,0.0,1,0
Big’N Chunky Beef Stockpot,Heinz,Name brand,Meat & seafood,B,4,53.0,1.4,0.76,0.5,2.4,1.0,1,0
Diamond ciabatta,Woolworths,Supermarket own brand,Bread,C,4,257.0,3.7,1.02,0.4,9.6,2.8,2,0
Chupa Chups Mixed Minis,Chupa Chups,Name brand,Ice cream & desserts,C,4,88.0,21.2,0.0,0.0,0.0,,6,0
Kit Kat: Chunky - Aero Mint imp,Nestle,Name brand,Muesli & protein bars,E,,531.0,53.1,0.16,16.7,5.6,,,0
Mighty Grain,Coles,Supermarket own brand,Breakfast cereals,D,4,382.0,21.3,0.88,3.3,17.7,7.3,,0
Belgian milk chocolate,Coles,Supermarket own brand,Confectionery,E,,541.0,54.6,0.15,19.4,7.3,2.0,,0
White Ciabatta,Woolworths,Supermarket own brand,Bread,C,,266.0,2.5,0.86,0.9,7.7,1.9,,0
Butter chicken and rice,Macros,Supermarket own brand,Ready meals,C,,165.0,1.0,0.4,3.3,9.5,,,0
Banana Custard Donuts,,Unknown,Biscuits & cakes,E,,356.0,15.7,0.72,9.5,4.7,,,0
Sardines in springwater,Deep Cove,Name brand,Meat & seafood,A,3,120.0,0.0,0.25,0.8,23.8,,,0
Sugar Free Milk Chocolate Melts,Noshu,Name brand,Confectionery,D,,418.0,5.0,0.14,22.5,9.5,26.5,,0
Essentials Salted Butter 250G,Essentials,Supermarket own brand,Spreads,E,2,740.0,1.0,1.38,53.1,1.0,,,0
"Apricot, fig and chia baked oat bites",,Unknown,Muesli & protein bars,C,,406.0,3.2,0.35,1.0,7.1,,,0
Soya Beans,Adams Apple,Name brand,"Fruit, veg & legumes",A,1,,6.7,0.01,2.9,31.3,,,0
Lebanese bread,,Unknown,Bread,A,,308.0,0.3,0.5,0.3,11.0,9.0,,0
Smoked Salmon,Tassal,Name brand,Meat & seafood,E,,249.0,1.3,2.93,3.9,24.5,,,0
Tabasco Sriracha,Mc Ilhenny Co.,Name brand,Sauces & condiments,E,3,117.0,21.7,6.0,,0.2,,,0
Angus Beef Sausages,The British Sausage Co.,Name brand,Meat & seafood,D,,235.0,1.3,1.2,8.7,13.1,,,0
Maltesers Funsize Sharepack,Maltesers,Name brand,Confectionery,E,,500.0,55.8,0.27,14.2,6.7,,,0
Black Eye Beans,Adams Apple,Name brand,"Fruit, veg & legumes",A,1,,0.3,0.01,0.0,5.5,,,0
Cold Extract Raw Honey,Honeycube,Name brand,Spreads,D,2,320.0,78.1,0.03,0.0,0.4,,,0
Pub size Grilled chicken & bacon creamy pasta bake,McCain,Name brand,Ready meals,C,4,164.0,0.7,0.75,4.6,9.0,,10,0
Wholemeal sandwich loaf,,Unknown,Bread,C,4,228.0,3.1,0.9,1.4,9.1,,1,0
Primal muesli,,Unknown,Breakfast cereals,E,,175.0,11.1,8.0,11.7,9.8,,,0
Pepperoni Pizza,McCain,Name brand,Ready meals,D,,270.0,5.7,0.98,5.9,11.7,,,0
Australian Nugget Lentils,Galaxy,Name brand,"Fruit, veg & legumes",A,4,,1.5,0.01,0.3,24.2,,,0
Masterfood Honey BBQ MARINADE 375g,Masterfoods,Name brand,Sauces & condiments,D,,144.0,29.5,2.45,0.3,0.5,,,0
Carman’s Protein Dark Choc & Cranberry,Carman’s,Name brand,Muesli & protein bars,D,4,492.0,23.0,0.33,5.5,26.2,6.5,1,0
Honey,Cloverdale,Name brand,Spreads,E,2,338.0,82.7,0.04,,0.0,,,0
Snickers Sharepack,Mars wrigley,Name brand,Muesli & protein bars,E,4,481.0,52.0,0.67,8.0,8.7,,,0
Mango,Woolworths,Supermarket own brand,"Fruit, veg & legumes",A,,59.0,12.9,0.01,0.7,0.7,1.3,,0
Cont Chicken curry 90g,Continental,Name brand,Ready meals,C,,117.0,2.8,0.79,0.2,4.0,,,0
Beef sausages,Certified organic,Name brand,Meat & seafood,D,4,215.0,1.3,0.88,8.0,12.9,,2,0
Chunky Pumpkin and Chickpea,Campbell's,Name brand,Ready meals,C,4,59.0,3.7,0.66,0.1,2.0,2.0,4,0
Green Goodness Salad,Woolworths,Supermarket own brand,Ready meals,C,,174.0,6.9,0.34,1.2,5.4,3.6,,0
Wagon wheels orginal single 48g,Arnotts,Name brand,Biscuits & cakes,E,,430.0,43.8,0.28,11.0,3.8,,,0
CAD Dream bar 50g,Cadbury,Name brand,Muesli & protein bars,E,3,,61.8,0.25,19.8,3.9,,,0
Nes Aero milk choco 118g,Aero,Name brand,Confectionery,E,4,542.0,54.7,0.25,18.7,8.0,,2,0
peanut M&M’s 380gm,M&m's,Name brand,Confectionery,E,4,507.0,54.4,0.12,10.0,9.6,,8,0
Hommus to go,Obela,Name brand,Spreads,D,,263.0,1.7,1.21,2.3,8.0,,,0
Worcestershire sauce,Beerenberg,Name brand,Sauces & condiments,D,,137.0,31.3,1.5,0.0,0.0,,,0
Honey Joy,Carman's,Name brand,Muesli & protein bars,B,4,373.0,15.3,0.23,1.3,7.3,11.3,1,0
Spelt Sourdough,,Unknown,Bread,C,4,246.0,0.1,0.61,0.3,8.5,,1,0
Wholegran Wok Ready Noodles,,Unknown,"Pasta, rice & grains",A,4,128.0,0.3,0.15,0.2,5.8,,7,0
Creamed Honey,Bonville,Name brand,Spreads,E,2,,82.1,0.04,0.0,0.3,,,0
Fettuccine 12,Zafarelli,Name brand,"Pasta, rice & grains",A,1,361.0,2.5,0.07,0.5,11.5,4.0,,0
Frozen strawberries,Woolworths,Supermarket own brand,"Fruit, veg & legumes",A,1,25.0,3.8,0.01,0.7,0.7,2.5,,0
Coco Pops,Kellogg's,Name brand,Breakfast cereals,D,,390.0,32.3,0.82,0.0,5.7,1.7,,0
Finest british cheddar,Coles,Supermarket own brand,Cheese,D,,412.0,4.0,1.81,21.6,25.6,0.0,,0
Hickory BBQ sauce,,Unknown,Sauces & condiments,E,,161.0,34.2,1.9,0.0,1.0,,,0
Greek Style Fetta Cheese,Woolworths,Supermarket own brand,Cheese,E,3,321.0,1.0,3.88,18.7,19.9,,,0
BlackBerry Jam,Cottees,Name brand,Spreads,D,,279.0,65.3,0.0,0.0,0.0,,,0
White Pane di Casa,Woolworths,Supermarket own brand,Bread,C,,241.0,2.5,1.0,1.0,9.0,2.5,,0
Figs,Woolworths,Supermarket own brand,"Fruit, veg & legumes",C,1,,,,,,,,0
Strawberry greek - Chobani Fit,Chobani,Name brand,Yoghurt,A,,58.0,3.2,0.09,0.1,9.6,0.1,,0
Plain rye bread,,Unknown,Bread,C,3,144.0,0.2,0.7,0.2,4.8,1.5,,0
Butter chicken,Coles,Supermarket own brand,Meat & seafood,B,,123.0,0.4,0.57,1.8,5.7,1.0,,0
Simply Seed Crackers Original,,Unknown,Chips & salty snacks,C,,458.0,1.5,0.75,5.0,21.5,18.5,,0
Beef sausages Garlic & Herb,Coles,Supermarket own brand,Meat & seafood,D,,253.0,0.7,1.17,9.9,12.1,0.7,,0
Beef lasagne,Woolworths,Supermarket own brand,Meat & seafood,C,,128.0,1.8,0.57,2.6,4.4,1.2,,0
lazuppa roasted pumpkin soup,,Unknown,Ready meals,E,3,25.0,2.2,242.0,0.0,0.8,1.2,,0
Multigrain Dinner Roll,Coles,Supermarket own brand,Bread,D,,262.0,30.2,1.01,2.3,27.9,6.0,,0
Australian Colby Cheese Slices,Coles,Supermarket own brand,Cheese,D,3,389.0,1.0,1.76,23.9,22.8,1.0,,0
Mango Chutney Sweet,,Unknown,Spreads,E,,222.0,50.0,3.0,0.0,0.5,1.5,,0
Natural mixed nuts,Macro,Supermarket own brand,"Fruit, veg & legumes",C,1,625.0,4.6,0.01,4.1,16.6,8.1,,0
Diced Italian Tomatoes,Woolworths,Supermarket own brand,"Fruit, veg & legumes",A,1,23.0,2.5,0.03,0.1,0.8,1.9,1,0
Dairy Kids Raspberry,Tamar Valley,Name brand,Ice cream & desserts,C,4,96.0,4.1,0.09,4.4,3.2,0.2,,0
"Snack time Black Beans, Capsicum and Charred Corn",Edgell,Name brand,"Fruit, veg & legumes",A,3,121.0,2.0,0.6,0.9,5.6,11.1,,0
Penne Bolognese,Ready Chef,Name brand,Ready meals,C,,145.0,2.7,0.76,1.3,5.2,1.7,,0
BBQ MEAT LOVERS PIZZA,Della Rossa,Name brand,Ready meals,D,,223.0,5.2,1.88,2.8,9.0,3.3,,0
Air-Dried Salami Sticks Barbecue 5 Pack,Primo,Name brand,Meat & seafood,E,4,400.0,8.9,3.97,11.1,31.1,5.6,4,0
Primo Cabanossi Tasty Cheese & Jatz,Primo,Name brand,Cheese,D,,364.0,2.0,1.89,12.4,16.8,,,0
Real Mayonnaise,Best Foods,Name brand,Sauces & condiments,E,,702.0,1.4,1.7,6.4,0.7,,,0
Beef Jerky (Chilli) (1 packet = 3 serves),Mike's Beef Jerky,Name brand,Meat & seafood,E,4,,4.3,5.75,2.0,44.0,,3,0
Seasoned sides Mediterranean,Birds Eye,Name brand,"Fruit, veg & legumes",C,,102.0,2.5,0.74,1.2,2.1,,,0
Crumbed Chicken Breast Fingers,Steggles,Name brand,Meat & seafood,D,,230.0,3.6,1.59,1.6,11.2,0.6,,0
Pretzel Salted,,Unknown,Chips & salty snacks,D,,397.0,2.0,2.29,2.4,12.0,,,0
