chain,lon,lat
Coles,152.915,-31.477
Coles,152.796,-31.649
Woolworths,151.118,-34.044
Other,151.21,-34.012
Woolworths,151.225,-33.945
Woolworths,151.25,-33.951
Coles,151.207,-33.877
Coles,151.266,-27.18
Woolworths,151.268,-27.181
Other,151.263,-27.181
Woolworths,151.976,-27.571
Other,151.979,-27.586
Other,151.965,-27.581
Other,149.059,-35.353
Coles,151.186,-33.794
IGA,150.698,-34.776
Other,144.734,-37.277
Coles,114.617,-28.767
IGA,149.122,-35.264
Other,151.097,-33.671
Other,138.663,-34.926
Other,151.099,-33.676
Other,150.629,-33.731
Other,151.24,-33.824
Other,138.562,-34.925
Woolworths,138.562,-34.931
Coles,138.566,-34.956
Coles,115.95,-32.069
Woolworths,152.981,-27.532
Woolworths,153.013,-27.412
Aldi,153.012,-27.411
Coles,153.444,-28.074
Woolworths,151.123,-33.889
Coles,151.125,-33.89
Coles,151.107,-33.875
Woolworths,151.105,-33.874
Coles,145.172,-37.791
Woolworths,151.108,-33.779
Woolworths,152.668,-26.199
IGA,150.608,-33.744
Other,149.103,-35.234
Other,115.895,-33.08
Coles,122.243,-17.952
Woolworths,122.228,-17.953
Coles,151.127,-33.733
IGA,151.127,-33.734
IGA,151.116,-33.718
Woolworths,151.082,-33.731
Woolworths,151.152,-33.755
IGA,149.073,-35.209
Woolworths,153.061,-27.403
IGA,149.118,-35.197
Woolworths,148.673,-20.29
IGA,149.099,-35.183
Woolworths,147.303,-42.98
Woolworths,152.996,-27.394
Coles,145.24,-37.868
Coles,145.164,-37.835
Woolworths,145.164,-37.836
IGA,151.199,-33.896
Coles,150.608,-33.671
Woolworths,151.014,-34.064
Woolworths,152.903,-27.678
Aldi,152.983,-27.575
Coles,116.059,-31.973
IGA,116.045,-32.006
Other,116.053,-31.999
Other,138.498,-34.793
Coles,144.892,-38.361
Other,138.747,-34.599
Woolworths,138.748,-34.597
Coles,145.279,-37.794
IGA,145.571,-36.751
Coles,145.238,-37.921
Coles,145.085,-37.886
Woolworths,145.084,-37.887
Aldi,145.084,-37.886
Woolworths,145.692,-16.838
Other,145.462,-16.527
Woolworths,149.053,-35.341
Woolworths,149.057,-35.38
Other,150.817,-34.5
Woolworths,153.03,-27.462
Coles,144.679,-37.875
IGA,115.849,-32.041
Other,152.566,-26.945
IGA,130.983,-25.241
Woolworths,144.968,-37.798
IGA,152.98,-27.138
IGA,153.186,-27.455
Coles,149.067,-35.417
IGA,151.181,-33.896
Coles,152.993,-27.406
Other,149.082,-35.363
Woolworths,149.095,-35.366
IGA,151.028,-33.682
Coles,138.616,-35.019
Coles,152.939,-27.551
Woolworths,152.939,-27.549
Coles,145.149,-37.854
IGA,138.659,-34.933
Woolworths,138.651,-34.927
Other,145.308,-37.894
Coles,145.003,-37.949
Other,149.087,-35.352
Aldi,149.069,-35.418
Woolworths,145.165,-37.875
Coles,145.165,-37.877
IGA,152.174,-32.721
Other,147.217,-41.25
Woolworths,145.302,-37.823
Other,148.285,-42.122
Woolworths,145.311,-37.803
Woolworths,145.19,-37.91
Other,152.971,-27.395
Woolworths,132.265,-14.466
Woolworths,152.969,-27.36
Coles,144.566,-37.686
Woolworths,144.567,-37.686
Other,145.001,-37.76
Woolworths,153.065,-27.57
Coles,153.172,-27.445
Other,149.108,-35.343
Other,150.285,-33.636
IGA,150.285,-33.638
Woolworths,153.1,-27.472
Coles,153.099,-27.471
Other,153.134,-26.804
Coles,145.288,-37.861
Woolworths,145.349,-37.76
Coles,149.236,-35.352
IGA,152.964,-27.258
Coles,152.977,-27.298
IGA,151.623,-32.952
Coles,151.623,-32.924
Woolworths,145.128,-37.878
Other,145.129,-37.876
Coles,149.134,-35.321
Woolworths,150.928,-33.734
Coles,145.479,-38.078
IGA,153.059,-27.429
Woolworths,149.582,-33.42
Woolworths,149.583,-33.418
Coles,149.582,-33.416
Woolworths,145.278,-38.082
Coles,145.471,-38.086
Coles,145.193,-38.115
Woolworths,145.126,-38.14
Coles,145.123,-38.142
Woolworths,145.133,-37.983
Aldi,145.055,-37.959
Coles,145.051,-37.959
Coles,151.646,-32.974
IGA,138.612,-34.929
Coles,153.012,-27.477
Coles,145.04,-38.219
Woolworths,145.09,-38.184
IGA,151.731,-32.917
Other,147.367,-35.103
Woolworths,145.172,-38.224
Coles,145.17,-38.224
Coles,145.214,-37.983
IGA,138.599,-34.935
Woolworths,115.86,-31.953
Other,144.954,-37.799
Coles,115.073,-33.952
Coles,115.757,-31.895
Other,145.157,-38.112
IGA,152.974,-27.412
Coles,150.932,-31.093
IGA,138.613,-34.933
Aldi,149.717,-34.758
Coles,147.159,-41.468
Woolworths,153.039,-27.696
Coles,153.327,-29.428
Coles,153.396,-28.328
Woolworths,153.003,-30.644
IGA,145.589,-38.606
Aldi,145.593,-38.604
Coles,151.668,-32.903
Aldi,151.667,-32.902
Other,153.073,-27.468
Woolworths,145.173,-37.993
Coles,145.172,-37.992
Woolworths,147.043,-41.364
Coles,152.974,-27.153
Other,151.903,-24.212
Other,151.902,-24.213
Other,149.054,-35.226
Other,149.962,-26.122
Other,151.944,-27.554
Coles,151.949,-27.594
Woolworths,151.932,-27.565
Coles,149.071,-35.253
Woolworths,149.044,-35.243
Coles,144.995,-37.825
Other,113.719,-25.794
Other,115.787,-31.845
IGA,149.049,-35.208
Woolworths,149.033,-35.205
Woolworths,149.02,-35.223
IGA,151.23,-33.829
Woolworths,151.72,-32.887
Other,146.952,-41.299
Woolworths,150.924,-33.918
Woolworths,150.89,-33.887
Woolworths,145.059,-37.885
IGA,153.007,-27.266
Coles,153.017,-27.272
Other,152.943,-27.384
Coles,150.693,-33.758
Woolworths,152.983,-27.737
Coles,115.886,-32.011
Other,147.251,-37.461
IGA,152.208,-32.413
Other,152.686,-31.871
Other,152.694,-31.87
Woolworths,150.668,-33.789
Other,152.663,-31.881
Coles,149.085,-35.347
IGA,149.857,-33.704
Other,149.858,-33.704
Other,151.465,-33.406
Coles,144.753,-37.895
Coles,145.126,-37.787
Woolworths,145.126,-37.787
Other,117.878,-35.017
Other,153.536,-27.428
Other,153.543,-27.433
IGA,146.856,-19.158
Other,146.849,-19.16
Coles,130.985,-12.482
Woolworths,145.027,-37.863
Coles,151.726,-32.908
Coles,117.796,-22.694
Woolworths,144.939,-37.707
Woolworths,153.082,-27.415
Woolworths,153.032,-27.381
Coles,147.306,-42.856
Other,147.486,-42.914
Other,138.596,-34.907
Coles,145.301,-38.069
IGA,115.897,-31.84
Coles,151.761,-32.928
IGA,145.146,-37.03
Woolworths,146.42,-38.314
Other,146.421,-38.312
Coles,151.758,-32.938
Coles,145.069,-37.651
Woolworths,145.074,-37.652
Woolworths,145.425,-36.388
Coles,130.895,-12.396
Woolworths,115.794,-31.799
IGA,115.79,-31.808
Coles,147.161,-41.441
Other,138.61,-34.975
Coles,138.532,-34.905
Other,115.716,-31.67
Woolworths,144.944,-37.821
Woolworths,151.926,-27.544
Aldi,144.861,-37.793
Coles,144.86,-37.794
Coles,138.641,-34.942
Coles,145.932,-38.162
Woolworths,145.931,-38.16
IGA,150.955,-33.948
Woolworths,147.125,-41.48
IGA,147.136,-41.471
Other,153.176,-27.663
Coles,147.148,-41.429
Aldi,151.905,-27.536
Other,151.933,-27.528
Woolworths,151.951,-27.595
Coles,145.149,-37.715
Aldi,145.15,-37.713
IGA,147.994,-37.878
Other,116.324,-21.639
Coles,150.92,-33.718
IGA,145.093,-37.713
Coles,145.103,-37.702
Woolworths,151.742,-32.763
Woolworths,151.745,-32.761
Aldi,151.746,-32.759
IGA,146.09,-37.052
Coles,151.129,-33.868
Coles,151.316,-33.428
IGA,115.915,-31.963
Woolworths,149.099,-35.404
IGA,150.437,-35.317
Woolworths,150.659,-33.753
Aldi,150.659,-33.752
Other,115.813,-31.94
Other,116.071,-31.995
Coles,144.978,-37.413
Woolworths,144.978,-37.411
Coles,145.221,-37.816
Aldi,145.223,-37.816
Coles,145.07,-37.683
Other,116.209,-31.878
Coles,116.167,-31.901
Other,122.215,-17.961
IGA,115.815,-31.984
Woolworths,145.005,-37.848
Coles,151.306,-33.676
Woolworths,144.978,-37.859
Woolworths,144.979,-37.869
Coles,144.981,-37.869
IGA,115.757,-31.989
IGA,148.016,-40.121
Other,144.99,-37.789
Other,145.069,-37.971
Coles,151.224,-33.944
Other,144.978,-37.803
Woolworths,148.621,-36.415
Other,140.506,-20.707
Coles,145.144,-37.892
IGA,115.795,-31.981
Other,149.153,-35.239
Coles,144.965,-37.818
Woolworths,145.091,-37.901
IGA,144.957,-37.826
IGA,144.961,-37.816
Coles,149.136,-35.186
Woolworths,149.134,-35.185
Woolworths,141.603,-38.345
Woolworths,153.366,-28.079
Coles,153.365,-28.08
Other,144.225,-37.6
IGA,152.824,-27.196
IGA,142.237,-38.385
Aldi,151.641,-32.934
Woolworths,151.641,-32.935
Coles,151.642,-32.935
Other,153.064,-27.383
Coles,152.15,-32.653
Woolworths,151.326,-33.486
Other,145.54,-41.78
Coles,115.834,-31.941
Other,144.492,-38.281
Other,150.623,-33.767
Coles,149.126,-36.236
Coles,146.355,-41.177
Woolworths,146.356,-41.177
Aldi,146.925,-36.076
Other,145.82,-38.702
Woolworths,144.778,-37.699
Aldi,144.779,-37.699
Woolworths,150.951,-33.829
Other,115.94,-31.946
Woolworths,138.592,-35.076
Woolworths,115.824,-31.944
IGA,115.765,-31.728
IGA,146.317,-36.358
Coles,151.673,-32.985
Woolworths,151.673,-32.984
IGA,151.026,-33.797
Other,147.201,-41.458
Coles,146.317,-36.36
IGA,152.987,-30.654
Woolworths,144.966,-37.811
Other,152.886,-27.373
Woolworths,153.069,-27.321
Other,152.887,-27.37
Other,115.769,-31.983
Coles,145.218,-37.987
Other,144.94,-37.841
Woolworths,141.864,-12.639
Woolworths,152.999,-27.252
IGA,145.125,-38.373
Woolworths,150.933,-33.818
Other,133.675,-32.125
IGA,144.94,-37.842
IGA,151.054,-31.057
Woolworths,144.607,-37.888
Woolworths,147.376,-35.142
Aldi,149.053,-35.341
Other,149.033,-35.337
Woolworths,151.344,-33.426
Aldi,151.351,-33.407
Coles,151.351,-33.405
Woolworths,145.347,-38.03
Other,138.666,-34.67
Coles,115.717,-31.69
Other,138.505,-34.907
Coles,146.17,-41.158
Woolworths,152.897,-27.61
IGA,149.6,-33.406
Other,149.61,-33.415
Woolworths,138.62,-35.553
Coles,144.895,-37.727
Aldi,145.301,-38.017
Coles,150.472,-35.358
IGA,149.163,-35.248
IGA,115.859,-31.994
Coles,115.716,-33.28
Other,144.977,-37.804
IGA,151.958,-32.008
Woolworths,145.613,-37.782
Woolworths,143.825,-37.534
Coles,143.824,-37.535
Coles,145.518,-37.652
Woolworths,144.928,-37.787
Other,115.758,-32.07
Other,115.758,-32.071
Woolworths,115.759,-32.075
IGA,116.104,-31.903
Woolworths,119.732,-23.357
IGA,151.09,-33.818
Woolworths,145.104,-37.94
Woolworths,144.962,-37.776
Coles,144.963,-37.776
Coles,144.952,-37.815
Coles,145.001,-37.769
Aldi,145.0,-37.769
Other,151.207,-33.865
Other,144.976,-37.798
Other,149.125,-35.252
Other,153.098,-27.66
Other,138.523,-35.022
Other,138.664,-34.879
Other,138.675,-34.878
Other,138.673,-34.877
Woolworths,117.884,-35.019
Woolworths,151.169,-33.815
Other,145.718,-38.098
Woolworths,121.891,-33.858
Aldi,142.479,-38.38
Other,142.994,-38.62
IGA,121.908,-33.837
IGA,150.941,-31.126
Other,142.981,-38.485
IGA,153.096,-27.519
Other,153.028,-27.629
Woolworths,153.045,-27.631
Other,153.041,-27.613
Other,151.006,-33.661
Coles,115.64,-33.326
Other,115.63,-33.362
Coles,115.646,-33.36
Woolworths,115.641,-33.337
IGA,115.657,-33.349
Woolworths,150.952,-33.747
Woolworths,145.048,-38.245
Other,115.113,-21.638
Woolworths,144.883,-37.858
Other,115.967,-32.082
Other,147.37,-42.875
Coles,153.009,-27.437
Other,115.987,-32.089
Woolworths,152.998,-27.459
Other,144.529,-37.356
Woolworths,138.646,-34.761
Other,116.029,-31.916
Aldi,153.441,-28.097
Woolworths,153.442,-28.096
Woolworths,115.949,-32.068
IGA,142.918,-38.241
Woolworths,149.085,-35.346
IGA,144.756,-37.778
Woolworths,151.164,-32.567
IGA,142.027,-36.453
Woolworths,138.667,-34.72
Other,144.98,-37.806
IGA,144.971,-37.81
Woolworths,144.97,-37.81
Woolworths,115.716,-33.319
Other,145.83,-41.04
IGA,115.838,-31.921
Woolworths,153.301,-27.852
Woolworths,145.409,-37.875
Other,115.877,-31.953
Woolworths,153.015,-27.454
Coles,117.177,-32.932
Woolworths,144.549,-38.258
Other,115.742,-31.718
Other,151.185,-33.808
IGA,149.257,-33.53
Woolworths,153.206,-27.718
Coles,144.993,-37.913
Other,144.321,-37.388
Woolworths,136.787,-12.184
Woolworths,153.122,-26.772
Woolworths,115.898,-31.973
Woolworths,138.605,-34.951
Coles,138.607,-34.951
Other,151.287,-33.754
IGA,151.201,-33.914
Woolworths,147.294,-42.846
Aldi,149.071,-35.253
Coles,145.322,-38.014
Coles,151.154,-33.959
Aldi,145.069,-37.651
Woolworths,143.741,-37.047
Woolworths,145.114,-37.773
Other,115.974,-31.792
Woolworths,118.608,-20.311
Woolworths,151.206,-33.865
Other,144.949,-37.803
IGA,145.136,-38.045
Woolworths,153.082,-27.562
Coles,153.083,-27.564
Other,137.64,-35.654
Coles,151.488,-33.107
IGA,145.009,-37.82
Woolworths,152.87,-27.645
Other,142.781,-37.056
IGA,149.47,-34.457
IGA,146.714,-35.221
Other,147.383,-35.167
IGA,118.155,-32.669
IGA,114.168,-27.704
Other,138.701,-34.872
IGA,144.583,-37.684
Other,144.579,-37.684
Woolworths,148.692,-33.836
IGA,116.042,-31.885
Other,150.509,-34.079
Woolworths,153.156,-27.475
IGA,153.152,-27.49
IGA,139.281,-35.132
Other,143.974,-38.535
Coles,147.405,-19.572
Woolworths,147.408,-19.574
Coles,144.703,-37.882
IGA,151.152,-34.084
Aldi,144.996,-37.809
Woolworths,150.992,-33.759
Aldi,150.991,-33.759
Coles,151.006,-33.73
Coles,144.897,-37.858
IGA,152.935,-27.137
Other,149.185,-21.098
Coles,138.602,-34.875
IGA,145.352,-15.921
Woolworths,145.082,-37.657
Coles,150.991,-33.759
Other,153.202,-27.542
IGA,153.335,-28.014
Other,138.7,-34.844
Coles,138.718,-34.822
Coles,138.668,-34.718
IGA,115.777,-31.894
Other,115.768,-31.898
Woolworths,147.102,-41.413
Other,143.868,-37.602
IGA,133.89,-23.696
Other,145.881,-34.806
Other,153.107,-27.549
Coles,147.311,-42.974
Other,144.715,-37.581
Woolworths,144.663,-37.899
Woolworths,144.348,-38.137
Woolworths,145.479,-17.262
IGA,145.473,-17.267
Woolworths,144.885,-37.688
Other,147.119,-41.435
Woolworths,151.181,-33.858
Other,116.035,-31.869
Coles,138.649,-34.83
Coles,138.647,-34.831
Other,153.052,-26.686
Woolworths,131.043,-12.525
IGA,152.975,-27.391
IGA,151.026,-34.034
IGA,144.729,-37.582
Woolworths,117.143,-20.675
Woolworths,145.228,-37.812
Other,153.109,-27.633
Woolworths,142.139,-34.207
Coles,145.019,-37.654
Woolworths,153.033,-27.457
Coles,153.198,-27.723
IGA,151.081,-33.981
Coles,151.076,-33.98
IGA,153.212,-27.701
Coles,144.992,-37.868
Woolworths,144.991,-37.868
Woolworths,138.695,-34.79
Other,138.693,-34.79
Coles,149.841,-29.461
Coles,145.002,-37.767
IGA,150.626,-35.105
Other,145.613,-17.512
Woolworths,145.189,-37.936
Aldi,145.192,-37.937
Coles,145.191,-37.936
Coles,145.045,-37.846
Aldi,144.962,-37.807
IGA,144.961,-37.808
Woolworths,144.996,-37.809
Coles,153.284,-27.899
Aldi,145.34,-38.063
Coles,145.34,-38.061
Woolworths,152.922,-30.713
IGA,150.999,-33.956
Other,151.306,-33.674
Other,151.011,-33.958
Coles,152.875,-31.458
Coles,149.103,-35.22
Other,150.293,-28.535
Woolworths,152.459,-31.911
Other,147.319,-42.999
Other,145.016,-37.975
Coles,145.267,-37.843
Other,145.178,-37.876
Other,115.829,-31.835
Woolworths,145.777,-16.922
Coles,145.771,-16.924
Woolworths,146.391,-35.999
IGA,146.392,-35.998
Other,146.008,-35.987
Woolworths,150.809,-33.744
IGA,144.986,-37.81
Coles,150.867,-32.052
Woolworths,150.869,-32.048
Aldi,145.126,-38.14
Other,152.7,-25.543
Other,152.684,-25.546
IGA,144.997,-37.877
Coles,145.282,-38.107
Other,152.583,-25.727
Woolworths,147.135,-41.405
Woolworths,151.658,-32.802
Other,151.137,-33.711
Woolworths,145.123,-40.841
Woolworths,145.727,-40.99
IGA,152.177,-32.672
Coles,145.904,-41.052
IGA,146.351,-41.175
Coles,147.243,-42.735
Other,144.984,-37.801
Other,144.984,-37.801
Other,144.992,-37.8
Other,144.93,-37.794
IGA,151.228,-33.924
Woolworths,153.052,-27.613
Other,153.055,-27.613
IGA,148.249,-41.324
Coles,144.922,-37.765
Aldi,138.859,-35.066
Coles,138.86,-35.064
Other,151.105,-33.968
Coles,150.819,-33.607
Woolworths,150.821,-33.605
Other,151.104,-33.967
Other,151.104,-33.968
Coles,151.105,-33.967
Aldi,151.106,-33.966
Coles,151.102,-33.967
Woolworths,153.056,-27.61
Other,152.871,-27.643
Woolworths,151.133,-33.962
Other,149.987,-36.73
Other,138.703,-34.805
Other,149.037,-35.347
Woolworths,145.042,-37.77
IGA,121.169,-30.954
IGA,153.037,-27.453
Aldi,153.393,-28.031
Woolworths,150.607,-34.876
Other,146.95,-36.033
Aldi,151.134,-33.656
IGA,115.841,-32.092
Woolworths,152.747,-27.597
Aldi,152.747,-27.597
IGA,116.926,-32.109
IGA,149.108,-35.315
Other,115.828,-32.107
Coles,115.828,-32.106
Coles,115.857,-32.132
Woolworths,115.858,-32.133
Woolworths,147.276,-42.835
Other,138.527,-35.148
Other,145.766,-38.343
Coles,150.972,-33.713
Coles,145.162,-37.905
Aldi,145.163,-37.906
Other,144.678,-37.463
Other,151.225,-23.875
IGA,151.153,-34.052
Other,144.965,-38.334
Other,138.007,-33.865
Other,139.651,-34.677
IGA,117.848,-28.065
Other,145.884,-41.072
Coles,145.076,-37.849
Coles,147.064,-38.107
Woolworths,146.429,-38.237
Coles,146.54,-38.194
IGA,115.925,-32.094
IGA,116.466,-31.551
Coles,144.885,-37.715
Woolworths,144.887,-37.715
Coles,138.624,-34.768
Woolworths,138.626,-34.767
Woolworths,145.266,-38.033
Other,137.758,-32.484
Coles,151.121,-33.778
Woolworths,151.12,-33.778
IGA,144.701,-36.361
IGA,145.041,-37.904
Aldi,153.018,-27.243
Woolworths,151.152,-34.054
IGA,153.067,-27.611
IGA,138.484,-34.839
IGA,150.908,-31.109
Other,145.182,-38.089
Other,152.842,-28.084
Aldi,152.958,-26.86
IGA,145.108,-37.688
IGA,145.065,-37.743
Woolworths,144.832,-37.78
Coles,144.923,-38.352
IGA,147.198,-31.564
Coles,144.615,-37.876
Woolworths,149.276,-31.273
Woolworths,148.944,-32.555
Coles,148.943,-32.554
Coles,144.524,-38.268
Coles,149.721,-34.752
Other,152.297,-28.334
Coles,153.4,-27.914
Woolworths,153.401,-27.914
Coles,144.776,-37.752
Woolworths,144.773,-37.751
Coles,144.743,-37.732
Aldi,144.743,-37.732
Aldi,151.208,-33.839
Coles,145.09,-37.901
Coles,145.036,-37.675
Other,141.298,-37.036
IGA,143.226,-36.076
Coles,151.948,-27.561
Woolworths,143.558,-35.338
Aldi,143.561,-35.342
Other,138.596,-35.075
Coles,138.593,-35.075
Coles,150.925,-33.919
IGA,152.909,-26.417
IGA,144.972,-37.769
Aldi,145.103,-37.703
Coles,146.029,-17.524
Woolworths,146.031,-17.525
Other,142.415,-36.076
Woolworths,146.92,-36.08
Coles,145.265,-38.103
Other,151.209,-33.81
Woolworths,151.209,-33.81
Coles,153.427,-28.037
Coles,153.09,-26.399
Woolworths,149.781,-30.322
Woolworths,138.519,-34.979
Woolworths,153.429,-28.002
IGA,148.304,-41.874
Woolworths,144.357,-38.074
Coles,144.356,-38.076
Other,138.589,-35.052
Woolworths,150.97,-33.773
Other,145.954,-38.016
Coles,144.44,-37.675
Other,144.894,-37.726
IGA,146.153,-38.208
Woolworths,152.798,-27.571
IGA,153.042,-26.622
Aldi,149.064,-35.238
Coles,149.065,-35.238
Woolworths,150.691,-33.751
Aldi,150.691,-33.75
IGA,138.939,-33.682
Coles,151.266,-33.769
Other,138.318,-35.447
Other,138.349,-35.457
Woolworths,136.897,-30.562
Aldi,151.302,-33.678
Coles,151.206,-33.866
Other,147.698,-23.42
Coles,153.203,-27.718
Other,153.209,-27.729
Coles,144.729,-37.578
Woolworths,115.858,-31.955
Woolworths,115.872,-31.895
Coles,115.871,-31.895
Woolworths,115.9,-31.899
Coles,115.899,-31.897
Other,153.192,-27.74
IGA,145.033,-37.986
Other,144.891,-37.807
Coles,153.269,-27.525
Woolworths,153.268,-27.527
Coles,146.864,-36.128
Other,143.148,-38.234
IGA,138.672,-34.844
IGA,138.662,-34.845
Other,138.736,-35.016
Coles,142.025,-37.742
Woolworths,145.083,-37.922
Coles,138.748,-34.595
Woolworths,151.265,-33.766
Woolworths,138.616,-35.022
Woolworths,148.578,-32.254
Woolworths,145.059,-37.829
Coles,145.056,-37.829
IGA,116.136,-33.959
Aldi,145.041,-37.749
Other,145.043,-37.749
Woolworths,117.878,-34.99
Other,116.73,-34.977
Coles,150.721,-33.582
Woolworths,147.564,-42.781
Woolworths,151.935,-28.654
IGA,153.157,-27.076
IGA,151.535,-32.729
IGA,151.058,-34.034
IGA,115.824,-33.57
Other,145.239,-37.985
Coles,115.934,-31.965
IGA,117.663,-34.627
IGA,151.122,-24.864
Other,144.981,-37.806
Other,146.208,-38.813
Aldi,150.31,-33.717
Woolworths,115.968,-31.783
Coles,115.97,-31.782
IGA,151.78,-32.586
Other,138.707,-34.771
Woolworths,147.255,-42.791
IGA,153.043,-27.479
Other,150.811,-33.754
Woolworths,150.82,-33.768
Woolworths,140.743,-36.958
Woolworths,140.353,-37.596
Aldi,145.251,-37.929
Other,145.253,-37.928
Aldi,145.016,-37.655
Woolworths,145.018,-37.654
Woolworths,138.479,-35.189
Other,146.782,-19.266
IGA,146.266,-20.069
Coles,145.669,-16.765
Woolworths,146.815,-19.26
Coles,145.145,-38.069
Woolworths,146.792,-19.272
Coles,144.807,-37.727
Aldi,144.807,-37.726
Woolworths,145.25,-38.077
Woolworths,145.484,-38.077
Woolworths,145.24,-38.453
Other,140.464,-34.252
Woolworths,151.638,-33.087
Coles,145.173,-37.965
Woolworths,151.945,-27.45
Woolworths,146.677,-38.564
Coles,151.959,-27.458
Coles,128.74,-15.776
Other,128.74,-15.772
Other,145.161,-37.789
Other,145.148,-37.788
Woolworths,153.028,-27.469
Woolworths,144.916,-37.773
Other,153.001,-27.222
Other,145.172,-37.834
Coles,145.258,-37.978
Woolworths,145.259,-37.976
Woolworths,147.245,-42.738
Woolworths,147.329,-42.881
Other,151.934,-27.582
IGA,115.953,-32.045
Woolworths,151.205,-33.895
Other,115.839,-33.254
IGA,145.317,-37.981
Other,150.52,-23.334
IGA,121.877,-33.86
IGA,152.664,-27.606
Woolworths,145.159,-38.194
Woolworths,145.077,-37.984
Coles,145.119,-37.926
Coles,145.118,-37.928
Woolworths,145.042,-37.92
Aldi,145.085,-38.006
Woolworths,145.087,-38.008
Aldi,145.091,-37.971
Woolworths,153.036,-27.501
Woolworths,152.815,-25.287
Coles,147.566,-42.783
Other,138.627,-34.947
Woolworths,138.627,-34.948
Other,138.532,-35.139
IGA,145.285,-23.552
Other,145.29,-23.556
Woolworths,149.201,-35.381
IGA,150.969,-33.833
Coles,149.158,-21.065
Other,149.178,-21.097
Woolworths,149.16,-21.119
Coles,149.159,-21.118
Woolworths,145.027,-37.628
IGA,145.046,-37.205
Other,149.177,-21.149
Woolworths,149.065,-21.161
IGA,115.847,-32.246
Other,139.764,-37.165
IGA,144.305,-36.775
Other,149.125,-35.277
Coles,143.741,-37.049
Aldi,143.742,-37.047
Other,144.969,-37.83
IGA,149.077,-35.339
Woolworths,151.115,-33.939
Woolworths,145.487,-38.199
Other,144.978,-37.779
IGA,117.898,-35.008
Aldi,117.881,-35.018
Coles,117.882,-35.02
IGA,117.884,-35.027
IGA,117.875,-35.005
IGA,149.794,-25.642
IGA,153.237,-27.51
Coles,151.287,-33.799
Other,153.04,-30.886
Other,149.214,-21.079
Other,116.004,-31.891
IGA,152.965,-26.808
Other,116.011,-31.995
Other,145.017,-38.474
IGA,147.12,-41.588
Woolworths,150.971,-33.815
Woolworths,151.225,-33.87
Other,153.502,-28.24
Woolworths,151.486,-33.109
Other,151.185,-33.9
IGA,144.947,-37.739
Coles,145.134,-37.023
IGA,151.187,-33.88
Coles,149.178,-21.138
Coles,151.368,-33.385
Aldi,145.059,-37.7
Aldi,151.835,-26.543
IGA,151.839,-26.545
Other,144.992,-37.881
Aldi,144.988,-37.865
Woolworths,140.794,-37.808
Woolworths,151.69,-32.904
Coles,145.257,-38.052
Aldi,144.923,-37.765
Other,151.957,-27.528
Coles,145.307,-38.019
Woolworths,145.301,-38.017
IGA,146.325,-41.382
Other,153.169,-27.7
Other,147.594,-37.099
Woolworths,144.92,-37.574
IGA,144.919,-37.792
Other,149.757,-37.559
Woolworths,150.514,-24.403
Aldi,144.861,-37.75
Woolworths,144.861,-37.75
Coles,149.783,-30.324
Coles,145.391,-36.408
Other,151.839,-26.541
Woolworths,151.837,-26.541
Coles,144.753,-37.759
Woolworths,144.752,-37.723
Other,151.842,-26.559
IGA,115.921,-32.843
Woolworths,153.324,-27.945
Other,151.082,-33.721
Other,149.06,-35.353
Woolworths,115.764,-31.998
Other,146.071,-41.113
Other,146.072,-41.113
Coles,146.398,-38.239
Woolworths,151.0,-33.882
Other,115.16,-34.317
IGA,115.074,-33.949
IGA,149.757,-37.558
Other,115.765,-33.978
IGA,147.08,-37.966
Other,147.311,-42.868
Coles,153.561,-28.86
Woolworths,153.559,-28.858
Aldi,150.845,-33.939
Other,145.118,-38.022
IGA,150.859,-33.586
Aldi,153.299,-27.85
Woolworths,115.659,-33.337
Woolworths,146.726,-19.3
Other,138.68,-34.724
Other,145.121,-37.717
Other,145.121,-37.716
Woolworths,145.061,-37.667
Other,151.587,-32.748
Other,138.662,-34.819
Other,147.162,-41.459
IGA,147.133,-41.449
IGA,147.069,-41.504
IGA,144.717,-38.171
Woolworths,151.056,-33.834
Woolworths,149.101,-33.254
Other,148.87,-33.092
Other,145.138,-37.721
Other,147.136,-41.422
Other,147.093,-41.407
Other,147.158,-41.447
Other,147.168,-41.486
Other,147.176,-41.455
Other,147.175,-41.419
IGA,147.175,-41.577
IGA,147.121,-41.597
Other,147.25,-41.571
Other,147.139,-41.375
Other,147.179,-41.469
Other,147.167,-41.48
Other,147.138,-41.473
Other,146.323,-38.665
Other,151.057,-33.834
IGA,153.387,-27.946
Other,151.118,-33.829
Woolworths,149.178,-21.139
Other,149.192,-21.148
Other,132.832,-12.673
Woolworths,147.407,-42.88
Woolworths,150.77,-33.767
IGA,150.773,-33.77
Other,132.78,-23.942
Woolworths,150.794,-34.495
Coles,150.796,-34.494
Woolworths,151.007,-33.602
Woolworths,149.913,-36.862
IGA,150.861,-33.679
Coles,151.158,-33.886
Other,115.772,-31.905
Aldi,150.754,-33.599
Aldi,144.392,-38.17
Woolworths,144.393,-38.17
Woolworths,144.389,-38.169
Woolworths,149.151,-21.175
IGA,151.112,-33.749
Woolworths,142.927,-37.283
Other,140.775,-36.309
Woolworths,149.718,-34.758
IGA,151.217,-33.728
Coles,151.219,-33.83
Other,145.305,-38.023
Coles,144.776,-37.873
Coles,147.332,-35.137
Other,151.069,-33.72
Woolworths,144.337,-38.09
Coles,150.962,-33.915
Coles,144.363,-38.147
Other,152.984,-27.289
Other,152.046,-25.512
Other,147.466,-35.149
Coles,152.698,-25.537
Coles,150.899,-33.948
IGA,150.8,-33.786
Other,152.748,-25.283
Woolworths,138.603,-34.923
Woolworths,130.896,-12.378
IGA,144.999,-37.678
Coles,144.915,-37.782
Coles,152.277,-27.559
Other,150.535,-34.255
Other,145.776,-16.919
Aldi,145.04,-38.224
Other,143.561,-34.638
IGA,143.563,-34.639
Woolworths,115.717,-31.692
IGA,145.166,-37.923
Woolworths,153.11,-27.607
Woolworths,153.126,-27.615
Coles,153.125,-27.612
Other,115.71,-32.293
Woolworths,115.745,-32.29
Coles,115.742,-32.291
Other,151.205,-33.876
Coles,139.495,-20.725
IGA,150.843,-34.073
IGA,151.122,-33.794
IGA,146.787,-37.981
Coles,144.79,-37.759
Coles,153.088,-26.526
Aldi,153.11,-27.609
IGA,115.896,-31.93
Coles,115.898,-31.93
Other,139.91,-22.911
Woolworths,153.138,-27.633
Woolworths,150.928,-33.69
Coles,150.926,-33.692
IGA,150.917,-33.682
Aldi,150.918,-33.685
Woolworths,153.079,-26.538
Aldi,150.958,-33.868
Other,147.432,-42.897
Other,147.447,-42.901
Other,153.125,-27.597
IGA,114.123,-21.931
Woolworths,150.939,-33.893
IGA,147.637,-22.824
IGA,147.64,-22.823
Woolworths,152.456,-24.818
Other,152.455,-24.818
Other,145.719,-40.99
IGA,144.248,-23.443
IGA,152.278,-27.556
Other,131.795,-22.253
Other,130.637,-18.336
IGA,115.708,-31.672
IGA,145.838,-31.498
Woolworths,116.065,-31.984
Other,147.155,-41.459
Other,127.983,-20.143
Other,127.661,-19.555
Other,127.669,-18.224
Other,126.58,-26.134
Other,131.273,-23.266
Other,129.388,-23.276
IGA,121.891,-33.862
Other,134.076,-24.674
IGA,144.966,-37.804
Other,142.389,-10.889
Other,133.623,-27.304
IGA,149.041,-35.356
Coles,145.157,-37.935
Other,152.975,-27.502
Woolworths,152.965,-27.078
IGA,152.864,-27.04
Other,138.516,-35.078
Other,138.672,-34.775
Other,153.186,-27.666
IGA,153.016,-27.476
Other,147.152,-33.087
Other,115.88,-32.049
Other,146.788,-38.152
Coles,138.629,-34.91
Other,137.849,-20.986
Coles,151.103,-33.857
Other,134.191,-19.648
Other,151.134,-33.822
Woolworths,151.134,-33.822
Aldi,145.17,-37.762
Coles,145.17,-37.761
Woolworths,145.168,-37.762
IGA,144.589,-37.486
Coles,144.591,-37.485
IGA,145.684,-28.069
Other,143.823,-27.994
Other,143.823,-27.996
Aldi,145.151,-37.854
Woolworths,151.099,-33.705
Aldi,151.101,-33.705
Coles,151.101,-33.703
IGA,153.563,-28.859
IGA,153.471,-28.156
Coles,153.468,-28.135
IGA,151.128,-33.761
Other,152.727,-26.595
Coles,151.596,-33.013
Aldi,151.595,-33.014
Woolworths,151.596,-33.015
Aldi,150.89,-33.789
Other,152.765,-27.652
IGA,149.098,-35.355
IGA,145.464,-24.424
Coles,151.222,-33.875
Aldi,149.129,-35.415
Other,145.077,-37.863
IGA,145.078,-37.863
Other,146.159,-38.401
IGA,147.631,-37.811
Woolworths,144.991,-37.789
Woolworths,138.639,-34.896
Woolworths,150.624,-26.74
Aldi,144.962,-37.771
IGA,153.089,-25.907
IGA,144.939,-37.758
IGA,115.755,-32.367
Other,115.754,-32.353
Coles,115.763,-32.347
Woolworths,115.763,-32.347
Other,149.044,-35.337
Coles,145.586,-38.604
Other,143.668,-38.755
Aldi,144.957,-37.83
Other,146.449,-37.146
IGA,151.758,-32.401
Woolworths,146.092,-17.898
Woolworths,142.024,-37.744
IGA,145.07,-37.727
Woolworths,149.191,-35.298
Other,144.967,-37.798
IGA,149.72,-31.824
Woolworths,145.437,-38.073
Other,145.102,-38.027
Woolworths,145.283,-37.8
IGA,151.201,-33.902
Other,144.955,-37.808
Other,151.034,-33.954
Woolworths,146.818,-19.315
Coles,150.982,-34.192
IGA,115.869,-32.015
Other,144.989,-37.789
Aldi,153.101,-27.503
Woolworths,153.102,-27.504
Coles,153.103,-27.502
IGA,153.095,-27.496
Other,145.91,-37.233
Coles,145.354,-37.756
Coles,149.128,-35.414
Woolworths,149.114,-35.435
IGA,144.706,-36.92
Woolworths,144.318,-36.704
Other,145.304,-38.027
Woolworths,152.654,-27.458
Other,149.11,-35.414
Other,151.18,-33.888
Coles,144.735,-37.883
Other,150.647,-31.35
Other,142.917,-35.983
IGA,142.315,-35.069
Other,144.984,-37.803
Woolworths,144.918,-37.68
Coles,144.919,-37.68
Woolworths,151.298,-33.712
Woolworths,147.062,-38.107
Other,146.977,-37.967
IGA,150.611,-30.378
Woolworths,151.216,-33.883
Coles,150.811,-34.068
Woolworths,150.81,-34.068
Woolworths,150.798,-34.075
Coles,150.798,-34.076
Woolworths,150.804,-34.071
IGA,150.572,-29.869
Coles,138.545,-35.017
Woolworths,138.544,-35.018
Coles,138.596,-34.758
IGA,150.776,-34.648
IGA,153.04,-30.895
IGA,149.098,-35.308
Aldi,144.752,-37.895
Woolworths,144.957,-37.831
Woolworths,144.938,-37.598
Other,143.835,-37.573
Woolworths,145.218,-37.987
Coles,151.264,-33.794
Woolworths,151.041,-33.915
Woolworths,151.099,-34.035
Coles,115.94,-32.021
Woolworths,115.94,-32.017
Woolworths,144.89,-37.773
Woolworths,147.372,-35.115
Woolworths,115.879,-32.057
Coles,115.88,-32.058
Other,144.492,-38.003
Coles,151.006,-33.808
Other,144.978,-37.8
Aldi,145.927,-38.163
Other,148.29,-42.126
Woolworths,149.219,-21.424
Coles,144.771,-37.784
Woolworths,115.916,-32.086
IGA,136.42,-33.141
Woolworths,137.533,-33.029
Coles,137.532,-33.028
Woolworths,140.744,-34.179
Woolworths,153.025,-27.831
Coles,153.338,-27.998
Woolworths,153.339,-28.0
Aldi,153.338,-27.997
Coles,153.415,-27.969
Woolworths,153.416,-27.968
Other,145.529,-38.409
Coles,153.05,-28.863
Other,138.591,-35.001
Woolworths,151.295,-33.696
Coles,151.295,-33.696
Woolworths,144.281,-36.765
IGA,144.89,-37.791
Coles,144.932,-37.638
Aldi,144.933,-37.638
Other,151.553,-32.429
Woolworths,144.959,-37.827
Coles,152.842,-31.081
Woolworths,152.844,-31.078
Other,145.71,-37.193
Aldi,151.224,-33.75
Woolworths,151.225,-33.751
Other,150.914,-34.35
Coles,153.089,-26.656
IGA,153.2,-30.111
Woolworths,144.799,-37.702
IGA,145.556,-42.08
IGA,145.557,-42.081
Other,138.595,-34.929
IGA,115.769,-31.831
Other,152.712,-30.341
Other,115.844,-31.813
Other,153.022,-30.496
Coles,153.109,-26.834
Woolworths,153.108,-26.834
IGA,144.966,-37.703
Coles,138.603,-34.924
IGA,144.922,-37.651
IGA,149.094,-35.334
Coles,153.042,-30.907
Woolworths,147.987,-37.88
Other,144.961,-37.806
Other,144.963,-37.819
Other,145.043,-37.89
Other,145.043,-37.89
Other,145.044,-37.89
IGA,141.995,-35.898
Coles,153.047,-27.467
IGA,151.003,-33.757
Woolworths,139.277,-35.12
IGA,145.534,-33.484
Other,115.863,-31.808
Other,148.369,-34.553
Other,148.455,-37.708
Woolworths,140.603,-34.286
Coles,140.609,-34.281
IGA,149.906,-37.065
Other,142.631,-36.631
Other,144.928,-37.73
Other,142.87,-36.671
IGA,151.213,-33.878
IGA,147.034,-35.517
Other,147.036,-35.668
IGA,146.888,-35.954
Coles,146.933,-36.05
IGA,137.167,-30.448
Other,138.616,-35.02
IGA,121.461,-30.776
Other,121.467,-30.74
Woolworths,121.47,-30.749
Other,121.484,-30.772
Woolworths,151.154,-33.931
IGA,153.04,-27.462
Woolworths,145.317,-38.086
IGA,115.791,-32.089
Aldi,150.836,-33.624
IGA,144.967,-37.828
IGA,144.652,-37.902
Aldi,144.658,-37.905
Woolworths,144.702,-37.882
Woolworths,133.881,-23.699
Other,142.417,-32.394
Other,133.841,-23.697
Aldi,151.014,-34.066
Other,133.9,-23.7
Other,146.174,-41.158
IGA,147.906,-36.195
IGA,151.493,-33.254
Other,138.593,-34.874
Woolworths,149.139,-35.161
Other,138.547,-34.854
Woolworths,151.764,-32.929
Other,143.078,-38.328
Coles,133.879,-23.698
IGA,151.784,-32.915
Other,151.178,-33.9
Coles,150.963,-33.733
Coles,153.035,-27.487
Other,145.055,-37.902
Other,151.172,-33.899
IGA,144.999,-37.772
Other,147.17,-36.743
Other,138.567,-34.876
Other,138.579,-34.894
Other,144.948,-37.819
IGA,115.842,-31.881
Other,148.631,-21.141
Other,144.729,-37.893
Aldi,138.616,-34.811
Coles,151.925,-27.542
Woolworths,150.949,-33.933
IGA,150.954,-33.92
IGA,148.106,-35.065
Woolworths,148.102,-35.064
Other,148.146,-35.521
IGA,145.118,-37.514
IGA,145.207,-37.748
Other,152.938,-27.4
Other,147.179,-36.216
Other,150.311,-33.714
Woolworths,148.224,-35.3
Coles,148.221,-35.301
IGA,138.519,-34.859
Coles,138.53,-34.87
IGA,138.547,-34.857
Other,144.833,-37.785
Other,144.833,-37.784
Other,144.833,-37.784
Other,141.079,-17.671
Other,151.085,-33.852
IGA,149.217,-21.416
IGA,143.867,-36.575
Other,138.531,-34.904
Coles,144.96,-37.689
Other,144.96,-37.72
Aldi,144.439,-37.675
IGA,144.441,-37.659
Coles,151.354,-32.836
Woolworths,151.355,-32.834
Coles,116.845,-20.735
Woolworths,116.847,-20.734
Coles,153.332,-27.994
Coles,153.019,-27.243
Woolworths,153.014,-27.241
Other,151.097,-33.91
Other,143.614,-36.42
Other,138.552,-34.893
Other,143.139,-20.727
Coles,153.063,-27.569
Woolworths,150.864,-33.999
IGA,150.997,-33.79
Aldi,145.03,-37.659
Woolworths,130.851,-12.39
Aldi,149.134,-35.279
Woolworths,152.95,-27.416
Woolworths,148.24,-20.002
Coles,150.88,-33.749
Coles,151.196,-33.869
Other,134.211,-32.797
Coles,148.6,-32.25
Other,144.9,-37.799
Other,144.947,-37.724
Coles,118.601,-20.411
IGA,115.898,-32.05
Coles,151.865,-32.74
Other,115.701,-32.548
Coles,115.704,-32.549
Other,138.527,-34.852
IGA,148.456,-37.705
Other,144.969,-37.696
Other,144.968,-37.696
Coles,130.84,-12.464
IGA,115.862,-32.168
Other,149.377,-31.552
Other,148.991,-28.977
Woolworths,153.042,-27.663
Coles,153.04,-27.662
Aldi,153.041,-27.663
Other,144.978,-37.803
Other,145.236,-37.794
Other,150.972,-33.809
IGA,115.714,-32.536
Coles,146.881,-36.121
Other,142.519,-37.139
Other,153.074,-30.347
Other,138.547,-34.858
IGA,152.733,-31.456
IGA,115.868,-32.039
Coles,150.154,-33.486
Woolworths,151.032,-33.872
Coles,144.966,-37.742
Woolworths,115.74,-31.741
Woolworths,115.767,-31.743
Coles,115.767,-31.744
Other,115.769,-31.744
Other,115.751,-31.753
IGA,115.762,-31.76
IGA,115.734,-31.751
IGA,115.789,-31.773
Other,148.697,-20.641
Other,153.033,-27.462
IGA,115.902,-32.009
Other,152.683,-27.997
Coles,152.018,-29.056
Other,153.021,-30.496
Other,115.894,-32.072
Other,115.894,-32.072
Coles,152.519,-32.199
Other,147.332,-42.887
IGA,115.887,-32.039
Other,148.772,-20.898
Other,145.328,-42.151
Woolworths,151.228,-33.882
Woolworths,152.952,-27.094
IGA,147.316,-35.72
Other,147.317,-35.72
IGA,148.733,-20.282
Other,115.892,-32.07
Other,115.892,-32.07
Coles,151.213,-33.898
Woolworths,148.952,-21.147
IGA,115.904,-31.985
IGA,115.888,-31.983
Other,145.905,-41.054
IGA,149.239,-36.912
Other,148.576,-29.545
Coles,150.98,-33.804
Other,151.244,-33.891
Other,149.58,-33.414
Other,145.935,-41.068
Woolworths,151.081,-33.792
Other,115.776,-32.038
Woolworths,115.777,-32.039
Other,138.515,-34.914
Other,138.48,-35.19
Aldi,153.073,-26.405
Coles,148.701,-20.278
Woolworths,149.841,-36.675
IGA,151.203,-33.88
IGA,146.541,-41.161
IGA,144.942,-37.795
IGA,149.102,-35.375
Other,153.281,-27.886
Woolworths,149.161,-21.066
Aldi,153.28,-27.585
Coles,150.919,-31.105
Woolworths,153.388,-27.932
Woolworths,150.956,-33.803
Aldi,147.066,-38.104
Woolworths,113.657,-24.882
IGA,149.068,-35.393
IGA,150.967,-33.786
Coles,153.306,-27.87
Coles,151.037,-33.916
IGA,151.195,-33.823
Other,151.194,-33.823
IGA,146.461,-36.054
Coles,138.46,-35.277
Other,138.459,-35.277
Other,148.385,-30.954
IGA,148.383,-30.954
IGA,115.857,-32.079
Other,117.146,-20.774
IGA,145.826,-38.434
Coles,150.614,-34.169
Woolworths,150.593,-34.223
Other,144.966,-37.745
IGA,144.975,-37.756
Other,143.378,-31.558
Other,144.058,-40.049
IGA,143.851,-39.93
Other,143.851,-39.931
Coles,115.105,-33.616
Woolworths,145.047,-36.313
Other,149.193,-21.123
Coles,151.069,-33.934
Other,143.217,-38.477
Other,145.316,-38.073
IGA,121.78,-32.199
Other,150.538,-23.345
Woolworths,150.525,-23.36
Coles,150.523,-23.356
Woolworths,150.523,-23.354
Coles,150.509,-23.376
Woolworths,144.242,-36.81
Coles,144.244,-36.811
Woolworths,148.89,-23.575
Other,144.961,-37.809
Woolworths,144.993,-37.847
IGA,134.212,-32.795
Other,134.89,-33.648
Woolworths,153.432,-28.03
Aldi,144.834,-37.783
Other,115.819,-31.769
Other,115.819,-31.781
Other,137.574,-33.037
IGA,153.052,-27.508
Other,144.329,-38.208
Other,144.352,-38.086
IGA,145.005,-37.716
Woolworths,151.592,-32.763
Coles,151.592,-32.762
Woolworths,144.984,-37.73
Coles,153.385,-28.08
Woolworths,153.386,-28.079
Other,136.102,-34.376
Aldi,151.212,-33.924
IGA,150.566,-33.699
Woolworths,150.31,-33.717
Other,144.979,-37.798
Other,149.166,-21.154
Woolworths,150.883,-33.92
IGA,149.095,-33.284
Woolworths,138.483,-35.172
IGA,151.164,-33.895
IGA,150.941,-33.698
Other,144.241,-36.812
IGA,153.0,-27.407
IGA,151.108,-33.842
Other,144.952,-37.815
Coles,148.043,-22.0
Other,151.024,-33.907
IGA,130.837,-12.423
Woolworths,145.048,-37.713
Woolworths,152.955,-26.856
Woolworths,145.036,-37.821
Woolworths,146.893,-36.139
Other,143.669,-38.756
Other,140.352,-37.596
Aldi,151.03,-33.769
Coles,151.028,-33.769
IGA,151.272,-33.89
IGA,145.033,-37.699
IGA,145.042,-37.853
IGA,144.991,-37.735
Other,144.244,-23.443
Coles,145.058,-37.697
Other,149.096,-35.472
Coles,153.286,-28.81
Woolworths,153.287,-28.811
Woolworths,153.316,-27.825
IGA,145.204,-36.058
Other,142.364,-35.727
Other,142.395,-36.251
Other,142.395,-36.252
Other,145.13,-37.911
Coles,144.806,-37.798
Woolworths,151.053,-33.776
Woolworths,153.137,-27.044
Woolworths,153.157,-27.064
Other,145.233,-37.882
Coles,115.816,-32.067
Other,115.817,-32.068
IGA,151.173,-33.882
Other,151.224,-33.873
Other,145.712,-16.88
Coles,149.188,-21.144
Woolworths,151.193,-33.87
Aldi,151.236,-33.879
IGA,115.817,-32.132
Coles,146.914,-36.081
Aldi,146.882,-36.119
Coles,151.042,-33.997
IGA,151.146,-33.938
Coles,153.132,-26.702
Woolworths,153.131,-26.704
IGA,144.891,-37.817
IGA,150.741,-33.746
Woolworths,146.532,-41.162
Other,151.562,-24.329
Aldi,145.177,-38.225
IGA,115.865,-32.057
Aldi,145.059,-37.885
Woolworths,150.696,-33.774
Other,150.513,-24.4
Woolworths,151.504,-33.24
Coles,151.505,-33.241
Coles,151.429,-33.327
Woolworths,150.737,-23.132
Coles,150.741,-23.129
Other,150.737,-23.079
Aldi,151.149,-33.885
Woolworths,151.148,-33.885
Aldi,152.761,-27.61
Coles,152.758,-27.608
Woolworths,152.759,-27.608
Aldi,152.52,-32.199
Coles,116.144,-34.242
Coles,115.347,-33.65
Woolworths,150.931,-33.776
Other,144.959,-37.805
IGA,145.831,-41.041
Aldi,151.212,-33.898
Woolworths,153.067,-27.439
Woolworths,152.98,-27.41
Coles,152.98,-27.409
Aldi,151.394,-33.439
Woolworths,151.395,-33.439
Coles,151.391,-33.436
Coles,151.053,-33.776
Coles,151.138,-33.613
IGA,145.126,-40.841
IGA,145.126,-40.84
Other,115.885,-32.012
Woolworths,153.045,-27.451
IGA,152.917,-25.423
IGA,152.835,-25.29
Other,152.835,-25.29
Coles,152.84,-25.283
Coles,150.821,-33.766
Coles,150.923,-33.743
Aldi,151.006,-33.729
Aldi,152.952,-27.098
Woolworths,151.066,-34.016
Other,145.729,-40.989
IGA,151.593,-30.985
Other,151.593,-30.985
IGA,146.686,-36.359
IGA,147.37,-42.301
Other,149.143,-35.172
Coles,147.369,-42.865
Woolworths,147.369,-42.865
IGA,140.355,-37.596
Other,151.098,-33.702
Other,151.098,-33.702
Other,146.84,-36.313
Woolworths,152.79,-27.616
Woolworths,151.526,-32.715
Other,148.307,-36.504
Coles,138.689,-34.687
Other,138.688,-34.688
Woolworths,138.498,-35.144
Coles,138.495,-35.142
Woolworths,138.517,-35.077
Woolworths,150.846,-33.937
Woolworths,150.76,-34.048
Coles,150.755,-34.05
Woolworths,150.738,-34.042
Coles,150.737,-34.039
Coles,145.23,-37.812
Coles,115.765,-31.77
IGA,148.077,-42.125
Coles,150.892,-34.424
Coles,153.149,-30.207
Coles,150.889,-34.486
Aldi,150.889,-34.487
Woolworths,150.939,-33.864
Woolworths,144.742,-37.867
Aldi,151.184,-33.798
Other,147.318,-42.898
Aldi,145.217,-37.986
Aldi,144.774,-37.75
Other,147.355,-42.913
Other,153.609,-28.689
Coles,145.005,-37.906
IGA,115.928,-32.035
Woolworths,144.677,-37.874
Woolworths,144.687,-37.862
Other,152.92,-30.707
Aldi,150.176,-35.707
Coles,150.176,-35.707
Woolworths,150.127,-36.224
Aldi,151.125,-33.89
Coles,150.749,-33.596
Woolworths,145.459,-37.777
IGA,134.756,-29.009
IGA,151.093,-33.759
Other,145.072,-37.701
IGA,115.908,-31.956
Coles,153.087,-27.226
Woolworths,153.087,-27.225
Coles,150.896,-32.283
Aldi,150.897,-32.282
Other,150.781,-33.792
Woolworths,145.248,-38.005
Coles,153.079,-27.465
Woolworths,153.08,-27.466
Coles,144.704,-37.849
Aldi,144.705,-37.849
Other,145.768,-38.112
Other,151.763,-32.927
Coles,145.159,-37.674
Other,113.773,-23.141
Other,145.09,-38.185
Woolworths,153.408,-28.045
Coles,153.408,-28.046
Aldi,153.408,-28.044
Woolworths,145.74,-16.926
Woolworths,145.74,-16.944
Coles,145.74,-16.943
Woolworths,145.74,-16.99
Woolworths,146.725,-19.314
Coles,146.727,-19.316
IGA,153.217,-27.492
Woolworths,153.218,-27.491
Other,152.951,-26.642
Woolworths,152.961,-26.626
Woolworths,153.387,-28.029
Coles,144.41,-38.024
Other,147.836,-31.699
IGA,145.083,-37.709
Other,144.964,-37.756
Woolworths,151.16,-33.73
Coles,151.213,-33.905
Aldi,145.029,-37.725
Coles,145.028,-37.725
Other,152.866,-26.627
Other,146.727,-36.563
Other,146.856,-29.96
Woolworths,150.453,-23.434
Coles,144.994,-37.848
Woolworths,150.503,-23.391
Coles,153.547,-28.2
Woolworths,153.547,-28.202
IGA,150.833,-33.787
Coles,151.237,-33.879
Other,138.561,-35.083
Aldi,145.945,-38.479
Woolworths,153.277,-28.811
Other,153.065,-27.484
Woolworths,152.997,-27.985
Coles,138.656,-34.905
Woolworths,138.564,-34.913
Aldi,144.92,-37.678
Other,153.116,-30.297
Other,146.25,-38.189
Coles,153.428,-27.999
Woolworths,144.561,-37.687
Aldi,144.56,-37.687
Woolworths,151.559,-33.188
Other,146.411,-41.236
Woolworths,151.1,-33.941
Other,143.732,-36.859
Woolworths,144.997,-37.837
Woolworths,153.427,-28.001
Aldi,151.661,-33.034
Aldi,151.498,-33.207
Coles,142.521,-38.381
Woolworths,148.175,-23.534
Coles,148.164,-23.528
Woolworths,153.384,-27.987
Woolworths,153.409,-27.986
Other,152.344,-24.86
Coles,153.398,-27.936
Other,152.36,-24.892
Other,151.187,-33.924
Coles,151.953,-27.54
Other,130.849,-12.379
IGA,141.631,-38.131
Coles,151.659,-33.035
Woolworths,151.659,-33.036
Other,151.176,-33.754
Coles,151.933,-27.564
Aldi,151.194,-33.883
Coles,151.193,-33.884
Coles,153.425,-28.099
Coles,144.95,-37.732
Woolworths,144.306,-38.161
Woolworths,146.934,-36.048
Coles,152.349,-24.872
Woolworths,152.349,-24.873
Other,144.442,-24.259
Coles,144.915,-37.592
Woolworths,144.915,-37.594
Coles,144.883,-37.639
IGA,145.063,-37.953
Other,151.904,-24.212
Other,152.374,-24.882
Other,152.405,-24.764
IGA,152.284,-24.727
Other,152.355,-24.879
Other,144.967,-37.812
IGA,152.305,-24.889
Woolworths,116.149,-34.239
Other,142.85,-35.504
Coles,145.102,-37.804
Other,152.613,-25.184
Woolworths,145.301,-38.066
Aldi,145.301,-38.068
IGA,146.071,-34.28
Other,145.013,-37.695
Coles,152.939,-29.706
IGA,116.769,-31.888
Aldi,150.993,-33.9
Woolworths,150.993,-33.9
Aldi,151.061,-33.894
Woolworths,151.062,-33.892
Other,147.204,-33.922
Other,144.128,-35.63
Other,144.128,-35.63
Woolworths,150.753,-33.601
Aldi,150.968,-33.773
Coles,150.971,-33.773
Woolworths,150.898,-33.86
Woolworths,115.639,-31.549
IGA,115.038,-30.305
Coles,115.343,-33.651
Other,131.028,-13.046
Other,143.549,-18.291
Woolworths,115.823,-31.818
Other,118.496,-26.593
Woolworths,114.612,-28.775
Woolworths,130.916,-12.401
Woolworths,130.841,-12.461
Woolworths,131.101,-12.574
Other,116.026,-34.837
Woolworths,151.259,-23.847
Coles,121.454,-30.731
Other,152.372,-24.873
Other,115.791,-31.908
IGA,152.343,-24.859
IGA,138.812,-35.033
Other,145.565,-35.812
Coles,144.984,-37.804
Other,142.628,-38.395
Woolworths,138.68,-34.67
Coles,153.353,-27.947
IGA,146.921,-36.051
Woolworths,138.704,-34.679
Woolworths,153.337,-27.929
Coles,153.337,-27.926
Woolworths,145.294,-38.1
Aldi,145.293,-38.1
Other,138.657,-34.856
Aldi,145.459,-37.778
Woolworths,151.088,-33.807
Coles,153.393,-28.009
Other,144.961,-37.81
IGA,118.92,-33.94
Woolworths,116.008,-31.889
Coles,116.012,-31.889
Other,115.926,-32.094
Other,150.891,-32.165
Coles,153.172,-27.661
Aldi,153.171,-27.66
Woolworths,153.171,-27.656
IGA,139.339,-35.687
Coles,149.905,-37.064
Other,149.875,-36.929
Aldi,150.594,-34.846
Woolworths,150.176,-35.705
Aldi,144.848,-37.828
Other,142.247,-10.596
Woolworths,150.85,-34.03
Coles,151.088,-33.806
Coles,151.239,-23.87
Woolworths,151.242,-23.87
Woolworths,150.891,-32.263
Woolworths,150.439,-34.447
Other,146.052,-34.291
Coles,146.055,-34.291
Other,153.001,-27.483
Other,138.494,-34.918
IGA,123.63,-17.306
Woolworths,151.244,-33.879
Coles,151.128,-33.831
Woolworths,150.891,-33.987
Aldi,151.049,-33.849
Woolworths,151.048,-33.849
Other,151.196,-33.873
Other,151.196,-33.874
Woolworths,151.203,-33.881
Woolworths,151.201,-33.885
Other,144.998,-37.81
Other,144.997,-37.81
Other,116.672,-31.654
Coles,116.671,-31.658
Woolworths,148.79,-26.573
Woolworths,153.092,-26.653
IGA,152.987,-27.318
IGA,144.939,-37.785
Coles,115.718,-33.319
Woolworths,150.907,-33.77
Coles,150.868,-33.907
Woolworths,150.868,-33.908
Woolworths,151.268,-33.871
Other,151.658,-32.964
IGA,153.081,-27.259
Coles,144.898,-37.801
Woolworths,144.734,-37.884
Other,151.186,-33.893
Woolworths,152.853,-31.553
Coles,152.461,-31.91
Other,153.335,-28.142
IGA,144.886,-37.83
Other,118.149,-33.541
Other,151.207,-33.877
Woolworths,153.313,-27.892
Other,116.743,-33.337
Other,145.295,-40.763
IGA,138.3,-33.184
Aldi,144.994,-37.846
Other,145.166,-37.981
Coles,153.112,-27.643
IGA,153.117,-27.644
Coles,151.532,-33.111
Aldi,151.165,-32.569
Other,148.265,-41.452
IGA,144.661,-38.268
Other,115.825,-31.946
Woolworths,151.208,-33.884
IGA,147.249,-36.465
Woolworths,145.325,-38.104
Other,153.533,-28.865
Woolworths,153.562,-28.871
Other,115.974,-31.941
Coles,152.901,-27.677
Aldi,153.38,-27.976
Other,152.976,-27.522
Other,145.152,-36.788
IGA,138.613,-32.734
Aldi,152.903,-27.676
Woolworths,145.128,-37.587
Other,151.229,-33.872
Aldi,151.214,-33.879
Other,144.707,-37.851
Other,151.209,-33.824
Other,145.055,-37.966
IGA,145.082,-37.825
Other,151.2,-33.893
Other,145.028,-37.865
Woolworths,144.545,-38.169
Other,146.087,-37.052
Woolworths,151.216,-33.874
Other,153.424,-28.011
Woolworths,150.079,-36.427
Other,138.608,-34.78
Other,150.72,-33.76
Other,150.72,-33.761
Other,143.349,-36.268
Other,115.764,-31.894
Coles,139.274,-35.122
Other,153.156,-27.453
Coles,150.782,-33.733
Coles,153.411,-27.986
Aldi,153.411,-27.986
IGA,152.752,-27.59
Woolworths,148.632,-32.256
Aldi,145.095,-37.791
Other,153.11,-26.406
Other,145.193,-37.816
Aldi,144.775,-37.872
Coles,152.935,-29.691
Woolworths,152.937,-29.691
Other,140.803,-37.829
Coles,145.345,-38.032
Aldi,145.409,-37.876
Woolworths,150.816,-34.033
Woolworths,151.276,-33.889
Other,153.423,-28.076
Other,153.421,-28.094
IGA,150.694,-33.884
IGA,153.429,-28.059
IGA,145.063,-37.802
Other,145.071,-37.943
Woolworths,151.252,-33.892
Coles,151.251,-33.893
Other,152.893,-26.69
Woolworths,150.836,-33.746
Aldi,151.248,-33.893
Aldi,152.993,-27.445
Other,151.086,-33.848
Woolworths,153.172,-27.445
Aldi,150.919,-33.72
Woolworths,150.876,-33.704
Aldi,150.905,-33.77
Other,152.692,-25.536
Woolworths,145.008,-37.841
Aldi,115.927,-32.127
Woolworths,153.426,-28.037
Other,138.623,-34.999
IGA,145.15,-37.972
Aldi,115.768,-31.744
Woolworths,144.674,-37.84
Aldi,115.935,-31.966
Other,115.871,-31.96
Coles,115.857,-31.951
Coles,153.092,-30.353
Woolworths,153.092,-30.355
Coles,153.354,-28.048
Woolworths,115.755,-31.777
IGA,115.767,-31.784
Other,148.17,-23.555
Aldi,151.223,-33.944
Coles,138.694,-34.831
Woolworths,152.854,-26.758
Other,145.225,-38.016
Other,150.891,-32.173
Other,149.971,-32.795
Other,150.838,-31.765
Other,145.593,-17.353
Woolworths,151.065,-33.968
Other,151.102,-33.704
Other,151.101,-33.704
Coles,151.209,-33.839
Woolworths,138.61,-34.976
Other,139.339,-35.687
Other,152.966,-26.661
Other,148.075,-42.123
IGA,152.812,-27.621
Coles,150.923,-33.868
Aldi,151.133,-33.962
Woolworths,152.74,-27.662
Woolworths,138.601,-34.875
Aldi,150.841,-33.717
IGA,152.889,-27.653
Woolworths,151.186,-33.923
Woolworths,151.202,-33.827
Coles,115.858,-31.932
Woolworths,150.911,-33.706
Other,133.868,-23.707
Other,145.442,-36.088
Other,145.442,-36.092
Woolworths,115.861,-31.87
Coles,115.863,-31.871
Coles,153.025,-27.469
IGA,152.89,-27.619
Other,147.836,-31.7
Woolworths,150.656,-35.075
Aldi,150.656,-35.075
Woolworths,150.84,-34.563
Coles,150.837,-34.565
Woolworths,145.989,-36.55
Aldi,145.99,-36.55
Other,153.012,-27.481
Woolworths,151.093,-33.873
Coles,150.734,-34.028
Other,145.36,-37.93
IGA,141.604,-38.35
Coles,151.183,-33.797
Other,148.701,-20.277
Coles,145.321,-38.119
Other,115.894,-31.895
Coles,151.278,-33.866
IGA,145.257,-37.914
Coles,153.135,-27.693
Other,138.612,-33.834
Other,151.186,-33.794
Other,151.186,-33.795
Other,151.182,-33.796
Other,151.185,-33.797
Coles,153.117,-26.679
Other,145.136,-37.912
Other,116.135,-33.964
Other,116.137,-33.958
Other,153.004,-27.482
IGA,151.154,-33.851
Aldi,151.106,-33.813
IGA,115.864,-31.947
IGA,151.353,-32.656
Other,151.159,-33.896
Coles,146.761,-19.298
IGA,138.699,-34.816
Woolworths,138.691,-34.83
Other,151.726,-32.935
IGA,140.353,-36.097
IGA,142.479,-38.384
Other,151.214,-33.892
Other,153.066,-27.571
Other,115.821,-31.862
Aldi,151.709,-32.94
Other,138.522,-35.008
Other,116.07,-32.112
IGA,114.631,-28.349
Other,153.307,-27.587
Other,144.963,-37.766
Coles,145.424,-16.998
Other,151.709,-32.978
Other,151.286,-33.748
Woolworths,151.03,-33.745
Coles,152.869,-27.645
Aldi,152.87,-27.645
Other,145.566,-35.812
Woolworths,145.121,-37.82
Other,146.356,-41.176
Coles,115.83,-31.873
Other,141.841,-37.248
IGA,152.749,-27.62
Other,130.631,-11.761
Aldi,116.165,-31.901
Other,153.391,-27.934
Other,153.546,-28.554
Aldi,153.613,-28.643
IGA,153.583,-28.633
IGA,150.65,-33.84
Other,153.613,-28.647
Woolworths,144.306,-36.775
Other,145.777,-16.923
IGA,151.752,-32.942
Other,145.011,-37.717
Other,145.01,-37.717
Other,145.01,-37.717
Other,145.009,-37.717
Coles,115.762,-32.009
Coles,151.239,-33.941
Aldi,149.191,-35.3
Other,115.895,-33.08
Other,115.895,-33.08
IGA,145.423,-16.993
Woolworths,151.203,-33.865
Woolworths,144.961,-37.81
Other,145.094,-37.792
Other,153.496,-28.456
Woolworths,116.673,-31.654
Other,138.636,-34.952
Aldi,153.041,-27.45
IGA,148.91,-34.827
Aldi,115.985,-32.0
Other,144.944,-37.765
Other,153.576,-28.361
Other,153.563,-28.395
Coles,153.546,-28.524
Woolworths,115.988,-31.778
Other,138.556,-34.924
Coles,145.006,-37.621
IGA,144.069,-36.997
IGA,115.789,-31.783
Other,152.978,-31.19
Aldi,152.84,-31.08
Woolworths,151.957,-32.01
IGA,115.807,-32.053
Woolworths,115.86,-32.157
Aldi,153.162,-27.073
Coles,151.165,-32.566
Woolworths,151.254,-33.92
IGA,117.671,-23.2
IGA,150.084,-35.911
Coles,150.674,-35.07
Other,151.053,-33.779
Other,115.738,-31.741
Other,151.21,-33.216
IGA,144.965,-37.822
Coles,151.285,-33.799
Coles,145.463,-16.482
Other,116.096,-31.385
Woolworths,144.727,-37.898
IGA,142.982,-36.37
Woolworths,153.123,-26.805
IGA,152.561,-25.318
Other,130.873,-12.43
Aldi,115.862,-31.871
Aldi,152.347,-24.871
Other,144.775,-37.853
Aldi,144.317,-36.704
Coles,153.08,-26.497
Other,152.87,-25.285
IGA,141.239,-36.379
Coles,144.742,-37.712
IGA,145.084,-37.803
Other,147.228,-19.828
Woolworths,151.051,-33.953
Other,152.975,-27.554
Other,115.512,-28.54
Coles,138.581,-34.865
Woolworths,150.922,-33.743
Other,138.827,-34.99
Other,151.154,-33.896
Woolworths,145.161,-38.012
Other,140.838,-37.381
Coles,144.574,-37.702
Coles,146.153,-18.651
Coles,141.455,-31.965
IGA,145.785,-17.092
IGA,115.662,-32.582
IGA,138.536,-34.966
Woolworths,151.195,-33.903
Coles,153.57,-28.297
Woolworths,153.569,-28.332
Other,151.178,-33.876
Coles,153.081,-27.558
IGA,115.731,-32.521
Coles,144.961,-37.832
Aldi,153.045,-27.5
Woolworths,150.951,-33.686
Coles,151.248,-33.893
Aldi,153.082,-26.662
Other,145.41,-38.004
Other,153.119,-27.632
Other,150.305,-28.548
Woolworths,151.118,-33.913
Other,145.004,-37.885
IGA,152.831,-31.08
Other,153.613,-28.647
IGA,115.881,-31.88
IGA,151.089,-33.864
Other,151.272,-33.89
Other,151.274,-33.891
Woolworths,153.024,-27.482
Coles,151.102,-33.923
Other,138.718,-35.007
Other,138.632,-34.936
IGA,145.697,-37.753
Coles,144.667,-37.86
Other,150.909,-33.77
Coles,151.373,-33.446
Aldi,153.132,-26.703
Aldi,151.253,-23.858
Other,115.753,-32.066
Other,153.066,-27.573
Aldi,115.758,-32.074
Other,126.431,-16.427
Woolworths,115.785,-32.098
Other,151.372,-33.508
Other,138.564,-34.914
Woolworths,153.453,-28.12
Coles,145.699,-16.897
Woolworths,149.149,-35.2
Coles,152.959,-27.399
Other,153.04,-27.456
Other,152.997,-27.466
Other,145.249,-15.472
Other,140.776,-37.83
Other,151.143,-33.933
Other,145.202,-37.974
Other,145.12,-37.924
Woolworths,138.617,-34.896
Woolworths,145.699,-16.896
Coles,143.594,-38.341
IGA,152.936,-27.306
Coles,145.692,-16.835
Other,145.002,-37.738
Aldi,150.958,-33.699
Other,145.121,-37.828
IGA,144.222,-35.809
Other,145.143,-37.962
Other,145.143,-37.962
Other,142.48,-38.38
Other,145.166,-37.941
Woolworths,152.892,-27.664
Other,145.154,-37.949
Other,145.152,-37.952
Other,145.151,-37.949
Other,145.153,-37.946
Other,145.15,-37.951
Other,145.174,-37.966
Woolworths,152.963,-27.338
IGA,153.342,-29.072
Coles,145.017,-37.673
Other,145.213,-37.986
Other,145.215,-37.987
Woolworths,144.964,-37.817
Coles,146.889,-36.12
Woolworths,146.887,-36.121
Other,151.182,-33.798
Aldi,151.046,-33.653
Other,150.453,-33.722
Aldi,153.409,-28.085
Other,145.15,-37.972
Other,145.149,-37.972
Other,145.15,-37.972
Other,145.149,-37.972
Other,144.755,-37.694
Other,144.781,-37.726
Other,145.212,-37.985
Other,145.214,-37.985
Other,145.214,-37.984
Other,145.213,-37.985
Woolworths,152.994,-27.307
Coles,152.992,-27.306
Aldi,152.991,-27.306
Aldi,151.179,-33.898
Coles,151.169,-33.814
Other,145.212,-37.986
Other,145.091,-37.9
Other,115.94,-32.015
IGA,153.162,-28.016
Aldi,145.165,-37.875
Other,153.027,-27.47
IGA,144.988,-37.751
IGA,142.47,-36.617
Coles,149.132,-35.165
Other,151.774,-32.761
Woolworths,138.655,-34.855
Aldi,138.656,-34.856
Other,145.058,-37.885
Other,145.058,-37.885
Aldi,115.696,-31.638
Woolworths,115.935,-31.964
Other,138.672,-34.83
Other,151.006,-33.733
Aldi,153.058,-27.494
IGA,149.546,-33.405
Other,145.215,-37.989
Other,145.215,-37.986
Other,145.215,-37.988
Other,149.138,-35.251
Coles,153.44,-28.844
IGA,138.616,-35.558
Other,151.603,-32.743
IGA,149.154,-35.29
Other,150.476,-35.323
IGA,150.826,-34.745
Other,153.033,-27.611
Other,153.032,-27.611
Other,148.174,-33.133
Other,144.655,-38.27
Other,145.035,-37.796
IGA,144.19,-38.404
Other,138.5,-35.127
Other,115.762,-31.999
IGA,153.036,-27.447
Other,138.685,-34.833
Woolworths,153.048,-26.415
IGA,152.828,-25.287
Other,153.011,-27.993
Other,153.134,-26.805
Other,152.954,-26.563
Other,115.541,-31.996
IGA,138.516,-35.134
Coles,138.521,-35.107
Woolworths,138.554,-35.103
Woolworths,153.575,-28.256
Other,138.521,-35.119
Other,115.332,-31.018
Aldi,138.499,-35.144
Other,138.475,-35.119
Other,138.551,-35.029
IGA,145.361,-37.848
Other,138.543,-35.126
IGA,151.143,-33.834
Other,145.084,-37.997
Other,138.537,-35.146
Woolworths,151.914,-27.602
Other,145.151,-37.95
Aldi,152.996,-27.983
Other,151.137,-33.953
Other,153.432,-28.503
Other,138.54,-35.09
IGA,150.935,-33.795
Other,153.002,-27.485
Other,145.057,-37.967
Other,151.004,-33.818
Aldi,149.589,-32.596
Other,145.113,-37.727
Woolworths,143.786,-37.543
Aldi,151.032,-33.852
IGA,150.575,-29.542
Coles,131.042,-12.521
Other,153.554,-28.868
Other,153.431,-29.118
Other,153.43,-29.117
Other,152.994,-30.821
Other,151.787,-32.928
Coles,151.684,-33.013
Aldi,151.55,-33.267
IGA,151.206,-33.857
Other,151.166,-28.855
Aldi,152.035,-28.214
IGA,151.612,-25.626
IGA,152.959,-27.203
IGA,138.555,-35.068
Other,151.169,-33.774
Aldi,150.91,-33.851
Other,152.106,-26.885
Coles,115.805,-31.753
IGA,138.538,-35.07
Other,153.523,-28.687
Aldi,144.692,-37.837
Coles,144.691,-37.837
Other,143.343,-37.954
Woolworths,145.435,-38.064
Other,153.582,-28.635
Other,145.19,-37.91
IGA,144.453,-37.25
IGA,153.594,-28.795
Other,138.518,-34.87
Other,153.36,-29.435
Woolworths,153.538,-28.168
Coles,152.922,-27.556
Coles,152.321,-24.891
IGA,138.686,-34.028
Other,144.935,-37.783
Aldi,150.828,-33.766
Other,138.546,-35.112
Aldi,138.546,-35.113
IGA,138.524,-35.036
Other,147.753,-43.116
Other,145.018,-37.778
IGA,150.355,-32.139
Other,138.518,-34.99
IGA,145.018,-37.776
Other,115.92,-32.001
Woolworths,115.922,-32.002
IGA,149.12,-35.174
Aldi,138.521,-35.106
Other,145.218,-37.988
Other,145.019,-37.777
Woolworths,146.762,-19.3
IGA,153.177,-27.69
Other,153.003,-27.483
Aldi,151.103,-34.035
Woolworths,114.632,-28.809
Other,151.666,-30.513
IGA,151.228,-33.916
Woolworths,130.984,-12.471
Woolworths,145.372,-16.467
Other,138.559,-35.026
Other,122.404,-28.626
Aldi,115.847,-31.911
Other,115.895,-31.894
Woolworths,115.848,-31.91
Woolworths,151.631,-27.717
Woolworths,150.936,-31.097
Other,144.997,-37.7
Coles,149.134,-35.278
IGA,115.888,-31.91
IGA,152.711,-30.34
Other,151.25,-33.893
Woolworths,144.964,-37.758
Aldi,144.454,-38.185
Other,145.004,-37.739
Other,145.004,-37.739
Other,145.004,-37.739
Other,145.004,-37.74
Other,151.224,-33.906
Other,151.224,-33.912
IGA,153.154,-27.467
Coles,151.103,-34.035
IGA,151.165,-33.875
Other,145.283,-38.112
Other,145.283,-38.112
Other,145.283,-38.11
Woolworths,153.077,-27.501
Other,138.558,-35.005
Coles,130.882,-12.371
Woolworths,141.449,-31.964
Coles,153.054,-27.512
IGA,145.483,-17.607
Other,145.483,-17.607
Other,145.341,-37.532
IGA,151.208,-33.84
Other,151.182,-33.797
Other,137.627,-33.931
Other,153.196,-29.455
IGA,151.17,-33.775
Other,138.561,-34.993
IGA,143.474,-37.086
Woolworths,153.011,-27.345
Other,153.138,-30.303
Other,151.033,-33.919
Other,151.033,-33.918
Other,151.032,-33.919
Other,151.032,-33.919
IGA,150.801,-34.505
Other,151.034,-33.919
Aldi,151.124,-33.824
Woolworths,151.207,-33.838
Coles,115.823,-31.944
Coles,115.793,-31.937
IGA,138.54,-34.988
IGA,144.976,-37.779
Woolworths,151.204,-33.906
Other,150.91,-33.767
Other,150.909,-33.765
Other,150.91,-33.771
Aldi,153.055,-27.61
Coles,153.056,-27.611
Other,144.834,-37.782
Other,144.832,-37.784
Other,144.832,-37.784
Other,144.834,-37.782
Other,144.832,-37.784
Other,144.834,-37.785
Other,144.833,-37.786
Other,147.138,-41.442
Aldi,150.792,-33.996
Woolworths,150.792,-33.997
Coles,149.169,-21.159
Aldi,150.81,-34.069
Woolworths,153.072,-27.427
Coles,116.005,-31.935
Coles,151.015,-33.953
Woolworths,145.09,-37.594
Other,150.866,-33.999
Other,150.866,-33.999
Other,150.866,-33.999
Other,150.866,-33.998
Coles,150.867,-33.996
Aldi,151.473,-33.376
Other,116.845,-20.734
Other,151.233,-33.877
Coles,151.496,-33.345
Woolworths,151.044,-33.72
Coles,145.052,-38.233
Coles,144.851,-37.778
Woolworths,145.042,-37.846
Other,144.877,-37.797
Other,153.029,-27.542
Other,149.157,-21.036
Other,151.156,-33.853
Other,152.972,-27.156
Woolworths,152.975,-27.155
Other,146.928,-19.383
Other,148.586,-20.402
Woolworths,150.516,-23.304
Other,153.086,-26.629
Other,138.423,-31.887
Other,116.388,-33.833
Other,145.265,-38.035
Other,145.266,-38.033
Other,145.266,-38.035
Other,151.164,-32.568
Other,151.262,-33.912
Other,151.108,-33.688
Other,144.801,-37.744
Aldi,115.858,-32.133
IGA,151.209,-33.868
Other,144.869,-37.801
Other,144.831,-37.788
IGA,145.19,-38.261
Other,151.24,-33.916
Other,153.361,-29.436
Aldi,151.121,-33.778
Other,153.492,-28.147
Other,145.104,-37.91
Coles,152.953,-27.446
Other,145.11,-15.295
Other,143.2,-13.944
Other,144.899,-37.799
IGA,118.279,-31.482
Other,137.535,-33.015
Other,144.522,-17.153
Other,151.227,-33.921
Other,144.966,-37.744
Other,145.091,-37.899
Other,118.488,-33.965
Coles,149.1,-33.283
Other,145.682,-16.79
Other,138.994,-34.474
Aldi,138.994,-34.474
IGA,147.266,-42.825
Woolworths,153.077,-27.377
Other,140.839,-17.484
Other,147.281,-36.864
Other,138.674,-34.913
Coles,152.661,-26.188
Woolworths,151.231,-33.951
Aldi,151.231,-33.951
Other,132.775,-23.943
Other,151.228,-33.923
Woolworths,115.884,-31.923
Other,147.484,-42.908
Aldi,151.074,-34.033
Coles,151.073,-34.033
IGA,149.534,-32.362
Woolworths,149.587,-32.593
Coles,115.901,-31.985
Woolworths,149.909,-36.886
Other,145.022,-37.887
Other,152.377,-32.099
Other,151.099,-33.707
Other,153.118,-27.643
Woolworths,150.866,-34.588
IGA,150.571,-34.203
Coles,150.668,-33.787
IGA,145.026,-37.955
Other,151.11,-33.707
IGA,140.782,-34.181
Other,153.087,-27.575
Other,153.087,-27.574
Other,153.029,-27.518
IGA,117.355,-34.959
Woolworths,152.65,-26.199
Other,153.11,-27.546
IGA,153.411,-28.013
Other,151.204,-33.88
Coles,145.754,-16.934
Other,115.946,-31.963
Woolworths,152.107,-32.736
Aldi,152.108,-32.735
Coles,152.108,-32.737
Other,138.653,-34.914
Other,153.0,-27.425
Aldi,153.099,-27.473
IGA,153.154,-27.644
Other,151.202,-33.867
Aldi,142.521,-38.38
Other,144.963,-37.762
Other,150.607,-34.873
Coles,130.985,-12.484
Woolworths,117.923,-34.983
Other,151.287,-33.727
Other,153.058,-27.587
Aldi,152.952,-27.293
Aldi,116.671,-31.657
Other,145.126,-37.82
Other,145.124,-37.82
Other,151.355,-32.833
Woolworths,151.288,-33.753
Coles,151.321,-33.654
Woolworths,153.087,-26.657
Other,145.944,-30.092
Woolworths,115.927,-32.128
Other,145.53,-37.779
Other,144.79,-37.759
Woolworths,151.415,-33.308
Woolworths,115.905,-32.041
IGA,145.141,-38.159
Coles,151.41,-33.308
Woolworths,150.855,-33.952
Other,151.257,-33.919
Other,152.954,-27.079
Woolworths,147.049,-43.028
Other,152.592,-27.64
Other,148.412,-36.405
Other,151.182,-33.796
IGA,151.646,-33.105
Coles,150.812,-33.976
Aldi,153.336,-27.926
IGA,153.048,-27.129
Aldi,151.051,-33.952
Woolworths,150.729,-34.07
Other,152.943,-27.395
Coles,151.324,-33.488
Coles,151.081,-34.018
Other,142.154,-34.192
Other,150.376,-33.709
Woolworths,150.774,-34.572
IGA,148.161,-33.894
IGA,145.014,-37.678
Woolworths,151.018,-33.693
IGA,142.043,-34.095
Other,151.205,-33.867
Coles,151.423,-33.283
Other,145.125,-37.819
Other,140.749,-34.171
IGA,145.145,-37.992
Aldi,145.146,-37.992
Other,114.251,-28.188
Other,115.834,-32.066
Other,151.185,-33.809
Other,116.662,-30.277
Other,151.305,-33.676
Other,153.061,-27.57
IGA,117.483,-30.825
Other,117.863,-30.451
IGA,146.758,-19.276
Woolworths,151.106,-33.966
IGA,151.104,-33.978
Woolworths,144.941,-37.796
Other,151.353,-33.383
Other,151.353,-33.383
Other,115.88,-31.922
Other,115.921,-31.909
Coles,151.079,-33.824
IGA,144.609,-36.494
Aldi,145.059,-37.831
Other,137.522,-33.028
Other,136.103,-34.375
Other,151.241,-33.824
Woolworths,145.01,-37.863
Woolworths,151.231,-33.958
IGA,150.679,-31.511
Woolworths,144.95,-37.821
Coles,144.963,-37.81
Aldi,115.639,-33.328
Woolworths,115.741,-33.283
Aldi,115.716,-33.281
Other,151.224,-33.908
Other,151.228,-33.924
Other,151.228,-33.924
Other,151.227,-33.922
Other,151.329,-33.637
Other,152.103,-26.885
IGA,145.052,-37.799
IGA,151.27,-33.87
IGA,151.296,-33.754
Other,145.071,-37.793
IGA,116.003,-31.939
IGA,115.992,-31.94
IGA,148.006,-33.387
IGA,133.653,-32.146
Aldi,151.285,-33.755
Other,151.285,-33.755
Woolworths,151.597,-32.916
Other,144.992,-37.847
Other,152.395,-27.631
Woolworths,151.003,-33.818
Coles,151.0,-33.818
Woolworths,151.004,-33.818
Other,148.67,-31.711
Other,143.248,-37.178
Coles,153.113,-27.577
Other,152.99,-27.38
Coles,151.201,-33.823
Coles,150.944,-33.955
Other,151.074,-33.828
Woolworths,144.939,-37.812
Other,153.059,-27.416
Other,128.119,-15.486
Aldi,153.4,-27.913
Woolworths,144.54,-38.246
IGA,151.105,-33.896
Other,138.605,-34.923
Woolworths,144.713,-37.594
Coles,153.116,-26.74
Aldi,153.116,-26.739
Other,138.657,-34.902
Other,138.658,-34.901
Other,138.657,-34.902
Coles,145.007,-37.885
IGA,151.213,-33.846
Coles,145.095,-37.6
Aldi,150.669,-33.788
Other,153.021,-27.393
Aldi,115.949,-32.068
Coles,138.647,-34.761
Other,149.063,-35.259
Coles,148.239,-32.232
IGA,149.023,-35.299
Other,148.369,-33.427
IGA,117.343,-33.309
IGA,145.094,-37.85
Woolworths,145.134,-37.849
Coles,117.856,-34.994
Other,115.88,-32.057
Other,151.196,-33.891
Aldi,115.341,-33.655
IGA,147.392,-41.001
Other,149.12,-35.278
IGA,138.578,-34.907
Other,151.072,-33.861
Other,151.08,-33.792
Woolworths,151.208,-33.869
Woolworths,144.995,-37.8
IGA,115.332,-31.02
Coles,151.529,-32.716
Other,151.288,-33.753
Other,138.597,-34.929
Other,144.998,-37.818
Other,153.006,-27.436
Woolworths,151.102,-33.877
Woolworths,153.115,-27.23
IGA,153.255,-27.522
Woolworths,153.194,-27.524
Other,153.195,-27.524
Woolworths,151.065,-33.749
Other,151.211,-33.846
Other,151.772,-32.927
Woolworths,148.156,-23.519
IGA,148.157,-23.52
Other,152.082,-32.778
IGA,143.895,-37.422
Other,144.969,-37.793
Woolworths,153.038,-26.391
Aldi,151.153,-33.93
Woolworths,151.058,-33.926
Other,146.089,-37.051
Other,149.133,-35.264
Aldi,115.828,-32.107
Coles,152.371,-31.868
Other,147.577,-38.051
Coles,153.082,-26.614
IGA,153.028,-27.591
Aldi,151.41,-33.307
Coles,152.969,-27.347
Other,144.939,-37.813
Woolworths,145.077,-37.834
IGA,150.631,-33.532
Other,150.667,-33.554
Other,149.052,-35.342
Woolworths,146.054,-34.29
IGA,153.092,-26.565
Other,153.088,-26.527
Woolworths,153.285,-27.586
Woolworths,153.28,-27.587
IGA,153.03,-27.465
Aldi,151.019,-33.693
Woolworths,153.138,-27.669
Aldi,150.72,-33.58
Other,151.013,-33.805
Coles,144.978,-37.772
Coles,138.008,-33.191
Other,115.783,-32.116
Other,115.963,-32.056
Other,115.801,-31.899
Other,115.821,-31.79
Coles,144.651,-37.834
IGA,151.98,-26.842
Other,152.94,-26.622
Other,151.17,-33.914
Aldi,146.429,-38.237
Other,149.018,-35.222
Woolworths,152.993,-27.445
Other,152.957,-26.856
IGA,151.121,-34.059
IGA,115.774,-31.911
Woolworths,153.252,-27.786
Other,149.148,-35.2
IGA,144.771,-37.911
IGA,151.139,-33.88
Other,151.158,-33.886
Other,149.06,-35.242
Other,149.061,-35.239
Other,149.06,-35.241
Other,149.063,-35.242
Other,150.873,-34.415
Other,152.973,-27.587
Aldi,151.556,-32.734
Other,152.98,-27.464
Woolworths,145.14,-37.921
Other,153.023,-27.238
IGA,151.939,-26.242
Other,153.019,-27.482
Other,143.599,-38.338
Other,151.204,-33.881
Other,144.663,-37.9
Coles,146.816,-19.315
Woolworths,151.223,-33.874
Other,153.003,-27.483
Woolworths,152.951,-27.102
Coles,152.95,-27.104
Other,149.062,-35.195
Other,150.936,-33.894
Other,145.134,-37.849
Aldi,145.148,-37.788
Other,144.962,-37.824
Other,149.982,-33.353
Other,150.067,-33.408
Other,116.017,-31.897
IGA,153.297,-27.629
Other,152.951,-27.099
Woolworths,138.607,-34.764
Other,151.193,-33.858
Woolworths,138.891,-35.261
Coles,145.12,-37.82
Other,152.949,-27.095
Other,151.761,-32.939
Woolworths,145.251,-38.108
Other,115.714,-31.653
Aldi,152.952,-27.116
Coles,149.589,-32.592
IGA,145.515,-37.654
IGA,144.881,-37.725
Other,145.053,-38.22
Coles,145.728,-17.019
Woolworths,150.845,-33.725
Other,144.922,-37.765
IGA,145.124,-37.857
Other,144.707,-37.966
IGA,144.74,-37.899
Other,151.198,-33.917
Other,151.185,-33.877
Other,145.151,-37.853
Woolworths,150.473,-35.36
Woolworths,153.049,-28.864
Aldi,146.398,-34.552
Aldi,150.863,-34.547
Other,145.107,-37.786
Other,138.611,-34.891
IGA,148.661,-33.566
Other,148.66,-33.564
Other,151.078,-33.825
Other,151.206,-33.893
Other,138.399,-30.592
Woolworths,151.554,-32.735
Other,151.555,-32.733
Coles,153.024,-27.364
Coles,138.683,-34.862
IGA,151.589,-32.751
Other,139.084,-34.171
IGA,151.186,-33.831
IGA,131.014,-12.703
Other,151.287,-33.799
Woolworths,153.001,-27.486
Coles,151.35,-32.67
Other,138.632,-34.875
Other,149.58,-33.414
Other,151.189,-33.924
Coles,144.34,-38.228
Woolworths,153.108,-27.766
Coles,137.764,-32.493
Other,144.731,-37.87
Other,144.992,-37.846
Other,144.993,-37.846
Coles,153.28,-27.588
Other,151.103,-33.876
Other,151.102,-33.878
Other,138.676,-34.896
Woolworths,150.735,-33.769
Coles,150.858,-33.97
Other,152.946,-27.1
Other,151.154,-33.929
Other,151.274,-33.873
Other,115.87,-31.958
Other,115.869,-31.958
Other,115.871,-31.958
Coles,150.863,-34.436
Other,151.011,-33.835
Woolworths,144.571,-37.722
Aldi,151.169,-33.814
IGA,150.888,-32.264
Other,151.21,-33.902
Other,153.101,-26.655
Woolworths,153.468,-28.134
Aldi,153.468,-28.134
Other,153.468,-28.134
IGA,151.675,-32.917
Coles,151.134,-33.793
Woolworths,151.867,-32.741
Other,144.724,-37.594
Other,152.548,-25.098
Other,151.901,-24.214
Coles,149.086,-35.391
Aldi,150.127,-36.223
Other,151.207,-33.903
Other,151.203,-33.906
Other,151.198,-33.903
Other,140.013,-37.481
Coles,144.921,-37.537
Coles,115.697,-31.65
IGA,115.745,-31.78
Other,145.109,-38.167
Other,151.213,-33.901
Other,144.969,-37.736
Coles,152.781,-27.621
Other,151.211,-33.901
Other,153.046,-27.639
IGA,143.723,-36.117
Other,143.559,-35.337
Other,151.967,-32.403
Other,151.235,-33.889
Other,151.195,-33.823
Other,151.209,-33.868
Other,151.229,-33.887
Other,150.876,-33.772
IGA,151.137,-33.891
Other,138.558,-34.904
IGA,149.012,-35.225
Woolworths,150.886,-33.74
Other,151.213,-33.899
Other,151.212,-33.9
IGA,151.28,-33.696
IGA,151.257,-33.801
Other,146.926,-36.076
IGA,143.92,-35.733
IGA,145.926,-17.935
Woolworths,153.026,-27.467
Other,153.015,-27.475
Other,147.221,-34.347
Other,151.691,-32.904
Other,145.923,-17.934
IGA,150.686,-32.389
Other,151.081,-33.791
Other,151.081,-33.791
Other,151.007,-33.821
Other,151.007,-33.808
Other,151.004,-33.807
Other,151.004,-33.819
IGA,151.004,-33.817
IGA,115.798,-31.994
Woolworths,153.021,-27.468
Other,152.622,-28.737
Other,145.737,-16.851
Woolworths,153.612,-28.647
Other,150.46,-27.276
Aldi,145.167,-38.152
Coles,145.167,-38.152
Other,149.069,-27.152
Woolworths,153.328,-28.823
Coles,153.327,-28.822
Other,114.628,-28.723
Woolworths,151.779,-32.927
Other,144.988,-37.885
Other,148.586,-28.034
Other,148.583,-28.036
IGA,148.583,-28.036
Other,144.897,-37.755
Coles,153.261,-27.784
Other,149.15,-35.201
Other,133.413,-22.128
IGA,146.345,-41.219
Other,144.939,-37.731
IGA,144.941,-37.72
Other,150.311,-33.718
Other,152.95,-27.595
Other,147.974,-26.488
Coles,144.67,-37.723
IGA,145.696,-16.888
Other,138.563,-34.924
Aldi,149.132,-35.165
Aldi,145.333,-38.094
Other,146.26,-20.077
IGA,150.685,-32.389
Other,146.771,-19.275
Other,145.242,-22.971
Aldi,151.239,-33.941
IGA,151.08,-33.97
Woolworths,149.068,-35.417
IGA,150.392,-35.523
Other,142.655,-25.422
Other,149.136,-35.251
Other,149.137,-35.25
Aldi,144.678,-37.874
IGA,148.01,-35.776
Other,153.492,-28.141
Coles,153.082,-27.54
Woolworths,153.083,-27.539
Other,142.364,-38.292
Other,153.024,-27.482
Other,148.835,-36.502
Aldi,144.884,-37.715
Aldi,144.884,-37.688
Coles,152.95,-27.809
Aldi,144.914,-37.595
Woolworths,152.968,-27.625
Coles,152.968,-27.625
Aldi,152.968,-27.626
Woolworths,142.445,-38.358
Other,138.62,-34.919
Woolworths,152.778,-26.952
Other,147.468,-42.833
Other,147.139,-41.44
Coles,151.207,-33.87
Other,145.74,-16.911
Woolworths,153.011,-27.478
Other,149.058,-35.242
Other,149.058,-35.242
Other,149.06,-35.242
Other,138.636,-34.921
Other,138.659,-34.885
IGA,115.838,-31.856
Other,151.169,-28.855
IGA,151.114,-29.772
IGA,153.138,-26.784
Other,153.042,-27.531
IGA,151.593,-33.043
IGA,151.426,-33.274
Other,149.133,-35.165
Other,144.899,-37.803
Other,146.253,-24.883
Other,143.042,-22.384
Other,115.878,-31.827
Other,115.775,-32.068
IGA,141.691,-37.598
Coles,144.602,-37.714
Other,115.964,-31.778
Woolworths,115.987,-31.765
Coles,115.969,-31.83
Woolworths,152.856,-27.625
Other,150.757,-33.758
Other,145.111,-17.148
Woolworths,115.843,-32.016
Woolworths,115.964,-32.056
Coles,115.979,-32.053
Woolworths,115.979,-32.054
Other,116.008,-32.153
Coles,116.001,-32.132
IGA,116.015,-32.115
Woolworths,116.015,-32.117
Other,144.2,-20.846
Coles,116.015,-32.113
Aldi,144.984,-37.799
Other,150.824,-33.749
Other,150.988,-33.808
Coles,144.659,-37.903
IGA,144.674,-37.861
IGA,115.818,-32.344
Other,151.113,-33.781
Other,151.114,-33.781
Other,145.741,-16.874
IGA,143.344,-35.185
IGA,116.019,-31.953
Other,147.143,-36.982
Other,147.149,-36.992
Other,146.412,-34.574
Other,150.778,-34.491
Woolworths,144.948,-37.286
Woolworths,138.605,-34.741
IGA,152.989,-27.302
Woolworths,149.092,-35.458
Other,151.201,-33.823
Woolworths,151.54,-32.702
Other,149.107,-35.202
Other,133.114,-14.555
Other,130.883,-16.449
Woolworths,152.952,-27.294
Other,135.251,-20.462
Other,115.802,-31.932
IGA,145.272,-37.736
Woolworths,145.136,-37.685
IGA,145.159,-37.675
Other,138.596,-34.93
Other,153.032,-27.511
Other,132.572,-25.129
Other,134.922,-12.105
IGA,152.959,-27.163
IGA,145.008,-37.811
Other,153.058,-27.688
Other,129.521,-14.239
Other,153.047,-27.523
Other,150.926,-33.884
Other,150.927,-33.884
Other,150.925,-33.884
Other,150.926,-33.884
Other,151.182,-33.794
Other,145.255,-38.091
Other,151.196,-33.894
Coles,152.797,-27.57
Other,145.251,-38.108
Other,145.251,-38.108
IGA,151.147,-33.714
Other,145.266,-38.103
Other,150.184,-26.659
Other,149.795,-25.642
IGA,145.241,-38.116
Other,151.209,-33.907
Aldi,150.9,-33.949
Other,151.111,-26.782
Other,138.597,-34.929
Other,145.292,-38.085
Coles,152.868,-27.605
Aldi,152.868,-27.605
Other,145.282,-38.111
Other,153.039,-27.387
Other,145.072,-37.793
Other,150.622,-33.746
Aldi,151.296,-33.695
Other,151.711,-33.01
Other,151.584,-32.754
IGA,144.741,-37.348
Coles,150.82,-33.696
Other,150.684,-34.228
Coles,152.802,-27.683
Coles,142.14,-34.211
Aldi,150.855,-33.919
Coles,153.125,-26.803
Coles,150.876,-33.706
IGA,153.124,-26.76
IGA,153.092,-26.673
Other,153.12,-26.751
IGA,153.083,-26.809
Other,152.502,-32.381
Coles,153.473,-28.122
Woolworths,151.19,-33.904
IGA,153.024,-27.461
Woolworths,138.615,-34.81
Aldi,145.279,-37.793
IGA,152.942,-27.532
Other,150.691,-33.751
Aldi,115.887,-31.921
IGA,145.142,-37.821
Coles,138.558,-34.897
Other,138.6,-34.853
Aldi,151.504,-33.24
Other,150.774,-33.765
Other,150.775,-33.763
Other,150.775,-33.763
Other,150.775,-33.764
Other,150.814,-34.068
Other,150.813,-34.068
Other,150.814,-34.068
Other,150.814,-34.068
Other,150.814,-34.068
Other,150.814,-34.068
Other,153.073,-27.596
Other,150.814,-34.067
Other,150.814,-34.067
Other,138.644,-34.764
IGA,145.128,-38.089
IGA,151.174,-33.717
Other,150.892,-34.413
Other,153.414,-28.078
IGA,153.415,-28.079
Other,149.101,-33.254
Other,153.2,-30.029
Other,153.059,-26.722
Other,151.03,-33.95
Other,151.03,-33.95
IGA,145.689,-35.912
Woolworths,115.82,-31.769
Other,153.193,-30.115
Coles,151.736,-29.74
Coles,152.742,-27.661
Woolworths,115.868,-31.943
Woolworths,148.601,-32.246
Other,153.012,-27.481
Other,145.69,-16.838
IGA,151.131,-33.856
Coles,115.779,-31.982
Other,115.779,-31.983
Coles,150.991,-33.835
Aldi,150.989,-33.835
Woolworths,150.99,-33.835
Coles,150.898,-33.859
Other,138.621,-34.749
Aldi,115.811,-31.844
Woolworths,115.812,-31.844
Coles,115.81,-31.845
Aldi,115.798,-32.126
IGA,151.672,-30.218
Other,138.668,-34.767
Aldi,150.926,-31.085
Other,151.128,-31.461
IGA,151.286,-33.779
Other,140.743,-36.955
IGA,150.751,-33.708
IGA,137.796,-34.909
Other,115.738,-31.739
Other,115.738,-31.739
Other,144.145,-37.34
Other,144.322,-37.389
Coles,115.834,-32.034
Woolworths,115.834,-32.033
Other,147.709,-32.922
Other,144.961,-37.775
Woolworths,138.515,-34.914
Other,146.861,-29.964
Coles,153.521,-28.214
Aldi,152.974,-27.598
Other,144.963,-37.759
Other,151.2,-33.922
Other,151.207,-33.914
Coles,140.783,-37.83
Other,150.789,-33.777
IGA,150.007,-34.712
Coles,153.098,-27.219
Other,150.376,-33.709
Coles,151.163,-33.856
Aldi,151.163,-33.856
Other,146.799,-19.281
IGA,145.428,-37.78
Other,146.0,-34.567
Coles,145.294,-37.771
Woolworths,153.188,-27.754
IGA,145.049,-37.721
IGA,151.207,-33.869
IGA,151.207,-33.866
Other,144.341,-38.111
Other,144.342,-38.111
Other,138.608,-33.499
Aldi,137.536,-33.028
Other,136.926,-33.684
Other,150.921,-33.925
Other,150.922,-33.926
Woolworths,153.047,-27.454
Other,151.13,-33.784
Other,135.463,-33.047
IGA,135.728,-34.264
IGA,153.132,-27.676
Woolworths,153.387,-27.962
Other,136.57,-33.912
IGA,115.749,-32.054
Other,146.437,-38.666
IGA,138.351,-32.881
IGA,115.852,-31.972
Woolworths,153.313,-27.853
Coles,153.316,-27.854
IGA,145.027,-37.358
Other,145.506,-37.656
Other,150.845,-33.719
IGA,115.815,-32.039
Woolworths,138.56,-34.667
Coles,115.791,-32.034
Other,149.088,-33.276
Other,137.605,-35.019
Woolworths,144.915,-37.616
Other,115.87,-31.99
IGA,152.962,-26.765
Woolworths,153.336,-27.852
Aldi,153.107,-26.773
Other,144.798,-37.744
Woolworths,150.725,-33.727
Other,151.172,-33.908
Other,115.902,-31.983
IGA,144.622,-37.895
Aldi,153.293,-27.813
Other,153.293,-27.813
Coles,153.293,-27.813
Woolworths,145.039,-38.218
Coles,144.999,-37.817
Other,144.766,-37.695
IGA,152.84,-31.079
Coles,151.172,-33.908
Other,152.839,-31.081
IGA,150.749,-33.774
Other,152.823,-27.547
Other,151.618,-32.6
Woolworths,144.964,-37.826
Other,144.197,-20.846
Other,143.142,-20.731
Other,145.379,-37.725
IGA,115.782,-31.98
Other,140.058,-35.885
IGA,148.952,-20.348
Woolworths,151.263,-33.894
Other,146.54,-38.196
Coles,147.428,-42.888
Other,147.844,-20.556
IGA,147.845,-20.553
Other,115.816,-32.068
IGA,148.7,-22.81
Woolworths,153.065,-26.401
Other,115.822,-31.948
Other,149.811,-24.181
Other,145.256,-37.827
Woolworths,115.788,-31.712
Other,151.073,-34.033
Other,151.073,-34.033
IGA,153.065,-26.682
Other,145.124,-37.821
Woolworths,151.073,-34.034
Other,133.07,-14.927
IGA,114.123,-21.931
Other,153.238,-27.486
Other,115.831,-31.798
Aldi,152.95,-27.418
Other,151.103,-33.968
IGA,150.89,-33.871
IGA,153.266,-27.558
Coles,151.107,-33.812
IGA,147.743,-43.099
Other,144.817,-37.799
IGA,144.818,-37.799
Other,151.283,-33.889
Other,138.556,-34.972
IGA,153.203,-27.069
Woolworths,115.942,-32.09
Other,115.809,-31.911
Other,151.168,-33.815
Aldi,153.109,-26.711
IGA,151.063,-33.96
Woolworths,153.191,-27.524
Coles,153.192,-27.525
Other,115.879,-32.039
Other,115.878,-32.039
Other,145.128,-37.757
Other,153.172,-27.66
Woolworths,151.212,-33.924
IGA,150.717,-34.995
Other,150.892,-33.986
Other,145.0,-37.76
IGA,152.713,-31.47
Coles,146.815,-19.252
IGA,150.571,-34.078
Other,150.707,-35.135
Aldi,150.934,-33.775
Other,147.194,-31.563
Other,145.694,-16.82
Other,145.025,-37.681
Woolworths,144.171,-38.044
Other,153.414,-27.969
Other,144.171,-38.045
Coles,145.29,-38.15
IGA,153.086,-27.214
Other,144.994,-37.846
Woolworths,153.222,-27.524
Coles,152.974,-27.043
Coles,153.024,-27.471
Coles,152.992,-27.444
Coles,152.949,-27.085
Coles,153.04,-27.697
Coles,153.117,-27.679
Coles,152.877,-27.57
Coles,153.376,-28.0
Aldi,153.069,-27.319
Aldi,152.953,-27.446
Aldi,152.939,-27.55
Aldi,153.084,-27.565
Aldi,153.097,-27.527
Coles,145.038,-37.876
Woolworths,151.016,-34.013
Woolworths,152.99,-27.229
Other,153.435,-28.044
Woolworths,121.621,-31.211
Other,150.878,-31.095
Woolworths,144.929,-37.776
Other,119.328,-31.232
IGA,118.207,-30.915
Other,113.657,-24.885
Woolworths,153.192,-27.67
Other,149.241,-35.349
IGA,117.118,-30.365
Other,150.912,-33.706
Other,150.927,-33.7
Other,116.023,-29.882
Aldi,138.603,-34.89
Aldi,145.239,-37.868
Woolworths,145.238,-37.868
Woolworths,152.992,-27.408
Other,134.673,-33.233
IGA,145.287,-38.052
Aldi,149.91,-36.886
Other,115.885,-29.689
Woolworths,145.205,-37.974
Woolworths,150.853,-33.784
IGA,153.017,-27.198
IGA,153.024,-27.189
IGA,151.187,-33.768
IGA,153.126,-27.08
IGA,152.959,-27.285
IGA,153.039,-27.359
IGA,153.07,-27.44
IGA,117.719,-31.634
Other,145.742,-16.902
Other,144.942,-37.795
Aldi,151.08,-33.732
Other,146.071,-41.114
Woolworths,150.8,-34.101
Other,117.875,-32.331
Other,117.875,-32.331
IGA,117.011,-32.369
Woolworths,145.1,-37.603
Other,153.199,-27.52
Woolworths,145.016,-37.974
Woolworths,144.743,-37.73
Other,117.381,-31.18
Other,117.031,-31.195
Other,116.83,-31.297
IGA,144.726,-37.713
Other,144.99,-37.839
Other,150.866,-34.588
Aldi,115.88,-32.058
IGA,118.461,-33.101
IGA,147.09,-41.47
Other,144.973,-37.763
Other,144.973,-37.763
Other,117.742,-33.314
Other,117.344,-33.311
Aldi,138.506,-34.849
IGA,118.007,-33.936
Woolworths,144.959,-37.81
Woolworths,144.89,-38.362
Woolworths,151.107,-33.812
IGA,120.127,-33.949
Woolworths,150.778,-34.027
IGA,153.376,-27.969
Other,115.928,-32.013
IGA,115.966,-32.014
Other,115.965,-32.014
Coles,115.987,-32.148
Other,116.01,-32.136
Aldi,116.001,-32.119
Other,115.968,-32.037
Other,115.981,-32.034
Other,115.963,-32.056
Coles,115.966,-32.1
Woolworths,153.029,-27.194
Coles,153.029,-27.194
Other,140.908,-35.261
Other,141.184,-35.263
Aldi,151.0,-33.817
IGA,150.813,-34.084
IGA,119.731,-23.357
IGA,145.194,-37.828
Woolworths,153.057,-27.494
IGA,146.554,-34.743
IGA,150.843,-33.77
Other,150.843,-33.77
Other,149.398,-32.016
Other,145.054,-37.843
IGA,151.529,-32.764
Coles,145.154,-37.811
Woolworths,145.153,-37.812
Aldi,145.152,-37.811
Woolworths,116.031,-31.885
IGA,115.639,-32.634
Other,151.182,-33.797
Other,143.885,-37.56
Other,115.769,-32.016
Other,115.905,-32.04
IGA,148.789,-26.572
IGA,151.581,-32.903
Other,147.437,-42.736
Other,115.82,-31.906
Other,114.123,-21.932
Other,145.109,-37.882
Aldi,145.168,-37.941
IGA,144.357,-36.806
Other,118.268,-32.494
Other,115.936,-32.063
Coles,150.88,-33.658
Aldi,151.639,-32.876
IGA,151.589,-33.069
Other,141.074,-17.674
Other,136.307,-16.057
Coles,138.556,-34.994
Other,138.918,-35.038
IGA,150.804,-33.804
Other,130.35,-12.718
Aldi,150.88,-33.659
Other,144.998,-37.904
Other,153.032,-27.554
Other,153.032,-27.554
Other,151.057,-33.908
Aldi,115.748,-31.797
Woolworths,115.748,-31.797
IGA,135.466,-34.622
Woolworths,151.111,-33.967
Coles,151.056,-33.906
Other,153.088,-27.488
IGA,152.777,-26.955
IGA,149.975,-24.568
Other,150.508,-24.404
Other,115.81,-31.898
Other,115.816,-31.941
Other,138.513,-34.87
Other,134.211,-32.798
Other,151.347,-33.411
Other,115.812,-32.045
Other,151.126,-33.887
Other,151.126,-33.887
Other,151.125,-33.888
Other,151.126,-33.888
Other,151.125,-33.889
Other,151.123,-33.888
Other,151.123,-33.888
Woolworths,153.042,-27.32
Woolworths,153.024,-27.376
Woolworths,153.155,-27.456
Woolworths,153.126,-27.484
Woolworths,153.042,-27.492
Woolworths,153.026,-27.576
Woolworths,153.087,-27.59
Other,115.825,-31.946
Woolworths,146.991,-36.043
Other,115.968,-31.833
Aldi,115.777,-31.877
Coles,115.778,-31.878
Other,150.414,-34.484
Other,150.415,-34.483
Other,144.962,-37.806
Other,151.033,-33.851
Other,151.034,-33.851
Other,138.567,-34.876
Woolworths,150.806,-33.962
Other,153.004,-28.619
Other,130.863,-12.426
Other,145.123,-37.82
Other,151.195,-33.824
Coles,151.195,-33.824
Other,145.149,-37.788
Other,152.069,-26.182
Other,151.079,-33.923
Other,152.468,-31.606
Other,116.674,-31.652
Other,144.977,-37.839
Other,149.579,-28.725
IGA,144.958,-37.818
Other,153.058,-27.587
Other,150.918,-31.093
Other,115.783,-32.082
Coles,144.955,-35.531
Woolworths,151.032,-33.85
Aldi,151.032,-33.85
Woolworths,153.082,-27.677
IGA,138.592,-34.927
IGA,150.579,-34.29
Other,148.473,-31.33
Other,148.394,-30.957
Woolworths,150.863,-34.547
Other,151.008,-33.822
IGA,115.891,-32.002
Other,146.053,-34.289
Other,146.043,-34.287
Other,146.049,-34.29
IGA,151.336,-33.514
Other,153.136,-27.689
IGA,138.59,-34.952
IGA,144.88,-37.639
IGA,115.916,-32.117
Other,151.735,-29.738
Coles,153.156,-27.456
Woolworths,151.06,-33.851
Other,151.061,-33.851
Woolworths,152.381,-24.87
Coles,149.139,-35.249
Other,149.143,-35.317
Coles,138.741,-34.619
IGA,151.083,-33.773
Other,153.44,-28.843
IGA,144.916,-37.771
Other,153.5,-28.553
Other,151.01,-33.823
Woolworths,153.014,-27.361
Coles,153.013,-27.362
Aldi,153.013,-27.363
Other,153.122,-30.301
Woolworths,115.779,-31.877
Other,115.778,-31.877
Other,152.987,-30.654
IGA,151.046,-33.653
IGA,151.317,-33.515
Other,138.89,-35.087
IGA,151.212,-33.848
Coles,145.092,-37.878
Woolworths,144.943,-37.807
Other,144.965,-37.703
Woolworths,150.999,-33.792
Other,150.081,-35.91
IGA,150.125,-36.215
IGA,145.809,-35.657
Other,138.718,-34.802
Aldi,151.12,-33.777
Other,145.649,-35.92
Other,144.536,-36.271
Other,144.965,-37.742
Other,138.773,-34.605
Aldi,138.616,-35.016
Other,152.957,-26.898
Woolworths,151.132,-33.881
Woolworths,150.957,-33.868
Woolworths,144.883,-37.832
Other,142.839,-37.712
Aldi,141.602,-38.347
Other,151.009,-33.821
Other,115.949,-32.027
Other,145.05,-36.312
Other,153.043,-27.432
Other,144.771,-37.785
IGA,145.577,-35.643
Other,153.087,-26.657
Aldi,152.424,-27.562
Other,145.068,-37.757
Coles,145.362,-38.095
Other,143.885,-37.65
Other,145.061,-37.936
Other,151.16,-33.912
Other,151.1,-33.705
Other,153.56,-28.869
Other,144.994,-37.838
Woolworths,151.076,-33.918
Other,115.795,-32.028
Coles,153.303,-27.85
IGA,148.249,-41.323
Woolworths,151.2,-33.892
Other,151.2,-33.892
Other,153.287,-28.811
Other,138.554,-34.964
Other,151.077,-33.92
Other,151.077,-33.92
Coles,116.152,-33.358
Coles,115.75,-31.797
Coles,115.743,-31.809
Coles,151.647,-32.877
Coles,152.0,-32.736
Coles,151.062,-33.893
Other,145.03,-37.766
Other,152.904,-31.435
Other,151.009,-33.821
IGA,138.357,-33.27
Aldi,145.259,-37.977
Other,153.057,-27.33
Coles,115.76,-32.471
Aldi,115.761,-32.472
Woolworths,151.693,-32.964
Aldi,151.693,-32.964
Coles,151.694,-32.964
Coles,151.104,-34.01
Woolworths,151.103,-34.011
Coles,115.814,-32.245
Woolworths,115.815,-32.246
Woolworths,151.141,-33.958
Aldi,151.139,-33.958
Coles,150.694,-33.751
Woolworths,146.7,-19.253
Coles,146.79,-19.272
Coles,151.554,-33.234
Coles,150.898,-34.372
Coles,150.877,-33.876
Coles,150.894,-34.394
Coles,150.906,-33.77
Coles,115.689,-32.561
Woolworths,138.69,-34.886
Coles,151.511,-33.216
Coles,115.926,-31.877
Coles,115.896,-31.877
Woolworths,115.895,-31.877
Coles,147.371,-35.114
Coles,115.803,-31.831
Coles,116.047,-31.889
Coles,138.572,-34.983
Coles,115.748,-32.493
Coles,153.027,-27.33
Coles,115.798,-32.128
Coles,115.854,-31.83
Woolworths,115.854,-31.829
Coles,151.37,-23.951
Coles,138.691,-34.886
Coles,146.678,-19.247
Coles,144.942,-37.839
Coles,151.085,-33.836
Coles,153.245,-27.763
Coles,146.791,-19.317
Coles,149.186,-21.098
Coles,115.693,-31.628
Coles,151.158,-33.73
Coles,151.383,-33.467
Coles,138.635,-34.87
Coles,148.689,-33.835
Woolworths,150.994,-33.713
Coles,138.705,-34.709
Coles,115.801,-31.706
Woolworths,115.803,-31.705
Coles,115.967,-31.868
Coles,115.8,-31.902
Woolworths,115.8,-31.9
Aldi,115.8,-31.9
Coles,116.007,-32.22
Coles,115.953,-31.903
Coles,144.887,-37.775
Coles,144.899,-37.573
Woolworths,151.069,-33.935
IGA,115.767,-31.811
Other,152.907,-31.433
Coles,153.249,-27.567
Other,151.954,-27.555
Woolworths,151.086,-33.83
Woolworths,138.729,-34.774
Woolworths,138.531,-34.895
Woolworths,115.765,-32.448
Woolworths,138.635,-34.857
Woolworths,150.898,-34.374
Woolworths,116.005,-32.221
Woolworths,153.365,-27.878
Aldi,153.365,-27.878
Woolworths,151.142,-34.038
Woolworths,115.907,-31.846
Woolworths,115.753,-32.521
Woolworths,115.821,-31.889
Woolworths,116.002,-31.89
Woolworths,115.635,-33.398
Woolworths,151.952,-27.561
Woolworths,147.309,-42.977
Woolworths,153.302,-27.612
Woolworths,115.7,-31.637
Woolworths,150.889,-34.486
Woolworths,115.83,-31.862
Other,115.829,-31.863
Woolworths,115.793,-31.939
Woolworths,115.926,-31.859
Woolworths,145.773,-16.926
Woolworths,146.73,-19.363
Woolworths,153.108,-27.245
Woolworths,138.685,-34.809
Woolworths,152.927,-27.09
Woolworths,146.761,-19.287
Woolworths,115.816,-32.263
Woolworths,146.742,-19.304
Woolworths,153.013,-27.524
Woolworths,150.949,-33.788
Woolworths,115.754,-32.313
Woolworths,150.864,-34.436
Woolworths,115.662,-32.584
Woolworths,138.653,-34.81
Woolworths,151.353,-23.948
Woolworths,150.849,-33.887
Woolworths,153.405,-28.106
Woolworths,115.84,-31.921
Aldi,115.946,-31.871
Woolworths,115.946,-31.87
Woolworths,151.013,-33.832
Other,151.201,-33.885
IGA,153.006,-27.502
Other,152.976,-27.501
Other,145.034,-37.918
IGA,145.059,-37.886
Other,153.288,-28.988
Woolworths,152.85,-27.664
Other,153.42,-28.828
Other,153.439,-28.841
Other,149.131,-35.341
Other,153.027,-27.471
Coles,144.881,-37.817
IGA,150.191,-26.66
Other,152.995,-30.747
Aldi,138.582,-34.866
IGA,150.743,-34.85
Other,150.504,-23.38
IGA,144.907,-37.719
Other,153.135,-27.692
IGA,115.813,-31.961
Other,150.811,-34.044
Coles,144.615,-37.911
Other,151.079,-33.823
Other,145.333,-38.094
Other,153.018,-27.768
Aldi,150.779,-34.027
Other,150.199,-35.733
Other,152.976,-27.499
Other,153.033,-27.51
Other,115.769,-31.831
Other,144.689,-37.884
Other,146.726,-19.316
IGA,115.745,-32.313
IGA,150.912,-33.87
Other,148.788,-26.572
Aldi,151.142,-34.038
Other,115.849,-31.893
Other,115.998,-32.069
Other,138.606,-34.772
Woolworths,115.815,-32.313
Woolworths,149.037,-35.321
Other,153.313,-27.853
Aldi,150.725,-33.995
Other,151.96,-27.603
Other,146.524,-38.197
Other,145.022,-37.888
Other,145.105,-37.82
Other,138.595,-34.907
Other,137.673,-34.375
IGA,144.79,-37.792
Other,151.21,-33.739
IGA,150.813,-33.932
Other,151.956,-27.566
Other,151.196,-33.945
Other,151.184,-33.808
Other,153.04,-27.564
Coles,151.212,-33.892
Other,151.212,-33.892
Coles,115.745,-31.725
Other,151.214,-33.887
Other,144.962,-37.81
Other,144.963,-37.81
IGA,151.196,-33.894
Aldi,138.649,-34.83
Other,115.813,-32.045
IGA,151.012,-33.923
Woolworths,152.965,-27.817
Other,153.136,-27.69
Other,150.938,-33.894
Other,150.938,-33.893
Other,150.936,-33.894
Woolworths,144.893,-37.738
IGA,144.919,-37.707
Other,152.538,-32.069
Coles,115.64,-31.551
Other,151.962,-27.587
Other,150.935,-33.895
Coles,150.952,-33.867
Other,150.903,-33.896
Other,150.902,-33.896
Other,115.927,-32.127
IGA,144.965,-37.8
Other,151.748,-32.921
Other,146.35,-41.176
Other,151.159,-33.73
Other,151.892,-24.22
IGA,115.878,-31.928
Other,144.961,-37.811
Woolworths,152.892,-25.293
Other,151.008,-33.82
Other,151.672,-30.219
Other,146.064,-38.204
Other,136.461,-13.981
Coles,144.742,-37.354
Other,149.189,-35.295
Other,150.798,-34.496
Other,144.801,-37.744
IGA,144.99,-37.83
Other,149.143,-35.328
Other,144.965,-37.742
Other,151.009,-33.822
IGA,144.32,-38.167
Other,142.772,-34.584
Other,142.773,-34.584
Other,145.113,-37.773
Other,145.16,-37.853
Other,145.192,-37.817
Other,144.93,-37.788
Other,144.93,-37.788
Other,145.369,-38.047
Other,151.158,-33.73
Aldi,153.15,-30.207
Other,152.936,-27.535
Other,153.206,-27.924
Other,146.014,-38.578
Other,145.103,-37.961
Other,145.133,-37.912
Other,144.938,-37.815
Other,153.378,-27.979
Woolworths,149.072,-35.24
Woolworths,151.33,-33.636
Other,150.962,-33.924
Other,145.12,-37.819
Other,153.366,-27.781
IGA,151.313,-33.647
Other,150.909,-31.109
IGA,153.251,-27.786
Other,144.954,-37.766
Other,138.657,-34.906
Aldi,138.716,-34.822
Other,153.029,-27.518
Other,151.195,-33.792
Other,149.256,-33.529
Other,145.34,-38.062
Other,153.034,-27.424
Other,150.624,-26.743
Other,149.077,-32.806
Other,151.077,-33.921
Other,115.765,-32.042
Other,153.14,-27.667
Other,149.082,-35.239
Other,151.037,-33.917
Other,148.774,-35.997
Other,149.125,-36.235
Other,149.124,-36.236
IGA,151.29,-33.686
Woolworths,144.748,-37.692
Other,149.092,-35.429
Other,145.688,-36.077
Other,144.115,-36.054
IGA,151.009,-34.087
Aldi,151.125,-33.977
Other,153.083,-27.564
IGA,153.266,-27.531
Other,144.867,-37.745
Other,115.867,-32.136
Aldi,138.518,-34.976
Other,138.506,-34.937
Other,138.557,-34.983
Other,138.622,-35.552
Other,137.592,-34.069
Other,153.089,-25.911
Coles,151.167,-33.774
IGA,145.839,-31.499
Other,138.555,-35.272
Woolworths,153.05,-26.718
Aldi,153.191,-27.524
Other,153.399,-27.995
Woolworths,144.957,-37.803
IGA,144.629,-37.714
Other,144.918,-37.633
Other,115.96,-32.049
Aldi,145.006,-37.622
Other,153.028,-27.471
Other,144.95,-37.795
Coles,144.721,-37.82
Other,144.7,-37.883
Other,152.032,-28.218
Other,145.057,-37.888
IGA,116.031,-31.672
Woolworths,150.619,-33.891
Other,146.889,-36.119
Other,151.103,-33.913
Other,153.038,-27.223
Other,150.513,-24.401
Other,146.3,-38.178
Other,146.019,-18.258
Other,149.072,-35.384
IGA,153.528,-28.187
Other,115.938,-32.008
Other,150.894,-34.422
Woolworths,151.263,-33.906
Coles,115.747,-32.052
Other,115.946,-32.013
IGA,145.868,-38.7
Other,131.006,-12.491
Other,132.521,-12.906
Other,115.874,-31.961
Woolworths,138.504,-34.849
Other,115.983,-32.068
Other,140.733,-34.179
Other,138.504,-34.846
Other,153.157,-27.701
Other,150.896,-34.425
IGA,153.129,-26.702
Other,144.942,-37.82
Coles,138.636,-34.922
IGA,148.614,-32.261
Other,153.055,-27.418
Woolworths,145.345,-38.118
Other,149.096,-35.213
IGA,115.769,-32.083
Coles,142.495,-38.369
Other,151.178,-33.856
Coles,153.335,-27.923
Other,153.337,-27.925
Other,153.044,-27.45
Other,153.084,-27.561
Other,153.083,-27.561
Other,138.66,-34.855
Aldi,153.381,-28.082
IGA,151.251,-33.766
Other,115.835,-32.035
IGA,151.252,-33.797
Other,138.655,-34.855
Other,151.17,-33.815
Woolworths,115.717,-31.693
Other,150.756,-23.144
Woolworths,144.971,-37.832
Other,147.069,-38.111
IGA,147.068,-38.106
Other,147.089,-38.102
Other,147.08,-38.1
Other,151.0,-33.818
Other,115.771,-31.757
Other,150.522,-23.364
Other,143.823,-37.577
Other,153.139,-26.789
Other,151.188,-33.881
Other,115.913,-31.977
Other,115.913,-31.977
Other,145.122,-37.829
Other,145.123,-37.825
Coles,146.996,-36.044
Other,151.176,-33.898
IGA,118.864,-32.449
IGA,138.657,-34.799
Woolworths,130.987,-12.499
Coles,144.599,-37.896
Other,153.615,-28.651
Other,151.125,-33.969
Other,151.045,-33.861
Other,151.306,-33.676
Other,149.097,-33.284
Coles,147.359,-35.076
Woolworths,152.984,-27.139
Other,151.245,-33.98
Other,151.071,-33.738
Woolworths,153.436,-28.049
Other,151.164,-33.909
Other,138.648,-34.761
Other,138.648,-34.761
Other,151.107,-33.968
IGA,147.016,-43.311
Other,151.081,-33.948
Coles,115.804,-31.956
Other,151.101,-33.941
Other,115.938,-32.107
Other,138.636,-34.871
Woolworths,138.778,-35.506
Other,138.778,-35.505
IGA,144.662,-37.889
Woolworths,152.986,-27.613
Other,151.175,-33.883
Other,151.113,-33.97
Other,151.21,-33.821
Other,153.099,-27.539
Other,152.948,-27.098
Other,151.248,-33.893
Woolworths,115.968,-31.849
Other,153.093,-27.547
Other,153.093,-27.546
Other,153.194,-27.521
Other,153.193,-27.521
Woolworths,153.039,-27.66
Other,145.122,-37.818
Other,151.925,-27.543
IGA,147.138,-41.428
Other,151.106,-33.967
Other,151.107,-33.967
Other,138.566,-34.967
Other,151.626,-32.925
Other,145.013,-38.268
Coles,145.012,-37.814
IGA,151.157,-33.883
IGA,139.897,-35.094
Other,115.999,-32.07
Other,115.98,-32.052
Other,116.001,-32.071
Other,145.756,-16.901
Other,144.966,-37.744
IGA,152.921,-27.418
Other,130.976,-12.437
IGA,153.093,-27.685
IGA,144.326,-38.226
Other,138.644,-34.763
Other,144.34,-38.227
Other,144.783,-37.869
Other,151.095,-29.323
Other,151.225,-33.942
Other,153.088,-26.656
Other,138.596,-34.931
Other,153.41,-27.986
Other,151.048,-33.849
Other,151.087,-33.832
Aldi,150.923,-33.922
Other,115.863,-31.944
Coles,144.296,-36.758
Other,151.213,-33.906
Other,150.518,-23.343
Other,151.205,-33.843
Other,138.663,-34.845
IGA,151.131,-33.721
Coles,153.05,-26.663
Other,151.207,-33.84
IGA,147.207,-33.923
Other,153.544,-28.172
Other,139.274,-35.121
Other,144.785,-37.883
IGA,153.089,-26.799
Other,149.11,-33.277
Other,146.817,-41.201
Other,142.189,-34.307
Aldi,144.304,-36.772
Aldi,115.911,-31.993
Other,144.985,-37.798
Other,153.022,-26.404
Other,115.862,-31.944
Other,145.923,-17.934
Other,149.067,-30.949
IGA,151.208,-33.835
Other,151.142,-34.039
Other,151.209,-33.829
Woolworths,150.954,-33.719
Woolworths,145.193,-37.815
Other,151.094,-33.873
Other,151.645,-33.104
Other,146.861,-19.117
Other,151.132,-33.993
Other,151.094,-33.874
Other,145.924,-17.935
Other,138.551,-34.875
Woolworths,146.162,-18.649
Other,146.333,-18.525
Other,146.285,-18.58
Other,146.297,-18.71
Other,115.898,-31.975
IGA,153.026,-27.349
Woolworths,115.976,-32.164
Other,150.974,-33.792
IGA,151.287,-33.728
Coles,144.892,-37.544
Other,149.059,-35.242
Other,149.059,-35.242
Other,144.961,-37.825
Other,144.936,-37.791
Aldi,146.702,-19.256
Aldi,115.987,-32.149
Coles,147.29,-42.985
Other,153.453,-28.121
Other,144.966,-37.818
IGA,151.212,-33.863
Aldi,145.166,-37.835
Other,153.105,-27.637
Other,153.117,-27.644
Other,145.744,-17.02
Other,151.086,-33.788
Other,138.616,-34.919
Other,144.962,-37.81
IGA,150.905,-31.049
Coles,145.009,-37.841
Other,151.031,-33.849
Other,138.504,-34.849
Aldi,115.702,-32.548
Woolworths,153.387,-28.076
Other,115.721,-32.535
Other,115.748,-32.516
Aldi,145.022,-37.888
Woolworths,146.259,-20.076
Other,146.862,-19.117
Other,153.102,-27.636
Other,138.687,-34.8
Woolworths,150.91,-33.624
Other,153.317,-27.827
Woolworths,153.296,-27.868
Other,145.743,-16.952
Other,151.206,-33.876
Other,138.642,-34.647
Other,144.762,-37.867
Other,144.763,-37.867
Other,114.625,-28.737
Other,115.862,-31.955
Other,151.158,-33.886
Other,152.852,-26.758
Other,153.198,-29.456
Woolworths,115.721,-32.533
Other,153.546,-28.208
IGA,115.837,-31.87
Coles,145.372,-38.126
Other,151.029,-33.908
Other,144.703,-37.62
Other,138.556,-34.859
Other,138.556,-34.859
Other,151.172,-33.908
Other,151.1,-33.965
Other,151.101,-33.966
Other,122.236,-17.968
Other,115.862,-31.945
Other,151.107,-33.967
Other,151.102,-33.967
Other,145.03,-37.659
Other,153.159,-27.437
Other,138.634,-34.874
Other,145.023,-37.654
Other,151.133,-33.964
Other,151.133,-33.964
Other,151.134,-33.962
Other,151.138,-33.955
Other,151.138,-33.954
Other,151.138,-33.952
Other,115.837,-31.87
Other,138.601,-34.853
Other,145.112,-37.773
Other,145.112,-37.773
Other,144.438,-37.676
Other,149.065,-35.245
Other,145.019,-37.66
Other,138.603,-34.876
Other,153.101,-27.504
Other,144.961,-37.812
Other,145.183,-37.856
IGA,153.029,-27.495
Other,152.853,-30.646
Other,153.441,-28.096
Other,138.547,-34.969
Other,138.662,-34.861
Aldi,145.173,-37.992
Other,114.63,-28.765
Other,145.094,-37.85
Woolworths,150.681,-33.802
Woolworths,150.746,-34.572
Woolworths,151.01,-33.815
Other,141.466,-31.956
Other,145.029,-37.739
Aldi,145.028,-37.738
Other,152.902,-25.284
Coles,152.834,-25.291
Other,133.964,-13.952
Other,151.085,-34.036
Other,152.84,-25.284
Other,152.659,-26.19
Other,151.15,-33.886
Other,151.202,-33.828
Other,115.861,-31.946
Other,153.45,-28.089
Other,151.154,-33.93
Other,151.938,-28.655
Other,151.943,-28.65
Other,144.956,-37.805
Other,151.763,-32.929
Other,138.624,-34.869
Woolworths,144.96,-37.77
Coles,152.983,-27.539
Coles,153.0,-27.424
IGA,151.137,-33.891
Coles,151.107,-33.688
Woolworths,153.012,-27.393
Woolworths,151.013,-33.952
Woolworths,153.117,-27.644
Woolworths,152.976,-27.269
Woolworths,153.049,-27.351
Other,115.839,-31.839
Coles,138.554,-34.963
Woolworths,144.921,-37.768
Coles,145.065,-37.793
Woolworths,151.009,-33.842
Woolworths,144.964,-37.744
IGA,144.219,-37.066
Woolworths,151.224,-33.832
Woolworths,144.893,-37.738
Woolworths,147.326,-42.895
Coles,147.329,-42.896
Woolworths,145.004,-37.751
Coles,153.013,-27.466
Aldi,145.239,-38.451
Other,138.566,-34.906
Woolworths,149.233,-35.35
Aldi,149.232,-35.349
Aldi,145.284,-38.035
Other,115.757,-32.071
Woolworths,145.294,-37.889
Woolworths,147.369,-35.106
Woolworths,145.127,-38.109
Aldi,145.161,-38.11
Other,145.145,-38.147
Coles,152.762,-27.615
Other,145.44,-37.933
Woolworths,152.938,-27.173
Woolworths,145.191,-38.309
Other,153.078,-27.374
Other,153.078,-27.375
Other,153.078,-27.376
Coles,144.949,-37.772
Coles,150.419,-34.48
IGA,143.257,-36.616
Aldi,150.416,-34.482
Aldi,153.009,-27.335
Woolworths,145.184,-37.837
Woolworths,149.139,-35.25
Aldi,144.344,-38.174
Woolworths,145.041,-37.889
Coles,145.039,-37.918
Woolworths,144.931,-37.831
Other,145.029,-37.806
Aldi,149.019,-35.221
Coles,138.539,-35.009
Other,152.94,-26.622
Woolworths,145.062,-37.982
Coles,145.064,-37.984
Aldi,153.008,-27.444
Woolworths,145.134,-37.853
Aldi,151.267,-33.766
IGA,144.217,-37.063
Other,138.591,-34.979
Woolworths,145.039,-37.935
Woolworths,145.944,-38.476
IGA,145.946,-38.479
Woolworths,145.59,-38.605
Woolworths,145.116,-38.054
Other,142.023,-37.742
Other,153.071,-27.378
Other,115.82,-31.943
Other,153.381,-27.648
Woolworths,146.652,-41.525
IGA,115.85,-32.012
Other,144.347,-38.197
Other,116.004,-31.891
Other,115.834,-32.011
Aldi,144.607,-37.887
IGA,145.241,-37.859
Woolworths,145.1,-37.705
Aldi,145.398,-36.384
IGA,152.956,-27.334
Other,145.138,-38.163
Woolworths,144.265,-36.767
Coles,144.283,-36.761
Coles,145.191,-38.306
IGA,144.887,-37.676
Coles,144.978,-37.798
Coles,144.83,-37.869
Other,146.327,-36.356
Other,115.968,-32.082
Woolworths,150.694,-34.054
Coles,150.694,-34.057
Aldi,150.757,-34.05
Aldi,143.855,-37.556
IGA,115.782,-32.075
IGA,115.841,-31.937
Other,115.841,-31.933
Other,144.564,-37.423
Other,138.602,-33.204
Woolworths,145.136,-37.023
IGA,145.017,-36.588
Aldi,145.289,-37.888
IGA,142.772,-34.583
IGA,144.325,-38.333
Woolworths,144.323,-38.331
Coles,144.32,-38.332
Woolworths,144.452,-37.249
Woolworths,145.15,-37.714
IGA,152.854,-26.365
Aldi,144.892,-37.784
Other,144.726,-37.58
Woolworths,144.728,-37.578
Other,144.346,-38.173
Other,138.489,-34.861
Aldi,153.081,-27.26
Woolworths,145.263,-37.841
Other,144.945,-37.759
Woolworths,142.196,-36.716
Woolworths,148.915,-34.846
IGA,150.908,-34.341
Aldi,148.913,-34.845
IGA,145.24,-38.456
Woolworths,147.16,-41.465
Other,144.738,-38.339
Coles,145.275,-37.884
Aldi,138.693,-34.792
Coles,146.259,-38.174
Woolworths,146.265,-38.175
Coles,144.337,-38.139
Other,132.775,-23.943
Other,130.552,-22.65
Woolworths,143.917,-35.734
Other,145.265,-38.033
Aldi,144.987,-38.33
Coles,145.856,-38.134
Woolworths,151.034,-33.954
IGA,145.358,-37.932
Woolworths,146.823,-41.107
Woolworths,143.585,-38.342
Woolworths,143.151,-38.232
IGA,150.924,-34.315
Other,150.894,-34.42
Aldi,150.893,-34.394
Aldi,145.266,-37.843
Other,145.265,-37.842
IGA,145.551,-37.953
Woolworths,145.353,-37.91
Woolworths,145.278,-37.884
Coles,144.142,-37.342
Woolworths,137.762,-32.49
Woolworths,142.78,-37.056
Other,144.437,-37.674
Woolworths,145.235,-37.921
Coles,143.863,-37.564
Coles,145.028,-37.739
Aldi,142.198,-36.718
Coles,145.069,-37.756
Aldi,145.069,-37.755
Coles,142.198,-36.714
Coles,145.042,-37.768
Coles,144.749,-36.131
Other,145.375,-37.657
Other,153.023,-27.678
Woolworths,145.056,-37.888
Other,127.542,-25.284
Woolworths,142.48,-38.378
Aldi,153.203,-27.715
Other,151.213,-33.7
Coles,144.917,-37.705
Woolworths,150.896,-34.427
Aldi,150.898,-34.428
Woolworths,150.894,-34.392
Other,145.118,-37.788
Other,151.088,-33.863
Aldi,151.088,-33.864
Woolworths,149.095,-35.366
Coles,143.869,-37.561
Woolworths,144.83,-38.372
Other,115.925,-31.877
Coles,138.76,-35.009
Other,116.006,-31.886
Woolworths,145.445,-37.928
Aldi,151.352,-32.834
Woolworths,145.147,-37.831
Woolworths,152.518,-32.201
Woolworths,153.503,-28.551
IGA,153.502,-28.553
Woolworths,145.041,-37.949
Coles,151.637,-33.091
Coles,144.948,-37.287
Coles,115.89,-31.916
Aldi,146.258,-38.175
Other,146.362,-38.16
Other,115.872,-31.934
IGA,115.871,-31.935
IGA,143.84,-37.559
Other,115.859,-31.947
Woolworths,143.83,-37.54
Aldi,143.842,-37.585
Other,143.859,-37.537
Aldi,143.817,-37.556
Other,115.855,-31.943
Coles,151.12,-34.042
Aldi,150.97,-33.816
Other,144.728,-37.894
Coles,151.011,-34.065
Aldi,153.041,-27.558
Woolworths,145.901,-41.07
IGA,145.331,-37.904
Aldi,145.124,-38.077
Coles,145.293,-38.085
Aldi,147.628,-37.825
Woolworths,147.627,-37.825
Coles,147.633,-37.825
Coles,145.029,-37.86
Other,145.104,-37.726
Other,145.463,-16.087
IGA,144.88,-37.798
Coles,151.057,-34.033
Coles,151.269,-33.785
Other,145.145,-38.147
Woolworths,147.325,-42.875
IGA,133.86,-23.71
IGA,152.353,-24.867
Other,117.4,-32.01
Coles,151.08,-33.772
Other,147.136,-41.422
Other,147.128,-41.385
Other,147.139,-41.375
Coles,147.132,-41.406
Other,138.505,-34.846
Other,143.042,-22.388
Woolworths,145.083,-37.813
Woolworths,145.094,-37.866
Coles,151.223,-33.831
Aldi,150.807,-34.063
Aldi,150.849,-34.029
Coles,151.465,-33.264
Woolworths,152.959,-27.597
Other,153.088,-26.526
Aldi,153.132,-27.629
Other,128.931,-26.067
Other,125.298,-18.671
Aldi,150.89,-33.893
Other,128.719,-24.348
Other,138.528,-34.852
Other,128.282,-25.998
Other,126.448,-18.782
Other,131.795,-22.253
Other,127.595,-20.103
Aldi,116.008,-32.22
Other,131.273,-23.266
Other,129.388,-23.276
Other,134.076,-24.674
Aldi,151.951,-27.594
Coles,145.266,-38.005
Coles,145.257,-37.797
IGA,143.383,-37.43
Other,144.269,-26.617
Other,145.269,-37.783
Aldi,145.003,-37.752
Other,137.849,-20.986
Other,134.936,-22.984
Woolworths,145.369,-38.044
Aldi,145.368,-38.045
Coles,147.139,-41.445
IGA,146.962,-36.729
Other,142.01,-29.436
Other,136.418,-13.851
Other,153.035,-27.502
Other,144.983,-37.783
Other,122.665,-16.981
Other,125.597,-18.3
Other,123.06,-16.446
Other,146.817,-41.201
Other,140.7,-38.053
Other,115.903,-32.068
Other,115.936,-32.104
Other,115.871,-32.09
Woolworths,138.49,-34.881
Coles,138.491,-34.881
Woolworths,153.033,-27.512
Other,143.861,-37.564
Woolworths,143.862,-37.564
Other,144.93,-37.674
Coles,149.082,-35.326
Aldi,149.094,-35.457
Woolworths,147.353,-42.847
Woolworths,150.83,-34.566
Woolworths,150.156,-33.482
Aldi,150.153,-33.488
Other,151.907,-27.931
Coles,150.921,-34.316
Woolworths,152.703,-25.536
Other,138.569,-34.894
IGA,149.052,-35.389
Woolworths,146.323,-36.354
Coles,151.216,-33.762
Woolworths,145.858,-38.136
Coles,143.84,-37.6
Woolworths,143.84,-37.586
Aldi,149.58,-33.42
Woolworths,145.003,-37.737
Woolworths,145.031,-37.806
Woolworths,145.152,-37.953
Woolworths,139.492,-20.728
Aldi,145.002,-37.74
Aldi,150.706,-33.755
Woolworths,148.024,-34.637
Other,141.918,-34.107
Aldi,150.801,-34.571
Coles,138.594,-34.885
Other,138.482,-34.839
Other,138.593,-34.861
Other,152.0,-32.736
Other,144.833,-37.784
Other,138.512,-34.868
Other,144.965,-37.675
Other,138.549,-34.925
Other,138.498,-34.925
Aldi,145.251,-38.078
Other,147.872,-42.559
IGA,147.914,-42.508
Other,145.692,-16.791
Coles,144.911,-37.744
IGA,145.934,-30.09
IGA,116.009,-29.211
Other,144.901,-37.799
Coles,149.845,-36.675
Other,144.902,-37.8
Aldi,151.588,-32.761
Other,144.931,-37.672
Woolworths,123.647,-17.309
Aldi,152.281,-27.557
Other,153.003,-28.619
Aldi,150.89,-33.789
Woolworths,144.802,-37.745
Aldi,152.994,-27.252
Other,115.858,-32.079
IGA,151.023,-33.891
Woolworths,146.17,-41.156
Woolworths,153.057,-27.451
Other,140.74,-34.178
Woolworths,144.751,-36.108
Other,151.016,-33.809
Other,150.938,-33.894
Other,150.939,-33.895
Other,150.939,-33.895
Woolworths,151.093,-33.859
Woolworths,150.081,-35.911
Other,145.177,-37.821
Other,145.175,-37.82
Other,145.748,-37.509
Aldi,150.892,-33.985
Other,147.854,-37.892
Woolworths,117.555,-33.692
Coles,145.238,-38.453
Aldi,151.034,-33.914
Other,138.474,-35.182
Woolworths,152.271,-25.232
Other,152.58,-27.461
Woolworths,139.987,-34.178
Other,141.989,-36.141
Coles,138.481,-35.138
Woolworths,138.478,-35.14
IGA,148.582,-20.401
Woolworths,138.524,-35.123
Woolworths,137.541,-33.021
Woolworths,138.01,-33.179
Other,144.591,-37.488
Other,144.996,-37.81
Coles,144.863,-37.767
Aldi,153.158,-27.702
Other,133.07,-14.927
Aldi,150.973,-33.714
Other,150.82,-34.026
Other,138.642,-34.949
Other,144.115,-36.055
Coles,143.557,-35.34
Other,140.57,-34.45
Other,140.57,-34.451
Woolworths,140.571,-34.451
Woolworths,144.752,-36.13
Aldi,144.572,-38.174
Woolworths,144.57,-38.172
Other,144.471,-38.187
Coles,144.454,-38.186
Other,144.39,-38.165
Aldi,144.344,-38.193
Other,144.343,-38.175
Coles,144.343,-38.174
Other,144.346,-38.172
Other,144.344,-38.174
Woolworths,144.323,-38.172
Other,144.372,-38.155
Woolworths,144.336,-38.146
Other,144.336,-38.156
Aldi,144.338,-38.14
Other,144.408,-38.023
IGA,144.334,-38.111
Aldi,144.38,-38.065
Aldi,144.335,-38.097
IGA,150.374,-34.548
Coles,150.372,-34.551
IGA,150.612,-34.169
Other,138.866,-35.047
Aldi,153.031,-27.392
IGA,144.996,-37.8
Coles,138.543,-35.217
Aldi,145.284,-38.112
Woolworths,153.05,-26.688
Other,138.594,-34.929
Aldi,149.102,-33.285
IGA,144.243,-36.795
IGA,153.183,-27.929
Other,145.426,-37.21
Other,151.352,-23.955
Other,145.635,-16.819
Other,136.492,-33.702
Woolworths,151.182,-33.899
Other,138.592,-34.867
Aldi,145.216,-37.983
Woolworths,146.959,-36.727
Other,138.674,-34.913
Aldi,151.042,-33.813
Aldi,150.891,-33.717
Woolworths,145.059,-37.695
Other,151.212,-23.997
Other,146.005,-36.009
Aldi,152.837,-25.29
Aldi,115.818,-32.067
Woolworths,153.046,-27.214
Aldi,150.794,-34.493
IGA,141.652,-36.333
Woolworths,151.32,-33.521
Coles,151.318,-33.521
Woolworths,135.859,-34.722
Coles,135.861,-34.723
Coles,142.16,-34.183
Other,145.059,-37.694
Woolworths,145.184,-38.102
Woolworths,115.794,-32.048
Woolworths,145.015,-37.672
Aldi,145.349,-37.761
Other,145.76,-16.91
Other,145.764,-16.913
Woolworths,137.715,-33.964
Woolworths,138.59,-34.968
Aldi,153.093,-27.227
Aldi,152.952,-27.559
Woolworths,142.518,-38.382
Woolworths,149.124,-36.233
Woolworths,146.398,-34.551
IGA,115.847,-32.16
Other,115.818,-32.119
Woolworths,145.028,-37.738
IGA,145.343,-41.892
Woolworths,152.843,-25.284
Other,151.14,-33.945
IGA,137.938,-35.718
Aldi,150.771,-33.77
Other,144.963,-37.763
Aldi,153.091,-30.355
Other,138.89,-34.601
Other,122.231,-17.967
Aldi,144.319,-38.196
Woolworths,145.167,-38.153
Aldi,151.527,-32.717
Woolworths,115.345,-33.649
IGA,116.034,-34.446
Aldi,144.949,-37.808
IGA,144.95,-37.805
Other,135.864,-34.725
Woolworths,144.907,-38.356
Other,145.368,-38.521
Other,138.042,-32.346
Other,143.841,-37.598
IGA,151.09,-33.965
Aldi,145.033,-37.956
Other,148.244,-20.016
Woolworths,150.85,-34.667
Aldi,150.837,-34.563
IGA,116.062,-32.714
Other,151.012,-33.886
Woolworths,146.976,-37.967
Other,146.977,-37.967
Other,140.838,-17.487
Aldi,152.455,-31.911
Other,150.181,-35.823
Aldi,142.933,-37.285
Other,142.931,-37.286
Other,150.913,-34.377
Other,118.863,-32.449
Woolworths,145.002,-37.937
Other,117.89,-34.657
IGA,147.253,-42.698
Aldi,144.894,-38.36
Woolworths,148.719,-20.27
Coles,151.05,-33.747
Woolworths,151.103,-33.914
Other,144.989,-37.744
IGA,147.494,-41.93
Aldi,145.455,-38.065
Coles,145.456,-38.063
Coles,145.507,-38.063
Woolworths,147.303,-42.858
Aldi,152.974,-27.153
Aldi,151.766,-32.93
Coles,152.907,-31.434
Other,145.226,-37.816
Other,138.573,-34.919
Aldi,145.133,-37.023
Aldi,152.965,-26.626
Aldi,144.243,-36.797
Aldi,151.746,-32.919
Aldi,151.738,-32.899
Coles,152.957,-26.627
Other,146.371,-33.299
IGA,146.374,-33.298
Coles,146.726,-36.561
Other,129.083,-24.874
Aldi,145.189,-38.309
IGA,143.801,-37.484
Woolworths,150.971,-33.713
Aldi,144.712,-37.578
Other,141.729,-13.354
IGA,144.965,-37.851
Other,144.964,-37.851
IGA,143.738,-37.048
Woolworths,140.79,-37.831
Woolworths,153.114,-30.297
Coles,153.119,-30.299
IGA,149.976,-32.859
Woolworths,147.531,-34.444
IGA,147.533,-34.449
Coles,146.554,-34.746
Woolworths,153.45,-28.09
IGA,113.685,-24.866
Other,151.012,-34.066
Coles,145.74,-16.989
Other,143.343,-12.785
Other,115.907,-31.847
IGA,145.177,-38.337
Other,152.348,-24.872
Other,152.912,-31.433
Other,138.875,-34.906
Aldi,152.385,-24.87
Other,152.406,-24.763
Other,152.284,-24.729
Woolworths,147.065,-42.783
Other,152.34,-24.882
Other,151.957,-24.991
Other,151.957,-24.991
Other,151.14,-33.895
Woolworths,150.913,-34.337
Woolworths,146.043,-34.285
Aldi,147.334,-35.137
Aldi,146.555,-38.193
Aldi,149.135,-36.231
Aldi,150.923,-33.869
Woolworths,151.734,-29.742
Other,117.354,-34.959
IGA,152.901,-31.435
Aldi,152.879,-31.428
IGA,147.583,-34.867
IGA,151.982,-28.036
IGA,151.269,-27.876
IGA,151.714,-32.924
Other,151.266,-27.875
Woolworths,145.647,-35.92
Other,145.648,-35.92
Woolworths,147.137,-41.441
Woolworths,151.739,-32.9
IGA,115.913,-31.919
IGA,152.277,-25.237
Woolworths,151.267,-33.788
Other,152.113,-24.721
Aldi,148.3,-34.311
Aldi,153.042,-27.342
Coles,153.043,-27.342
Other,119.38,-34.392
IGA,144.979,-37.794
Coles,145.007,-37.715
Other,113.538,-25.93
Other,113.53,-25.926
Aldi,151.12,-33.911
Other,145.729,-38.633
IGA,140.507,-20.706
Aldi,150.44,-34.447
Aldi,148.696,-33.837
Other,153.002,-27.486
Woolworths,151.207,-33.873
Woolworths,147.515,-41.162
IGA,153.093,-26.663
IGA,115.442,-29.19
IGA,115.763,-29.535
Aldi,153.004,-27.482
IGA,116.717,-30.892
Woolworths,150.603,-34.874
Woolworths,150.897,-33.954
Coles,153.026,-27.832
Aldi,115.943,-32.091
Other,117.084,-32.534
Aldi,150.981,-33.928
Aldi,150.604,-34.874
IGA,145.403,-36.353
Coles,145.022,-37.945
Coles,152.994,-27.241
Woolworths,145.358,-36.395
Aldi,145.359,-36.395
Other,117.626,-32.593
Coles,151.29,-33.752
IGA,118.394,-32.065
Other,151.281,-33.787
Aldi,152.948,-27.506
Other,116.475,-32.802
Aldi,145.063,-38.22
Woolworths,151.054,-33.815
Woolworths,144.653,-38.116
Aldi,150.805,-33.804
Coles,150.718,-33.74
Aldi,144.579,-37.683
IGA,150.713,-33.743
Other,147.261,-43.027
Other,145.282,-37.861
Woolworths,145.284,-37.862
Coles,153.066,-27.434
Other,140.775,-37.828
Aldi,152.741,-27.658
IGA,148.668,-31.71
Aldi,153.445,-28.074
Aldi,115.9,-31.9
Woolworths,151.02,-33.82
Woolworths,152.975,-27.553
Other,144.852,-37.816
Woolworths,152.951,-27.559
Other,143.67,-38.759
Coles,150.604,-34.874
Aldi,138.694,-34.83
Aldi,145.143,-37.962
IGA,148.185,-41.58
Other,150.816,-33.738
Coles,145.079,-37.63
Other,152.96,-26.688
Other,137.4,-34.991
Other,146.038,-34.286
IGA,146.608,-36.151
Woolworths,150.418,-34.481
Aldi,153.554,-28.85
Aldi,150.977,-33.883
Aldi,150.592,-34.225
Coles,115.908,-32.039
Other,151.708,-32.934
Woolworths,149.098,-33.284
Woolworths,151.182,-33.797
Woolworths,151.367,-33.386
IGA,149.104,-33.283
Aldi,144.751,-36.126
Aldi,138.503,-34.881
IGA,115.936,-31.914
Coles,150.304,-28.546
Other,138.207,-33.352
Coles,153.033,-27.386
IGA,153.494,-28.143
Woolworths,138.549,-34.874
IGA,153.563,-28.389
IGA,152.377,-27.087
Other,150.044,-30.704
Aldi,153.541,-28.203
Aldi,144.845,-37.845
IGA,147.737,-41.169
Aldi,142.028,-37.744
Other,145.185,-37.997
Coles,115.862,-31.981
Aldi,145.233,-37.901
Aldi,147.974,-37.882
Coles,153.057,-27.495
IGA,115.811,-31.881
Woolworths,138.857,-35.065
Other,146.735,-19.271
Other,147.119,-35.27
Woolworths,151.246,-23.896
Other,147.309,-42.878
Other,138.962,-34.524
Other,134.922,-12.105
Other,138.677,-34.925
Aldi,115.937,-32.022
Woolworths,146.004,-36.016
Other,139.046,-34.501
Woolworths,144.845,-37.843
Coles,138.516,-34.979
Aldi,152.695,-25.538
Other,146.94,-36.076
Other,152.856,-25.285
Other,144.896,-37.821
Coles,144.848,-37.828
Aldi,143.59,-38.342
Other,115.808,-32.298
Aldi,146.939,-36.047
Aldi,150.908,-33.928
IGA,139.295,-34.573
Woolworths,151.711,-32.941
Coles,151.711,-32.942
Woolworths,152.422,-27.563
IGA,151.354,-33.437
Other,146.693,-36.367
IGA,143.223,-37.948
Aldi,153.13,-30.283
Aldi,153.142,-27.466
Aldi,152.958,-27.4
Other,138.533,-35.03
Other,138.539,-35.009
IGA,138.53,-34.997
IGA,138.524,-34.987
Other,139.313,-34.913
Aldi,115.733,-32.532
Woolworths,153.018,-27.474
Woolworths,143.804,-37.592
Aldi,143.818,-37.536
IGA,145.729,-35.356
IGA,144.95,-36.251
Aldi,153.363,-28.074
Coles,153.35,-27.867
Other,152.976,-27.522
Aldi,151.36,-33.452
Other,152.991,-27.487
IGA,151.213,-33.878
Other,151.214,-33.881
Aldi,151.669,-30.517
Woolworths,153.162,-27.711
Coles,153.061,-26.714
Woolworths,149.84,-29.467
Other,138.641,-34.836
IGA,115.585,-31.496
Aldi,152.937,-29.687
Aldi,153.12,-26.804
Coles,145.038,-37.804
Aldi,145.121,-37.829
Coles,142.484,-38.382
Woolworths,138.612,-33.832
Coles,152.948,-27.533
Woolworths,150.905,-33.796
Other,138.837,-32.973
Other,153.012,-27.474
Other,152.992,-27.485
Other,139.985,-34.18
Woolworths,145.075,-37.649
IGA,149.798,-35.446
Other,152.834,-25.291
Other,145.153,-37.95
Other,147.721,-37.918
Aldi,140.61,-34.279
IGA,149.237,-35.423
Other,145.017,-37.672
Other,145.017,-37.674
Other,145.017,-37.674
Other,145.016,-37.674
Other,145.016,-37.673
Other,145.016,-37.673
Other,145.016,-37.673
IGA,144.254,-36.72
Other,145.001,-37.76
Other,145.119,-37.926
Other,145.119,-37.928
Other,145.119,-37.925
Other,145.119,-37.928
Other,145.212,-37.986
Other,145.212,-37.988
Other,145.212,-37.987
Other,145.176,-37.966
Other,145.09,-37.9
Aldi,138.618,-34.775
Other,145.203,-37.983
IGA,145.203,-37.983
IGA,131.009,-12.507
Aldi,138.69,-34.685
Other,130.993,-12.503
Woolworths,153.19,-30.112
Other,138.482,-35.131
Other,120.698,-27.917
Woolworths,144.892,-37.817
IGA,145.343,-37.811
IGA,151.186,-33.893
Other,151.18,-33.896
Coles,152.94,-27.506
Coles,152.919,-27.653
Aldi,153.095,-26.659
Aldi,138.495,-35.191
Aldi,151.327,-33.446
Coles,116.0,-32.069
IGA,138.515,-35.144
Other,143.787,-37.294
Other,143.351,-36.269
Other,143.349,-36.269
Woolworths,144.409,-38.023
Other,138.59,-34.946
Aldi,145.112,-37.773
Other,151.365,-33.432
Coles,153.0,-27.989
IGA,152.897,-30.452
Other,153.064,-27.422
Aldi,146.895,-36.138
Other,151.118,-34.026
Other,152.934,-27.608
Woolworths,151.662,-30.512
Other,151.034,-33.852
Other,151.664,-30.512
Other,151.665,-30.512
IGA,150.126,-36.165
Coles,152.973,-27.499
Woolworths,152.974,-27.498
Aldi,152.973,-27.501
Woolworths,150.25,-30.977
Aldi,150.252,-30.978
Coles,150.252,-30.976
IGA,146.627,-35.979
Other,151.668,-30.513
Coles,151.669,-30.513
Woolworths,144.33,-38.308
Woolworths,152.953,-27.117
Aldi,150.472,-35.359
IGA,153.318,-28.819
Other,139.852,-36.829
Woolworths,138.522,-35.016
Coles,146.739,-19.288
Other,144.271,-26.614
Coles,145.986,-36.55
Coles,152.584,-31.969
Woolworths,151.241,-33.915
Woolworths,152.974,-27.598
Coles,151.24,-33.916
Other,151.225,-23.875
Other,150.509,-23.357
Other,151.243,-23.864
Aldi,115.741,-31.741
IGA,151.636,-27.716
Woolworths,152.143,-32.722
Woolworths,146.801,-19.278
IGA,115.729,-32.277
Woolworths,151.171,-33.907
Aldi,151.173,-33.906
Other,153.092,-25.902
Woolworths,152.986,-25.971
Aldi,152.941,-27.084
Coles,145.077,-37.833
Other,150.91,-33.769
Other,151.141,-33.911
Other,144.832,-37.784
Other,145.001,-37.76
IGA,151.172,-33.899
Other,151.173,-33.899
Other,153.089,-26.397
Coles,151.539,-33.265
Woolworths,153.544,-28.172
Coles,153.544,-28.173
Aldi,138.657,-34.914
Aldi,150.858,-33.954
IGA,145.068,-37.879
Other,144.801,-37.744
IGA,144.8,-37.743
Aldi,152.967,-27.816
Other,144.798,-37.744
Other,144.806,-37.734
Aldi,138.609,-34.974
Other,144.901,-37.801
Other,144.901,-37.801
Other,144.997,-37.78
Other,144.899,-37.801
Other,115.782,-32.063
Other,145.058,-37.92
Other,145.116,-38.053
IGA,145.107,-38.037
Aldi,151.426,-33.281
Aldi,152.79,-27.611
Other,152.019,-29.054
Aldi,138.523,-34.935
Other,141.406,-37.584
Aldi,138.55,-34.875
Coles,115.744,-32.535
Woolworths,115.742,-32.535
Aldi,150.38,-34.546
Other,147.352,-42.813
Aldi,150.735,-34.041
Other,153.185,-27.518
Woolworths,151.466,-33.264
Other,152.96,-27.059
IGA,141.474,-31.938
Other,147.437,-42.736
Aldi,152.977,-27.347
Other,116.881,-33.026
Other,145.156,-38.165
Woolworths,142.159,-34.186
IGA,144.761,-37.868
IGA,153.06,-27.352
Coles,146.675,-19.2
Other,138.865,-35.079
Woolworths,150.332,-33.713
IGA,142.159,-34.187
Other,144.717,-37.626
Woolworths,150.843,-34.455
IGA,153.004,-25.915
IGA,152.909,-27.53
IGA,142.167,-34.232
Other,147.048,-43.032
Coles,151.461,-33.366
Aldi,145.034,-37.918
Other,147.295,-42.981
Other,145.123,-38.076
Aldi,115.974,-31.782
Aldi,115.743,-32.288
IGA,144.844,-34.507
Aldi,144.962,-37.723
Other,144.843,-34.51
Woolworths,145.069,-37.759
Aldi,116.058,-31.974
Other,150.986,-33.853
Coles,138.637,-35.535
Other,146.902,-34.357
Aldi,151.011,-34.018
Other,151.011,-34.017
Aldi,153.026,-27.508
Aldi,115.801,-31.705
IGA,147.256,-43.066
Woolworths,151.269,-33.885
IGA,147.077,-43.161
Other,152.468,-31.606
IGA,146.845,-41.525
Aldi,151.079,-33.924
Aldi,153.046,-27.639
Other,144.93,-37.788
IGA,153.368,-27.846
Other,152.515,-32.343
Other,147.297,-42.844
Other,147.297,-42.843
Other,138.955,-34.821
Aldi,140.783,-37.83
Aldi,144.54,-38.247
IGA,114.614,-28.774
Coles,151.472,-33.375
Woolworths,151.473,-33.374
Other,138.799,-35.02
Other,152.548,-28.472
Other,137.918,-34.423
Other,153.25,-27.639
Aldi,144.948,-37.288
Other,141.461,-31.961
IGA,151.229,-33.887
Woolworths,151.15,-33.917
IGA,151.143,-33.903
Coles,151.125,-33.926
Aldi,153.046,-28.866
IGA,152.034,-28.211
Woolworths,148.006,-33.385
Woolworths,148.175,-33.134
Other,145.058,-37.773
Coles,144.526,-37.358
Other,138.875,-34.953
Aldi,138.739,-34.621
IGA,144.614,-38.286
Aldi,138.01,-33.186
Other,116.015,-32.115
Other,115.951,-31.905
Other,138.52,-34.927
Woolworths,140.789,-37.83
Other,115.564,-33.554
Coles,147.275,-42.832
Woolworths,147.273,-42.832
Coles,153.102,-27.802
IGA,151.589,-33.069
Woolworths,151.659,-32.94
Aldi,151.66,-32.941
Other,149.032,-35.219
Aldi,138.628,-34.916
Aldi,153.279,-28.814
Other,145.37,-37.884
Other,144.283,-36.757
Other,145.923,-17.344
IGA,142.194,-34.174
Aldi,152.891,-25.292
Other,144.949,-37.847
Coles,145.035,-37.82
Woolworths,151.171,-33.861
Other,144.283,-36.761
Other,145.224,-37.818
Woolworths,116.008,-31.987
Coles,116.01,-31.987
IGA,115.707,-31.647
Aldi,148.175,-33.141
Coles,148.173,-33.135
Other,144.956,-37.841
Other,144.954,-37.842
Aldi,146.05,-34.297
Other,144.282,-36.761
Aldi,115.815,-32.244
Aldi,151.483,-32.819
Other,138.399,-30.592
IGA,138.51,-34.438
Other,144.348,-38.142
IGA,146.927,-43.164
IGA,115.724,-31.733
Other,138.864,-35.049
Aldi,137.711,-33.965
Other,144.814,-37.865
Aldi,153.219,-27.523
IGA,153.396,-28.327
IGA,152.056,-27.262
Other,145.035,-37.828
Aldi,151.952,-27.541
Coles,151.914,-27.565
Other,151.961,-27.544
Other,142.368,-10.851
Other,151.951,-27.558
IGA,153.095,-26.481
Aldi,153.099,-27.473
Coles,144.349,-38.17
Aldi,144.25,-36.717
Woolworths,153.583,-28.807
IGA,145.025,-37.873
Other,153.365,-27.629
IGA,150.538,-23.348
IGA,115.915,-31.963
Other,151.769,-32.935
Aldi,153.023,-27.192
Other,145.227,-36.44
IGA,145.229,-36.441
IGA,144.301,-35.905
Other,142.224,-10.57
Other,151.5,-30.642
Other,152.762,-27.604
Woolworths,145.411,-36.383
Coles,145.401,-36.383
IGA,147.044,-42.773
Coles,145.197,-38.151
Other,151.249,-33.908
Woolworths,144.953,-37.819
Other,142.21,-10.579
IGA,125.568,-18.195
Other,149.22,-35.358
IGA,145.379,-37.787
IGA,147.39,-35.121
Aldi,147.373,-35.116
Aldi,153.327,-28.821
Aldi,114.627,-28.777
Other,146.344,-41.187
IGA,153.35,-29.405
Aldi,151.099,-34.033
Other,152.966,-26.661
Other,138.601,-34.855
Aldi,138.702,-34.681
Other,152.845,-10.688
Other,144.892,-37.806
IGA,153.407,-28.328
Other,142.061,-34.168
Other,146.823,-41.098
IGA,153.038,-27.234
IGA,116.056,-31.972
Woolworths,150.596,-34.845
IGA,153.548,-28.541
Coles,151.478,-32.82
Other,135.757,-33.568
Coles,115.631,-32.63
IGA,115.639,-32.634
Aldi,138.645,-34.765
Coles,144.573,-38.174
Aldi,142.135,-34.206
IGA,117.181,-32.931
Aldi,138.484,-35.267
IGA,149.084,-35.45
Other,146.584,-25.796
IGA,138.654,-34.79
Other,144.994,-37.81
Other,144.916,-37.773
Other,145.049,-37.736
Other,133.087,-24.125
Coles,150.918,-31.077
Other,133.114,-14.555
Other,130.883,-16.448
IGA,136.891,-12.251
Other,135.251,-20.462
Other,132.572,-25.129
Other,153.073,-27.53
Woolworths,151.206,-33.914
Aldi,145.068,-37.975
Aldi,152.667,-26.201
IGA,150.076,-24.947
Woolworths,115.807,-32.081
Other,145.16,-38.118
IGA,145.012,-37.855
IGA,145.299,-37.844
Coles,151.11,-29.774
Coles,153.031,-27.403
Aldi,148.612,-32.246
Woolworths,150.756,-34.93
IGA,148.718,-34.436
Other,145.244,-37.83
Other,145.281,-37.798
Other,145.281,-37.798
Other,145.243,-37.819
IGA,150.599,-35.09
Coles,115.25,-33.674
Other,144.678,-37.463
Woolworths,150.788,-33.795
IGA,150.847,-33.842
Woolworths,153.131,-30.284
IGA,153.133,-30.283
Other,152.823,-25.268
IGA,145.294,-37.882
Coles,153.305,-27.925
Other,145.297,-37.883
Woolworths,145.208,-38.141
IGA,143.366,-37.686
IGA,147.361,-42.851
IGA,143.684,-37.646
Aldi,150.801,-34.085
IGA,147.266,-42.748
Woolworths,151.112,-29.771
Coles,151.742,-32.901
Woolworths,144.995,-37.915
Other,115.838,-31.921
Woolworths,115.763,-32.103
Aldi,145.111,-37.728
IGA,151.081,-28.415
Other,151.081,-28.415
Woolworths,145.056,-37.96
Other,142.189,-34.307
Other,142.188,-34.305
Other,151.142,-33.728
IGA,145.129,-37.758
Other,152.625,-27.938
Aldi,144.371,-38.231
Aldi,151.943,-27.453
Other,148.191,-32.724
Other,144.797,-37.744
Other,144.804,-37.744
IGA,149.442,-35.256
Other,145.126,-38.104
Other,146.986,-37.96
Aldi,138.643,-34.948
IGA,146.947,-36.179
Woolworths,152.499,-32.176
Aldi,138.574,-34.996
Other,147.32,-42.892
Woolworths,152.895,-31.427
IGA,149.145,-35.262
Other,115.752,-33.271
Woolworths,145.143,-38.068
IGA,116.019,-31.953
Aldi,145.514,-37.654
Woolworths,151.155,-33.911
Other,151.155,-33.912
Other,151.155,-33.912
Coles,145.315,-37.785
Other,151.158,-33.911
Woolworths,151.198,-33.786
Aldi,153.395,-27.947
Other,141.464,-31.956
IGA,145.252,-37.812
Aldi,150.71,-33.72
Woolworths,150.711,-33.72
Other,145.25,-37.813
Other,151.155,-33.912
Other,145.27,-37.812
Other,145.27,-37.812
Aldi,115.64,-31.548
Other,145.314,-37.785
Other,145.401,-36.384
Other,118.148,-31.879
Other,152.566,-26.945
Other,143.99,-38.243
IGA,143.99,-38.244
Other,145.31,-37.784
Other,145.311,-37.786
Other,145.311,-37.786
IGA,153.007,-26.688
Other,115.944,-32.026
Coles,145.097,-37.824
Coles,115.849,-31.91
IGA,144.266,-36.74
Aldi,153.026,-27.574
Other,145.309,-37.803
Coles,115.782,-32.064
Aldi,151.188,-33.795
Other,145.233,-37.848
Aldi,144.318,-38.311
Other,150.972,-33.809
Woolworths,145.232,-37.898
Other,139.454,-35.254
Aldi,150.997,-33.849
Other,152.481,-27.554
Other,151.64,-32.876
Other,151.247,-33.963
Other,144.344,-38.173
Aldi,151.264,-27.182
Other,133.069,-14.925
Other,152.001,-26.669
IGA,145.382,-38.214
Woolworths,145.158,-37.789
IGA,145.25,-37.894
IGA,151.612,-32.91
Other,115.939,-32.108
Woolworths,144.961,-37.535
Aldi,138.638,-35.53
Other,138.621,-35.348
Other,150.6,-35.157
Other,152.854,-26.758
Other,132.837,-12.664
Other,138.684,-34.876
IGA,151.108,-33.824
Other,150.229,-35.792
Aldi,144.592,-37.489
Coles,153.061,-27.59
IGA,153.409,-27.971
Other,146.562,-38.179
Aldi,139.263,-35.123
Other,115.848,-31.845
Coles,152.032,-28.215
Woolworths,152.031,-28.215
Other,152.033,-28.215
Other,144.952,-37.732
Woolworths,138.875,-35.089
Coles,121.473,-30.75
IGA,144.207,-36.743
Aldi,149.198,-35.38
Woolworths,144.319,-38.199
Coles,144.317,-38.2
Woolworths,152.992,-27.485
Other,152.992,-27.485
Coles,152.993,-27.485
Other,151.103,-33.91
Other,116.003,-32.072
IGA,153.337,-27.892
Coles,152.978,-27.493
Aldi,150.926,-31.085
Coles,130.881,-12.377
Woolworths,130.881,-12.373
Other,145.213,-37.954
Other,153.404,-27.5
IGA,145.247,-37.828
IGA,145.247,-37.828
Other,146.241,-26.407
Woolworths,115.076,-33.951
Woolworths,152.755,-31.635
Woolworths,152.948,-27.507
Other,145.221,-37.877
Other,145.222,-37.877
IGA,152.828,-31.458
Other,115.858,-31.947
Other,142.74,-37.548
Woolworths,151.209,-33.739
Aldi,151.211,-33.739
Aldi,138.554,-34.966
Aldi,115.754,-32.314
Woolworths,145.774,-17.087
IGA,148.026,-34.636
Woolworths,153.096,-27.709
Other,142.247,-10.594
Woolworths,152.319,-24.888
Aldi,152.318,-24.89
Other,145.464,-24.424
Woolworths,149.065,-35.239
Coles,149.065,-35.238
Other,149.065,-35.238
Aldi,149.064,-35.238
IGA,140.517,-35.329
Other,149.065,-35.245
Other,152.355,-24.879
Aldi,115.785,-32.096
Woolworths,144.727,-36.137
Other,129.521,-14.239
Aldi,115.759,-32.409
Woolworths,115.759,-32.408
Coles,115.76,-32.41
Woolworths,150.919,-31.091
Other,145.273,-37.882
Other,145.273,-37.883
Aldi,153.12,-27.645
Woolworths,153.034,-27.422
Aldi,153.035,-27.423
Coles,153.035,-27.422
Other,144.933,-37.61
Other,141.072,-17.676
IGA,151.874,-26.319
Other,145.451,-38.079
Woolworths,151.147,-33.713
IGA,115.763,-32.296
Coles,153.026,-27.509
Coles,115.938,-32.106
Woolworths,115.858,-32.064
Aldi,153.116,-27.681
Aldi,144.652,-37.835
Other,144.864,-37.783
Coles,145.183,-37.855
Aldi,145.182,-37.856
Other,151.123,-24.862
Other,145.314,-37.786
IGA,146.202,-38.653
Other,146.201,-38.652
Other,149.143,-35.328
Woolworths,146.534,-38.196
Coles,145.313,-37.757
Woolworths,145.314,-37.758
Aldi,138.534,-34.905
Other,153.012,-27.478
Woolworths,153.011,-27.478
Other,138.913,-34.344
Aldi,145.312,-37.756
Aldi,149.17,-21.106
IGA,152.343,-24.856
Other,149.101,-35.16
Woolworths,116.164,-31.901
Coles,150.311,-33.714
IGA,150.388,-23.645
Other,150.622,-34.904
Aldi,150.521,-23.357
Aldi,150.506,-23.397
IGA,152.612,-28.391
Other,145.252,-37.861
Woolworths,144.222,-37.068
Woolworths,153.092,-26.693
Other,144.301,-32.901
Woolworths,144.984,-37.798
Other,135.036,-22.613
Aldi,151.937,-28.655
IGA,151.936,-28.656
Other,141.457,-31.94
Other,141.469,-31.954
IGA,115.892,-31.929
Coles,150.741,-33.998
Woolworths,150.741,-34.0
Other,152.675,-26.46
Coles,151.64,-32.777
Other,138.635,-34.859
Other,115.825,-31.95
Other,151.122,-25.372
Other,151.299,-25.592
Other,144.945,-37.705
Other,150.498,-23.369
Woolworths,148.292,-34.311
IGA,148.296,-34.313
Woolworths,151.302,-33.675
Other,130.856,-12.398
IGA,144.59,-37.855
Woolworths,145.067,-37.743
IGA,145.389,-38.066
Other,147.357,-32.244
Aldi,145.346,-38.118
IGA,150.869,-33.763
IGA,146.573,-38.126
Other,151.558,-32.728
Other,115.907,-31.857
Other,144.984,-37.803
Woolworths,116.015,-32.149
Other,116.015,-32.149
Other,133.056,-12.327
IGA,147.414,-19.662
Other,115.949,-31.936
Other,151.55,-33.267
Other,142.139,-34.207
Coles,147.359,-35.076
IGA,139.252,-35.128
Woolworths,115.817,-32.333
Aldi,115.816,-32.332
Coles,115.815,-32.332
Other,145.269,-37.784
Aldi,144.741,-37.838
IGA,147.15,-33.089
Woolworths,144.372,-38.231
IGA,119.024,-33.094
Other,117.16,-33.834
IGA,150.608,-34.855
Other,115.774,-32.549
Other,147.578,-38.051
Woolworths,150.806,-33.701
Other,151.045,-33.795
Coles,115.873,-32.628
Other,153.198,-29.456
Other,145.113,-37.772
Woolworths,115.672,-31.592
Aldi,153.545,-28.172
Woolworths,153.023,-27.531
Coles,145.092,-37.765
Other,145.092,-37.766
Coles,144.957,-37.468
Other,143.957,-35.525
IGA,144.332,-36.666
Aldi,116.015,-32.154
Coles,116.016,-32.152
Aldi,151.321,-33.522
Coles,153.002,-27.468
Woolworths,149.019,-35.194
Aldi,153.015,-27.239
IGA,150.984,-33.913
Coles,153.027,-27.243
Other,152.988,-27.468
Coles,152.931,-27.405
